{
  "id": "train_003",
  "source_dir": "result_IS1001c",
  "notion_output": "```json\n{\n    \"project_name\": \"혁신적 리모컨 디자인 프로젝트\",\n    \"project_purpose\": \"사용자 친화적이고 비용 효율적인 리모컨 개발\",\n    \"project_period\": \"2025.01.01 ~ 2025.03.31\",\n    \"project_manager\": \"압둘 알-하스레드\",\n    \"core_objectives\": [\n        \"목표 1: 단순하고 직관적인 사용자 인터페이스 설계\",\n        \"목표 2: 휠과 버튼을 활용한 혁신적 조작 방식 구현\",\n        \"목표 3: 생산 비용을 12유로 이하로 유지\"\n    ],\n    \"core_idea\": \"휠과 버튼을 결합한 직관적이고 혁신적인 리모컨 디자인\",\n    \"idea_description\": \"리모컨의 휠과 버튼을 통해 사용자가 쉽게 조작할 수 있도록 하며, 백라이트 기능을 추가하여 어두운 환경에서도 쉽게 찾을 수 있도록 설계. 또한, 과일과 채소 테마를 활용한 디자인으로 시각적 매력을 높임.\",\n    \"execution_plan\": \"1단계: 디자인 컨셉 확립 (2025.01.01 ~ 2025.01.15)\\n2단계: 프로토타입 개발 및 테스트 (2025.01.16 ~ 2025.02.15)\\n3단계: 최종 디자인 및 생산 준비 (2025.02.16 ~ 2025.03.15)\\n4단계: 제품 출시 및 마케팅 (2025.03.16 ~ 2025.03.31)\",\n    \"expected_effects\": [\n        \"기대효과 1: 사용자 경험 개선을 통한 시장 점유율 증가\",\n        \"기대효과 2: 혁신적 디자인으로 브랜드 이미지 강화\",\n        \"기대효과 3: 비용 효율적 생산으로 수익성 향상\"\n    ]\n}\n```",
  "prd_output": "```json\n{\n    \"overview\": \"파싱된 프로젝트는 회의 내용을 기반으로 프로젝트를 관리하는 도구입니다. 이 도구는 회의에서 논의된 내용을 자동으로 파싱하여 프로젝트로 변환함으로써 팀의 효율성을 높이고, 프로젝트 관리의 복잡성을 줄이는 것을 목표로 합니다. 타겟 사용자는 프로젝트 매니저와 팀원들로, 이 도구를 통해 회의 후속 작업을 보다 체계적으로 관리할 수 있습니다. 주요 가치 제안은 회의 내용을 자동으로 프로젝트로 변환하여 시간 절약과 효율적인 관리입니다.\",\n    \"core_features\": \"1. 회의 내용 파싱: 회의 기록을 자동으로 분석하여 프로젝트의 주요 과제를 도출합니다. 2. 자동 프로젝트 생성: 파싱된 내용을 기반으로 프로젝트와 관련된 작업 항목을 자동으로 생성합니다. 3. 실시간 업데이트: 회의 중 실시간으로 내용을 업데이트하고 반영합니다. 각 기능은 사용자의 입력을 최소화하고, 자동화된 프로세스를 통해 프로젝트 관리의 효율성을 극대화합니다.\",\n    \"user_experience\": \"사용자는 회의가 끝난 후, 회의 기록을 시스템에 업로드합니다. 시스템은 이를 분석하여 프로젝트의 주요 과제를 자동으로 생성합니다. 페르소나는 프로젝트 매니저와 팀원으로, 주요 플로우는 회의 기록 업로드, 파싱 결과 확인, 자동 생성된 프로젝트 관리입니다. UI/UX는 직관적이고 사용하기 쉬운 인터페이스를 제공하여 사용자가 쉽게 접근할 수 있도록 설계됩니다.\",\n    \"technical_architecture\": \"시스템은 클라우드 기반으로 설계되며, 주요 구성 요소로는 데이터 파싱 모듈, 프로젝트 생성 엔진, 사용자 인터페이스가 포함됩니다. 데이터 모델은 회의 기록, 프로젝트 과제, 사용자 정보로 구성되며, API는 외부 회의 기록 시스템과의 통합을 지원합니다. 인프라 요구사항은 AWS 또는 Azure와 같은 클라우드 플랫폼을 활용하여 확장성과 안정성을 보장합니다.\",\n    \"development_roadmap\": \"MVP 요구사항은 회의 기록 파싱 및 자동 프로젝트 생성 기능을 포함합니다. 향후 개선사항으로는 다국어 지원, AI 기반의 회의 내용 요약 기능이 있습니다. 단계별 개발 범위는 초기 MVP 개발, 사용자 피드백 수집, 기능 개선 및 확장으로 나뉩니다.\",\n    \"logical_dependency_chain\": \"개발 순서는 데이터 파싱 모듈 개발, 프로젝트 생성 엔진 구현, 사용자 인터페이스 설계 및 개발 순으로 진행됩니다. 기초 기능 우선순위는 파싱 정확도와 자동 생성의 신뢰성입니다. 점진적 개발 방식으로 각 기능을 단계적으로 통합합니다.\",\n    \"risks_and_mitigations\": \"기술적 도전은 회의 내용의 정확한 파싱과 프로젝트 생성의 자동화입니다. MVP 정의는 기본적인 파싱 및 프로젝트 생성 기능을 포함하며, 자원 제약사항은 개발 인력과 시간입니다. 이를 완화하기 위해 초기에는 핵심 기능에 집중하고, 사용자 피드백을 통해 개선점을 도출합니다.\",\n    \"appendix\": \"추가 정보로는 회의 기록 파싱 관련 최신 연구 결과와 기술 사양이 포함됩니다. 참고 자료로는 유사 프로젝트 사례 연구와 업계 표준이 제공됩니다.\"\n}\n```",
  "quality_metrics": {
    "final_score": 6.0,
    "is_production_ready": true,
    "iterations_used": 1,
    "is_high_quality": false
  },
  "metadata": {
    "source_file": "../batch_triplet_results\\result_IS1001c\\05_final_result.json",
    "utterance_count": 180,
    "transcript_length": 6332,
    "speakers": [
      "Speaker_A",
      "Speaker_B",
      "Speaker_D",
      "Speaker_C"
    ],
    "dataset_type": "train",
    "processing_date": "2025-07-31T10:50:43.113245"
  }
}