{
  "id": "train_248",
  "source_dir": "result_IS1006c",
  "notion_output": "```json\n{\n    \"project_name\": \"스마트 사용자 맞춤형 리모컨 개발 프로젝트\",\n    \"project_purpose\": \"사용자의 편의성과 만족도를 극대화하는 맞춤형 리모컨을 개발하여 시장에서의 경쟁력을 강화한다.\",\n    \"project_period\": \"2024.01.01 ~ 2024.06.30\",\n    \"project_manager\": \"라마\",\n    \"core_objectives\": [\n        \"목표 1: 다양한 소재와 디자인 옵션을 반영한 사용자 맞춤형 리모컨 디자인 개발\",\n        \"목표 2: 저비용 고효율의 에너지 솔루션 구현\",\n        \"목표 3: 사용자 맞춤형 기능을 통한 사용 편의성 극대화\"\n    ],\n    \"core_idea\": \"고급 소재와 사용자 맞춤형 기능을 통합한 스마트 리모컨 개발\",\n    \"idea_description\": \"리모컨에 조명 기능을 통합하고, 간단한 푸시 버튼 및 프로그래밍 가능 칩을 사용하여 사용자 맞춤형 경험을 제공한다. 티타늄과 고무를 포함한 다양한 소재를 사용하여 제품의 내구성과 미적 가치를 높인다. 또한, 리모컨이 사용자의 채널 선호도와 볼륨 레벨을 학습하여 맞춤형 사용 방법을 제공한다.\",\n    \"execution_plan\": \"1단계: 디자인 및 프로토타입 개발 (2024.01.01 ~ 2024.02.28)\\n2단계: 기술 사양 확정 및 부품 조달 (2024.03.01 ~ 2024.03.31)\\n3단계: 제품 제작 및 테스트 (2024.04.01 ~ 2024.05.15)\\n4단계: 시장 출시 및 피드백 수집 (2024.05.16 ~ 2024.06.30)\",\n    \"expected_effects\": [\n        \"기대효과 1: 사용자 맞춤형 리모컨을 통한 고객 만족도 증가\",\n        \"기대효과 2: 저비용 에너지 솔루션으로 인한 생산 비용 절감\",\n        \"기대효과 3: 혁신적인 디자인으로 인한 브랜드 이미지 강화\"\n    ],\n    \"material_options\": [\n        {\n            \"material\": \"티타늄\",\n            \"advantages\": \"고급스러운 외관과 높은 내구성\",\n            \"disadvantages\": \"비용이 높음\"\n        },\n        {\n            \"material\": \"고무\",\n            \"advantages\": \"유연성과 스폰지 같은 촉감 제공\",\n            \"disadvantages\": \"비용이 높을 수 있음\"\n        }\n    ],\n    \"customizable_features\": [\n        \"조명 기능 통합\",\n        \"사용자 채널 및 볼륨 선호도 학습\",\n        \"다양한 색상 옵션 제공\"\n    ],\n    \"energy_solution\": \"간단한 배터리 또는 전통적인 태양 전지를 사용하여 저비용 고효율의 에너지 솔루션 제공\"\n}\n```",
  "prd_output": "```json\n{\n    \"overview\": \"파싱된 프로젝트는 회의 내용을 기반으로 한 프로젝트로, 회의에서 논의된 사항들을 체계적으로 관리하고 실행할 수 있도록 돕습니다. 주로 프로젝트 매니저와 팀 리더를 타겟으로 하며, 회의에서 나온 아이디어와 결정을 효과적으로 추적하고 실행할 수 있는 가치를 제공합니다.\",\n    \"core_features\": \"1. 회의 내용 파싱: 회의 중 논의된 내용을 자동으로 텍스트로 변환하고 구조화합니다. 2. 프로젝트 생성 및 관리: 파싱된 내용을 기반으로 프로젝트를 생성하고 관리할 수 있습니다. 3. 알림 및 업데이트: 프로젝트 진행 상황과 관련된 알림을 제공합니다.\",\n    \"user_experience\": \"사용자는 회의가 끝난 후 자동으로 생성된 프로젝트를 확인하고, 필요한 경우 수동으로 수정할 수 있습니다. 주요 페르소나는 프로젝트 매니저이며, 직관적이고 간단한 UI를 통해 빠르게 프로젝트를 생성하고 관리할 수 있습니다.\",\n    \"technical_architecture\": \"시스템은 음성 인식 API를 통해 회의 내용을 텍스트로 변환하고, 이를 데이터베이스에 저장합니다. 프론트엔드는 React를 사용하고, 백엔드는 Node.js 기반으로 설계됩니다. 클라우드 인프라는 AWS를 사용합니다.\",\n    \"development_roadmap\": \"1단계: 음성 인식 및 텍스트 변환 기능 구현. 2단계: 프로젝트 생성 및 관리 기능 추가. 3단계: 사용자 알림 시스템 구현. 향후 개선사항으로는 다국어 지원 및 AI 기반 분석 기능 추가가 있습니다.\",\n    \"logical_dependency_chain\": \"먼저 음성 인식 기능을 구현하고, 이를 기반으로 텍스트 변환 및 저장 기능을 개발합니다. 이후 프로젝트 생성 및 관리 기능을 추가하며, 마지막으로 알림 시스템을 구축합니다.\",\n    \"risks_and_mitigations\": \"기술적 도전은 음성 인식의 정확도이며, 이를 위해 최신 음성 인식 API를 사용합니다. MVP는 음성 인식 및 프로젝트 생성 기능으로 정의됩니다. 자원 제약사항으로는 초기 개발 인력 부족이 있으며, 외부 개발자 채용을 고려합니다.\",\n    \"appendix\": \"추가 정보로는 음성 인식 기술 연구 자료와 관련 API의 기술 사양이 포함됩니다.\"\n}\n```",
  "quality_metrics": {
    "final_score": 6.0,
    "is_production_ready": true,
    "iterations_used": 2,
    "is_high_quality": false
  },
  "metadata": {
    "source_file": "../batch_triplet_results\\result_IS1006c\\05_final_result.json",
    "utterance_count": 227,
    "transcript_length": 7673,
    "speakers": [
      "Speaker_B",
      "Speaker_D",
      "Speaker_C",
      "Speaker_A"
    ],
    "dataset_type": "train",
    "processing_date": "2025-07-31T15:45:59.426142"
  }
}