{
  "id": "train_040",
  "source_dir": "result_TS3010c",
  "notion_output": "```json\n{\n    \"project_name\": \"차세대 스마트 리모컨 개발 프로젝트\",\n    \"project_purpose\": \"사용자 친화적인 인터페이스와 최신 트렌드를 반영하여 젊은 층을 타겟으로 한 혁신적인 리모컨 개발\",\n    \"project_period\": \"2024.01.01 ~ 2024.06.30\",\n    \"project_manager\": \"Speaker_A\",\n    \"core_objectives\": [\n        \"목표 1: LCD 화면과 스크롤 버튼을 활용한 직관적이고 혁신적인 사용자 인터페이스 개발\",\n        \"목표 2: 젊은 층의 선호를 반영한 트렌디한 디자인 구현\",\n        \"목표 3: 비용 효율적인 부품 사용으로 생산 비용 절감 및 가격 경쟁력 확보\",\n        \"목표 4: 다양한 배터리 옵션과 충전 방식을 통한 사용자 편의성 증대\"\n    ],\n    \"core_idea\": \"LCD와 스크롤 버튼을 활용한 혁신적인 리모컨 디자인으로 사용자 경험을 개선하고, 젊은 층의 선호를 반영한 색상과 디자인을 적용하여 시장 경쟁력을 강화합니다.\",\n    \"idea_description\": \"리모컨에 LCD 화면과 스크롤 버튼을 도입하여 사용자 경험을 개선하며, 젊은 층의 선호를 반영한 원색의 부드러운 매트 소재와 곡선형 디자인을 적용합니다. 또한, 다양한 배터리 옵션과 충전 방식을 제공하여 사용자 편의성을 높입니다.\",\n    \"execution_plan\": [\n        \"1단계: 시장 조사 및 트렌드 분석 (2024.01.01 ~ 2024.01.31) - 최신 트렌드와 사용자 요구를 분석하여 디자인 방향 설정\",\n        \"2단계: 디자인 컨셉 개발 및 프로토타입 제작 (2024.02.01 ~ 2024.03.15) - 젊은 층을 타겟으로 한 색상 및 디자인 요소 반영\",\n        \"3단계: 부품 선정 및 비용 분석 (2024.03.16 ~ 2024.04.15) - LCD, 스크롤 버튼, 배터리 등 부품의 기술적 요구사항 및 비용 분석\",\n        \"4단계: 시제품 테스트 및 피드백 수집 (2024.04.16 ~ 2024.05.15) - 사용자 피드백을 통해 디자인 및 기능 개선\",\n        \"5단계: 최종 디자인 확정 및 생산 준비 (2024.05.16 ~ 2024.06.30) - 최종 디자인 확정 및 대량 생산 준비\"\n    ],\n    \"expected_effects\": [\n        \"기대효과 1: 사용자 인터페이스 개선으로 인한 고객 만족도 증가\",\n        \"기대효과 2: 트렌디한 디자인으로 젊은 소비자층의 관심 유도\",\n        \"기대효과 3: 비용 절감을 통한 가격 경쟁력 확보\",\n        \"기대효과 4: 다양한 배터리 옵션과 충전 방식으로 사용자 편의성 증대\"\n    ],\n    \"technical_requirements\": {\n        \"LCD\": \"고급 칩 필요, 비용이 더 비쌈\",\n        \"스크롤 버튼\": \"일반 칩 사용, 비용 효율적\",\n        \"배터리\": \"일반 배터리 사용, 슈퍼마켓에서 쉽게 구매 가능, 흔들면 충전되는 옵션 고려\"\n    },\n    \"design_elements\": {\n        \"색상\": \"원색(노란색, 빨간색 등) 사용, 젊은 층 선호 반영\",\n        \"재질\": \"부드러운 매트 소재, 곡선형 디자인\",\n        \"형태\": \"플레이스테이션 및 닌텐도 스타일의 조이스틱 포함\"\n    }\n}\n```",
  "prd_output": "```json\n{\n    \"overview\": \"파싱된 프로젝트는 회의 내용을 기반으로 프로젝트를 생성하는 것을 목표로 합니다. 이 프로젝트는 회의에서 논의된 내용을 자동으로 파싱하여 프로젝트 관리에 필요한 정보를 추출하고 구성합니다. 타겟 사용자는 회의 내용을 효율적으로 관리하고자 하는 기업 및 팀입니다. 이 프로젝트는 시간 절약과 정보의 체계적 관리를 통해 업무 효율성을 높이는 가치를 제공합니다.\",\n    \"core_features\": \"1. 자동 파싱 기능: 회의 내용을 자동으로 파싱하여 프로젝트의 핵심 정보를 추출합니다. 2. 프로젝트 생성: 파싱된 정보를 기반으로 자동으로 프로젝트를 생성합니다. 3. 사용자 맞춤형 설정: 사용자가 필요에 따라 파싱 및 프로젝트 생성 규칙을 설정할 수 있습니다.\",\n    \"user_experience\": \"사용자는 회의 내용을 업로드하면 시스템이 자동으로 파싱하여 프로젝트를 생성합니다. 주요 페르소나는 프로젝트 관리자와 팀 리더로, 이들은 회의 후 빠르게 프로젝트를 구성하고 팀에 할당할 수 있습니다. UI/UX는 직관적이고 사용자가 쉽게 접근할 수 있도록 설계됩니다.\",\n    \"technical_architecture\": \"시스템은 자연어 처리(NLP) 모듈을 통해 회의 내용을 분석합니다. 데이터 모델은 프로젝트 관리 도구와의 통합을 고려하여 설계됩니다. API는 외부 회의 기록 도구와의 연동을 지원하며, 인프라는 클라우드 기반으로 확장성을 제공합니다.\",\n    \"development_roadmap\": \"MVP는 기본적인 회의 내용 파싱 및 프로젝트 생성 기능을 포함합니다. 이후 단계에서는 사용자 맞춤형 설정 기능과 다양한 회의 기록 도구와의 통합을 추가할 예정입니다.\",\n    \"logical_dependency_chain\": \"1. NLP 모듈 개발 2. 기본 프로젝트 생성 기능 구현 3. 사용자 맞춤형 설정 기능 추가 4. 외부 도구와의 API 연동\",\n    \"risks_and_mitigations\": \"기술적 도전은 NLP의 정확도와 다양한 회의 형식 지원입니다. MVP는 기본적인 파싱 정확도를 목표로 하며, 자원 제약사항은 클라우드 인프라 비용과 개발 인력입니다.\",\n    \"appendix\": \"추가 정보로는 NLP 기술 연구 결과와 프로젝트 관리 도구 통합 사양이 포함됩니다.\"\n}\n```",
  "quality_metrics": {
    "final_score": 6.0,
    "is_production_ready": true,
    "iterations_used": 2,
    "is_high_quality": false
  },
  "metadata": {
    "source_file": "../batch_triplet_results\\result_TS3010c\\05_final_result.json",
    "utterance_count": 252,
    "transcript_length": 8294,
    "speakers": [
      "Speaker_B",
      "Speaker_D",
      "Speaker_C",
      "Speaker_A"
    ],
    "dataset_type": "train",
    "processing_date": "2025-07-31T11:33:26.533237"
  }
}