{
  "id": "train_200",
  "source_dir": "result_IS1002c",
  "notion_output": "```json\n{\n    \"project_name\": \"혁신적인 TV 리모컨 개발 프로젝트\",\n    \"project_purpose\": \"기존 제품과 차별화된 기능을 갖춘 TV 리모컨을 개발하여 시장 경쟁력을 확보하고, 사용자 경험을 향상시키는 것\",\n    \"project_period\": \"2024.01.01 ~ 2024.06.30\",\n    \"project_manager\": \"Speaker_A\",\n    \"core_objectives\": [\n        \"목표 1: 사용자 인터페이스 개선을 통한 사용 편의성 증대\",\n        \"목표 2: 친환경 소재 사용을 통한 지속 가능성 강화\",\n        \"목표 3: 차별화된 마케팅 전략 수립으로 시장 점유율 확대\"\n    ],\n    \"core_idea\": \"스크롤 휠과 친환경 소재를 활용한 혁신적인 TV 리모컨\",\n    \"idea_description\": \"이 프로젝트는 스크롤 휠을 통해 사용자가 직관적으로 볼륨 및 채널을 조절할 수 있는 기능을 제공하며, 나무와 같은 친환경 소재를 사용하여 제품의 지속 가능성을 강조합니다. 또한, 고무 껍질과 플라스틱 내부 구조를 통해 내구성을 강화하고, 백라이트 버튼을 추가하여 사용성을 개선합니다.\",\n    \"execution_plan\": \"1단계: 시장 조사 및 요구사항 분석 (2024.01.01 ~ 2024.01.31)\\n2단계: 제품 디자인 및 프로토타입 개발 (2024.02.01 ~ 2024.03.31)\\n3단계: 사용자 테스트 및 피드백 반영 (2024.04.01 ~ 2024.04.30)\\n4단계: 최종 제품 개발 및 생산 준비 (2024.05.01 ~ 2024.05.31)\\n5단계: 마케팅 전략 수립 및 제품 출시 (2024.06.01 ~ 2024.06.30)\",\n    \"expected_effects\": [\n        \"기대효과 1: 사용자 경험 향상으로 인한 고객 만족도 증가\",\n        \"기대효과 2: 친환경 소재 사용으로 인한 브랜드 이미지 개선\",\n        \"기대효과 3: 차별화된 제품으로 인한 시장 점유율 10% 증가\"\n    ]\n}\n```",
  "prd_output": "```json\n{\n    \"overview\": \"파싱된 프로젝트는 회의 내용을 기반으로 프로젝트를 관리하는 시스템입니다. 이 프로젝트는 회의에서 논의된 내용을 자동으로 파싱하여 프로젝트로 변환함으로써, 사용자들이 회의 후의 업무를 효율적으로 관리할 수 있도록 돕습니다. 타겟 사용자는 회의를 자주 진행하는 기업의 팀원들이며, 이 시스템은 회의 후의 업무 추적과 관리의 효율성을 높이는 가치를 제공합니다.\",\n    \"core_features\": \"1. 자동 파싱 기능: 회의 내용을 자동으로 분석하여 프로젝트의 태스크로 변환합니다. 2. 프로젝트 관리 대시보드: 파싱된 태스크를 한눈에 볼 수 있는 대시보드를 제공합니다. 3. 알림 시스템: 태스크의 마감일이나 업데이트 사항을 사용자에게 알립니다.\",\n    \"user_experience\": \"사용자는 회의가 끝난 후, 시스템에 회의 내용을 업로드합니다. 시스템은 이를 자동으로 파싱하여 태스크로 변환하고, 사용자는 대시보드에서 이를 확인하고 관리할 수 있습니다. 주요 페르소나는 프로젝트 매니저와 팀원들로, 직관적이고 간편한 UI/UX를 통해 빠르게 태스크를 확인하고 조치할 수 있도록 설계됩니다.\",\n    \"technical_architecture\": \"시스템은 클라우드 기반으로 설계되며, 데이터 모델은 회의 내용, 태스크, 사용자 정보로 구성됩니다. API는 외부 회의록 서비스와의 연동을 지원하며, 인프라는 AWS를 기반으로 구축됩니다.\",\n    \"development_roadmap\": \"MVP 단계에서는 자동 파싱 기능과 기본적인 대시보드 기능을 구현합니다. 이후 사용자 피드백을 반영하여 알림 시스템과 외부 서비스 연동 기능을 추가할 예정입니다.\",\n    \"logical_dependency_chain\": \"1. 자동 파싱 기능 개발 2. 대시보드 UI 구현 3. 알림 시스템 개발 4. 외부 서비스 연동 기능 추가\",\n    \"risks_and_mitigations\": \"기술적 도전으로는 자연어 처리의 정확도가 있으며, 이를 위해 최신 NLP 기술을 활용합니다. MVP 정의는 자동 파싱과 기본 대시보드 기능으로, 자원 제약사항은 개발 인력과 시간입니다.\",\n    \"appendix\": \"추가 정보로는 자연어 처리 기술에 대한 연구 자료와 시스템 요구사항 문서가 포함됩니다.\"\n}\n```",
  "quality_metrics": {
    "final_score": 6.0,
    "is_production_ready": true,
    "iterations_used": 1,
    "is_high_quality": false
  },
  "metadata": {
    "source_file": "../batch_triplet_results\\result_IS1002c\\05_final_result.json",
    "utterance_count": 254,
    "transcript_length": 9731,
    "speakers": [
      "Speaker_B",
      "Speaker_D",
      "Speaker_C",
      "Speaker_A"
    ],
    "dataset_type": "train",
    "processing_date": "2025-07-31T14:50:36.729101"
  }
}