{
  "id": "train_010",
  "source_dir": "result_Bed013_processed",
  "notion_output": "```json\n{\n    \"project_name\": \"SmartKom 모듈 통합 및 사용자 의도 기반 지능형 시스템 개발\",\n    \"project_purpose\": \"SmartKom의 다양한 모듈을 통합하여 사용자 의도를 기반으로 한 지능형 시스템을 개발하고, 이를 통해 사용자 경험을 향상시키고 시스템 효율성을 극대화하는 것\",\n    \"project_period\": \"2024.07.01 ~ 2024.12.31\",\n    \"project_manager\": \"에바 (Eva)\",\n    \"core_objectives\": [\n        \"목표 1: SmartKom의 모든 모듈을 통합하여 시스템의 일관성을 확보하고 중복 작업을 최소화\",\n        \"목표 2: 사용자 의도 기반의 상향식 처리 알고리즘 개발 및 구현\",\n        \"목표 3: 베이즈 네트워크를 활용한 의사결정 노드의 사후 확률 분석 및 최적화\",\n        \"목표 4: 사용자 피드백을 반영하여 지속적인 시스템 개선 및 업데이트\"\n    ],\n    \"core_idea\": \"사용자 의도를 기반으로 한 지능형 시스템 개발\",\n    \"idea_description\": \"SmartKom의 다양한 모듈을 통합하여 사용자 의도를 파악하고 이에 맞는 반응을 제공하는 시스템을 개발합니다. 이를 위해 베이즈 네트워크를 활용하여 의사결정 노드의 사후 확률을 분석하고, 사용자 설정에 기반한 상향식 처리 알고리즘을 구현합니다.\",\n    \"execution_plan\": [\n        \"1단계: SmartKom 모듈 통합 (2024.07.01 ~ 2024.08.31) - 각 모듈의 기능 분석 및 통합 계획 수립, 모듈 간의 상호작용 및 데이터 흐름 최적화\",\n        \"2단계: 사용자 의도 기반 알고리즘 개발 (2024.09.01 ~ 2024.10.15) - 사용자 의도 분석을 위한 데이터 수집 및 알고리즘 설계, 사용자 설정에 따른 의도 추론 메커니즘 개발\",\n        \"3단계: 알고리즘 구현 및 테스트 (2024.10.16 ~ 2024.11.15) - 알고리즘을 시스템에 통합하고 다양한 시나리오에서 테스트 진행, 사용자 피드백 수집 및 반영\",\n        \"4단계: 베이즈 네트워크 분석 및 시스템 최적화 (2024.11.16 ~ 2024.12.31) - 베이즈 네트워크를 활용한 의사결정 노드 최적화 및 시스템 성능 개선, 최종 사용자 테스트 및 피드백 반영\"\n    ],\n    \"expected_effects\": [\n        \"기대효과 1: 사용자 경험 향상 - 사용자 의도에 맞춘 정확하고 신속한 반응 제공\",\n        \"기대효과 2: 시스템 효율성 증가 - 모듈 통합으로 인한 중복 작업 감소 및 처리 속도 향상\",\n        \"기대효과 3: 연구 및 개발 기회 확대 - 베이즈 네트워크와 의도 기반 시스템의 학문적 기여 및 실무 적용 사례 제공\",\n        \"기대효과 4: 사용자 피드백 기반의 지속적 개선 - 사용자 요구에 맞춘 시스템 업데이트로 만족도 증가\"\n    ],\n    \"additional_notes\": [\n        \"회의에서 논의된 사용자 의도 설정 및 관찰 방법을 구체화하여 시스템 설계에 반영\",\n        \"모듈 통합 시 발생할 수 있는 문제점 및 해결 방안에 대한 사전 검토\",\n        \"사용자 피드백을 통한 지속적인 시스템 개선 및 업데이트 계획 수립\",\n        \"회의에서 언급된 다양한 주제와 아이디어를 반영하여 기획안을 보완\"\n    ]\n}\n```",
  "prd_output": "```json\n{\n    \"overview\": \"파싱된 프로젝트는 회의 내용을 기반으로 프로젝트를 생성하고 관리하는 도구입니다. 이 프로젝트는 회의에서 논의된 내용을 자동으로 파싱하여 프로젝트로 변환함으로써 사용자의 업무 효율성을 높이는 것을 목표로 합니다. 타겟 사용자는 프로젝트 매니저, 팀 리더, 그리고 회의 내용을 기반으로 작업을 관리해야 하는 모든 전문가들입니다. 이 도구는 회의 후 작업을 수동으로 정리하는 시간을 절약하고, 중요한 정보를 놓치지 않도록 도와줍니다.\",\n    \"core_features\": \"1. 회의 내용 파싱: 회의 내용을 자동으로 분석하여 프로젝트의 작업 항목으로 변환합니다. 2. 작업 관리: 생성된 작업 항목을 쉽게 관리하고 우선순위를 설정할 수 있습니다. 3. 알림 시스템: 작업 마감일 및 주요 업데이트에 대한 알림을 제공합니다. 4. 협업 기능: 팀원들과 실시간으로 작업을 공유하고 피드백을 받을 수 있습니다.\",\n    \"user_experience\": \"사용자는 회의가 끝난 후, 녹음된 회의 내용을 업로드하거나 텍스트로 입력합니다. 시스템은 이를 분석하여 프로젝트 작업 항목을 생성합니다. 사용자는 생성된 작업을 검토하고 필요에 따라 수정할 수 있습니다. 주요 페르소나는 프로젝트 매니저와 팀 리더이며, 이들은 직관적인 UI를 통해 빠르게 작업을 설정하고 팀과 공유할 수 있습니다.\",\n    \"technical_architecture\": \"시스템은 클라우드 기반으로 설계되며, 주요 구성 요소는 데이터 파싱 엔진, 작업 관리 모듈, 알림 시스템, 그리고 협업 플랫폼입니다. 데이터 모델은 회의 내용, 작업 항목, 사용자 정보 등을 포함하며, API는 외부 시스템과의 연동을 지원합니다. 인프라는 AWS를 기반으로 하며, 확장성을 고려하여 설계되었습니다.\",\n    \"development_roadmap\": \"MVP 단계에서는 회의 내용 파싱 및 기본적인 작업 관리 기능을 제공합니다. 이후 단계에서는 알림 시스템과 협업 기능을 추가할 예정입니다. 장기적으로는 AI 기반의 자동화 기능을 통해 회의 내용을 더욱 정교하게 분석할 계획입니다.\",\n    \"logical_dependency_chain\": \"1. 데이터 파싱 엔진 개발 2. 작업 관리 모듈 구현 3. 알림 시스템 구축 4. 협업 기능 추가 5. AI 기반 자동화 기능 개발. 각 단계는 이전 단계의 완성을 기반으로 진행됩니다.\",\n    \"risks_and_mitigations\": \"기술적 도전은 자연어 처리(NLP) 기술의 정확도와 성능입니다. 이를 위해 최신 NLP 모델을 연구하고 테스트할 것입니다. MVP 정의는 핵심 기능에 집중하여 빠른 시장 출시를 목표로 합니다. 자원 제약사항은 인력과 시간이며, 이를 해결하기 위해 외부 전문가와 협력할 계획입니다.\",\n    \"appendix\": \"추가 정보로는 최신 NLP 기술 연구 자료와 시스템 설계도, 그리고 초기 사용자 피드백 결과가 포함됩니다.\"\n}\n```",
  "quality_metrics": {
    "final_score": 6.0,
    "is_production_ready": true,
    "iterations_used": 3,
    "is_high_quality": false
  },
  "metadata": {
    "source_file": "../batch_triplet_results\\result_Bed013_processed\\05_final_result.json",
    "utterance_count": 744,
    "transcript_length": 24609,
    "speakers": [
      "Speaker_A",
      "Speaker_B",
      "Speaker_E",
      "Speaker_D",
      "Speaker_C"
    ],
    "dataset_type": "train",
    "processing_date": "2025-07-31T11:00:45.613482"
  }
}