{
  "id": "train_250",
  "source_dir": "result_제22대국회 제424회(임시회) 제1차 과학기술정보방송통신위원회(정보통신방송법안심사소위원회) (2025.04.17.)",
  "notion_output": "```json\n{\n    \"project_name\": \"공영방송 지배구조 개선 프로젝트\",\n    \"project_purpose\": \"공영방송의 독립성과 중립성, 공공성을 강화하기 위한 법적 및 구조적 개편\",\n    \"project_period\": \"2025.01.01 ~ 2025.06.30\",\n    \"project_manager\": \"김현 소위원장\",\n    \"core_objectives\": [\n        \"목표 1: 공영방송 이사회 구성 및 임명 절차의 투명성 강화\",\n        \"목표 2: 사장후보추천위원회 도입을 통한 공영방송 경영진 선출 과정의 민주성 확보\",\n        \"목표 3: 방송법 및 관련 법률의 개정을 통해 공영방송의 공적 책임 강화\"\n    ],\n    \"core_idea\": \"공영방송의 지배구조를 개선하여 정치적 독립성과 경영 투명성을 확보\",\n    \"idea_description\": \"공영방송의 이사회 구성 및 사장 임명 절차를 개정하여 다양한 사회적 목소리를 반영하고, 사장후보추천위원회를 통해 경영진 선출의 민주성을 높인다. 이를 통해 공영방송의 공적 책임과 독립성을 강화한다.\",\n    \"execution_plan\": \"1단계: 법안 심사 및 의견 수렴 (2025.01.01 ~ 2025.02.28)\\n2단계: 법안 개정 및 통과 (2025.03.01 ~ 2025.04.30)\\n3단계: 개정된 법률에 따른 이사회 및 사장 선출 절차 시행 (2025.05.01 ~ 2025.06.30)\",\n    \"expected_effects\": [\n        \"기대효과 1: 공영방송의 경영 투명성 및 독립성 강화로 인한 국민 신뢰도 상승\",\n        \"기대효과 2: 다양한 사회적 목소리가 반영된 공영방송 운영으로 인한 콘텐츠 다양성 증대\",\n        \"기대효과 3: 법적 개정을 통한 공영방송의 공적 책임 강화로 인한 공공성 증대\"\n    ]\n}\n```",
  "prd_output": "```json\n{\n    \"overview\": \"파싱된 프로젝트는 회의 내용을 기반으로 프로젝트를 생성하고 관리하는 시스템입니다. 이 프로젝트는 회의에서 논의된 내용을 자동으로 파싱하여 프로젝트 형태로 변환함으로써 사용자의 업무 효율성을 높이는 것을 목표로 합니다. 타겟 사용자는 회의를 자주 진행하는 팀이나 조직이며, 이 시스템은 회의 후속 작업을 자동화하여 시간을 절약하고 프로젝트 관리의 정확성을 향상시킵니다.\",\n    \"core_features\": \"1. 회의 내용 파싱: 회의 내용을 자동으로 텍스트로 변환하고, 주요 항목을 추출하여 프로젝트로 변환합니다. 2. 프로젝트 생성: 파싱된 데이터를 기반으로 프로젝트를 자동 생성하고, 할 일 목록과 마일스톤을 설정합니다. 3. 알림 및 업데이트: 프로젝트 진행 상황을 실시간으로 업데이트하고, 관련된 팀원들에게 알림을 보냅니다.\",\n    \"user_experience\": \"사용자는 회의가 끝난 후 시스템에 회의 녹음을 업로드합니다. 시스템은 자동으로 내용을 파싱하여 프로젝트를 생성합니다. 사용자는 생성된 프로젝트를 검토하고 필요한 수정을 할 수 있으며, 직관적인 UI를 통해 프로젝트 진행 상황을 쉽게 추적할 수 있습니다. 주요 페르소나는 프로젝트 매니저와 팀 리더입니다.\",\n    \"technical_architecture\": \"시스템은 클라우드 기반으로 구축되며, 음성 인식 API를 사용하여 회의 내용을 텍스트로 변환합니다. 데이터베이스는 프로젝트 정보를 저장하며, 프론트엔드는 React.js를 사용하여 사용자 인터페이스를 제공합니다. 백엔드는 Node.js로 구축되어 있으며, RESTful API를 통해 프론트엔드와 통신합니다.\",\n    \"development_roadmap\": \"MVP 단계에서는 회의 내용 파싱과 프로젝트 생성 기능을 구현합니다. 이후 단계에서는 사용자 피드백을 반영하여 알림 기능과 UI 개선을 진행합니다. 최종적으로는 AI 기반의 회의 내용 분석 기능을 추가할 계획입니다.\",\n    \"logical_dependency_chain\": \"1. 음성 인식 기능 개발 2. 텍스트 파싱 및 프로젝트 생성 기능 구현 3. 사용자 인터페이스 개발 4. 알림 시스템 구축 5. AI 분석 기능 추가\",\n    \"risks_and_mitigations\": \"기술적 도전으로는 음성 인식의 정확성이 있으며, 이를 위해 다양한 음성 데이터셋을 활용하여 학습을 진행합니다. MVP 정의는 회의 내용 파싱과 프로젝트 생성 기능으로 설정하며, 자원 제약사항으로는 초기 개발 인력 부족이 있습니다. 이를 해결하기 위해 외부 개발자와의 협업을 고려합니다.\",\n    \"appendix\": \"추가 정보로는 음성 인식 기술에 대한 최신 연구 결과와 프로젝트 관리 소프트웨어 시장 분석 자료가 포함됩니다.\"\n}\n```",
  "quality_metrics": {
    "final_score": 6.0,
    "is_production_ready": true,
    "iterations_used": 1,
    "is_high_quality": false
  },
  "metadata": {
    "source_file": "../batch_triplet_results\\result_제22대국회 제424회(임시회) 제1차 과학기술정보방송통신위원회(정보통신방송법안심사소위원회) (2025.04.17.)\\05_final_result.json",
    "utterance_count": 413,
    "transcript_length": 25405,
    "speakers": [
      "방송통신위원회부위원장 김태규",
      "소위원장 김현",
      "이훈기 위원",
      "노종면 위원",
      "한민수 위원",
      "이정헌 위원",
      "최형두 위원",
      "과학기술정보통신부제2차관 강도현",
      "이해민 위원",
      "신성범 위원",
      "수석전문위원 이복우"
    ],
    "dataset_type": "train",
    "processing_date": "2025-07-31T15:48:23.165696"
  }
}