{
  "id": "train_156",
  "source_dir": "result_제22대국회 제427회(임시회) 제1차 국토교통위원회(국토법안심사소위원회) (2025.07.15.)",
  "notion_output": "```json\n{\n    \"project_name\": \"국토법안심사소위원회 법안 심사 및 개선 프로젝트\",\n    \"project_purpose\": \"국토교통 관련 법안의 심사 및 개선을 통해 국민의 안전과 생활 편의성을 증진시키고, 불법 건축물 문제 해결 및 공공주택 입주자 삶의 질 향상을 도모한다.\",\n    \"project_period\": \"2024.01.01 ~ 2024.12.31\",\n    \"project_manager\": \"권영진 소위원장\",\n    \"core_objectives\": [\n        \"목표 1: 불법 건축물 양성화 및 안전 문제 해결을 위한 종합대책 마련\",\n        \"목표 2: 공공주택 입주자 대상 정신건강 지원 시스템 구축\",\n        \"목표 3: 생활숙박시설의 불법 주거 전용 방지를 위한 법적 체계 확립\"\n    ],\n    \"core_idea\": \"국토교통 관련 법안의 체계적 심사 및 개선을 통해 국민의 안전과 생활 수준을 향상시키고, 법적 체계의 일관성을 확보한다.\",\n    \"idea_description\": \"본 프로젝트는 국토교통 관련 법안의 심사 및 개선을 통해 불법 건축물 문제를 해결하고, 공공주택 입주자의 정신건강을 지원하며, 생활숙박시설의 불법 전용을 방지하여 국민의 안전과 생활 편의를 증진시키는 것을 목표로 한다.\",\n    \"execution_plan\": \"1. 불법 건축물 실태조사 및 종합대책 수립 (2024.01 ~ 2024.03)\\n2. 공공주택 입주자 정신건강 지원 시스템 구축 및 운영 (2024.04 ~ 2024.06)\\n3. 생활숙박시설 사용승인 요건 강화 및 법적 체계 확립 (2024.07 ~ 2024.09)\\n4. 법안 심사 결과 반영 및 대안 마련 (2024.10 ~ 2024.12)\",\n    \"expected_effects\": [\n        \"기대효과 1: 불법 건축물 문제 해결로 인한 국민 안전 증대\",\n        \"기대효과 2: 공공주택 입주자의 정신건강 지원을 통한 삶의 질 향상\",\n        \"기대효과 3: 생활숙박시설의 용도 적법 사용 유도로 인한 주거 환경 개선\"\n    ]\n}\n```",
  "prd_output": "```json\n{\n    \"overview\": \"파싱된 프로젝트는 회의 내용을 기반으로 프로젝트를 관리하고 실행하는 것을 목표로 합니다. 이 프로젝트는 회의에서 논의된 내용을 효과적으로 추적하고 실행 가능한 작업으로 변환하여 팀의 생산성을 향상시키는 것을 목적으로 합니다. 타겟 사용자는 주로 프로젝트 관리자와 팀원들로, 회의에서 논의된 내용을 잊지 않고 체계적으로 관리하고자 하는 사람들입니다. 이 프로젝트는 회의에서 나온 아이디어와 결정을 명확하게 정리하고, 이를 바탕으로 프로젝트를 효율적으로 관리할 수 있는 가치를 제공합니다.\",\n    \"core_features\": \"1. 회의 내용 파싱: 회의에서 논의된 내용을 자동으로 텍스트로 변환하고, 중요한 항목을 추출합니다.\\n2. 작업 생성: 파싱된 내용을 바탕으로 자동으로 작업 항목을 생성하고 할당합니다.\\n3. 진행 상황 추적: 생성된 작업의 진행 상황을 실시간으로 추적하고 업데이트합니다.\\n4. 알림 시스템: 작업 마감일 및 중요한 업데이트에 대한 알림을 제공합니다.\",\n    \"user_experience\": \"사용자는 회의가 끝난 후, 자동으로 생성된 작업 목록을 검토하고 필요에 따라 수정할 수 있습니다. 페르소나는 프로젝트 관리자와 팀원으로, 주요 플로우는 회의 내용 파싱 -> 작업 생성 -> 진행 상황 추적 -> 알림 수신으로 구성됩니다. UI/UX는 직관적이고 사용하기 쉬운 인터페이스를 제공하여 사용자가 빠르게 적응할 수 있도록 설계됩니다.\",\n    \"technical_architecture\": \"시스템은 클라우드 기반으로 구축되며, 주요 구성 요소는 파싱 엔진, 데이터베이스, 사용자 인터페이스로 나뉩니다. 데이터 모델은 회의 내용, 작업 항목, 사용자 정보 등을 포함하며, API는 외부 회의 도구와의 통합을 지원합니다. 인프라 요구사항은 안정적인 클라우드 서비스와 데이터 보안을 포함합니다.\",\n    \"development_roadmap\": \"MVP 요구사항은 회의 내용 파싱 및 작업 생성 기능을 포함하며, 이후 단계에서는 진행 상황 추적 및 알림 시스템을 추가할 예정입니다. 단계별 개발 범위는 초기 기능 구현 -> 사용자 피드백 수집 -> 기능 개선 및 확장으로 진행됩니다.\",\n    \"logical_dependency_chain\": \"개발 순서는 회의 내용 파싱 기능을 먼저 구현한 후, 작업 생성 기능을 개발합니다. 이후, 진행 상황 추적과 알림 시스템을 점진적으로 추가합니다. 기초 기능은 파싱 엔진과 작업 생성이 우선이며, 이후 기능은 이를 기반으로 확장됩니다.\",\n    \"risks_and_mitigations\": \"기술적 도전은 자연어 처리 기술의 정확성과 성능이며, 이를 위해 최신 NLP 기술을 도입합니다. MVP 정의는 핵심 기능에 집중하여 초기 사용자 피드백을 빠르게 수집하는 것이며, 자원 제약사항은 클라우드 서비스 비용과 개발 인력입니다.\",\n    \"appendix\": \"추가 정보로는 자연어 처리 기술 연구 결과와 사용된 기술 스택의 사양이 포함됩니다. 참고 자료로는 유사한 프로젝트 사례 연구와 사용자 인터뷰 결과가 있습니다.\"\n}\n```",
  "quality_metrics": {
    "final_score": 6.0,
    "is_production_ready": true,
    "iterations_used": 1,
    "is_high_quality": false
  },
  "metadata": {
    "source_file": "../batch_triplet_results\\result_제22대국회 제427회(임시회) 제1차 국토교통위원회(국토법안심사소위원회) (2025.07.15.)\\05_final_result.json",
    "utterance_count": 675,
    "transcript_length": 46961,
    "speakers": [
      "이종욱 위원",
      "국토교통부국토도시실장 이상주",
      "민홍철 위원",
      "문진석 위원",
      "김종양 위원",
      "국토교통부제1차관 이상경",
      "국토교통부녹색도시과장 장구중",
      "염태영 위원",
      "국토교통부건설정책국장 남영우",
      "수석전문위원 박재유",
      "국토교통부주택토지실장 김규철",
      "김은혜 위원",
      "국토교통부건설정책과장 이익진",
      "김정재 위원",
      "소위원장 권영진",
      "박용갑 위원",
      "안태준 위원",
      "황운하 위원",
      "국토교통부공공주택추진단장 김배성"
    ],
    "dataset_type": "train",
    "processing_date": "2025-07-31T13:58:38.613712"
  }
}