{
  "id": "train_144",
  "source_dir": "result_Bmr007_processed",
  "notion_output": "```json\n{\n    \"project_name\": \"회의 효율성 증대를 위한 대화 중복 분석 및 개선 프로젝트\",\n    \"project_purpose\": \"회의 중 대화 중복을 체계적으로 분석하고, 이를 줄이기 위한 구체적이고 실용적인 기술적 솔루션을 개발하여 회의의 효율성을 높이는 것\",\n    \"project_period\": \"2024.01.01 ~ 2024.06.30\",\n    \"project_manager\": \"Speaker_D\",\n    \"core_objectives\": [\n        \"목표 1: 대화 중 중복 발생 패턴 및 원인 심층 분석\",\n        \"목표 2: 중복을 줄이기 위한 구체적이고 실용적인 기술적 솔루션 및 방법론 개발\",\n        \"목표 3: 회의 효율성 향상을 위한 구체적인 가이드라인 및 교육 프로그램 제시\"\n    ],\n    \"core_idea\": \"대화 중 중복 발생을 심층적으로 분석하여, 효율적인 회의 진행을 위한 실용적인 솔루션을 개발하고 적용\",\n    \"idea_description\": \"대화 중 중복 발생은 회의의 비효율성을 초래할 수 있으며, 이를 분석하고 개선하기 위한 구체적이고 실용적인 기술적 솔루션을 개발하여 회의의 질을 향상시키고자 한다. 이를 통해 회의 참여자들의 만족도를 높이고, 생산성을 증대시킬 수 있다.\",\n    \"execution_plan\": [\n        {\n            \"phase\": \"데이터 수집 및 분석\",\n            \"tasks\": [\n                \"회의 중 대화 녹음 및 전사 데이터 수집\",\n                \"중복 발생 패턴 및 원인 심층 분석\",\n                \"기술적 솔루션 개발을 위한 구체적인 요구사항 도출\"\n            ],\n            \"timeline\": \"2024.01.01 ~ 2024.02.28\"\n        },\n        {\n            \"phase\": \"기술적 솔루션 개발\",\n            \"tasks\": [\n                \"중복 감지 및 분석을 위한 에너지 기반 알고리즘 개발\",\n                \"신경망을 활용한 대화 분석 및 중복 감지\",\n                \"중복 발생 시각화 도구 개발 및 테스트\"\n            ],\n            \"timeline\": \"2024.03.01 ~ 2024.04.30\"\n        },\n        {\n            \"phase\": \"솔루션 테스트 및 피드백 수집\",\n            \"tasks\": [\n                \"개발된 솔루션을 실제 회의에 적용 및 테스트\",\n                \"참여자 피드백 수집 및 솔루션 개선\",\n                \"테스트 결과를 바탕으로 솔루션 최적화\"\n            ],\n            \"timeline\": \"2024.05.01 ~ 2024.05.31\"\n        },\n        {\n            \"phase\": \"최종 보고서 및 가이드라인 작성\",\n            \"tasks\": [\n                \"최종 보고서 작성\",\n                \"효율적 회의 진행을 위한 구체적인 가이드라인 및 교육 프로그램 개발\"\n            ],\n            \"timeline\": \"2024.06.01 ~ 2024.06.30\"\n        }\n    ],\n    \"expected_effects\": [\n        \"기대효과 1: 회의 중 중복 발생 빈도 감소\",\n        \"기대효과 2: 회의 진행의 효율성 및 생산성 향상\",\n        \"기대효과 3: 회의 참여자들의 만족도 증가\",\n        \"기대효과 4: 회의 중복 발생에 대한 이해도 향상 및 교육 기회 제공\"\n    ],\n    \"roles_and_responsibilities\": {\n        \"Speaker_D\": \"프로젝트 총괄 및 데이터 분석\",\n        \"Speaker_A\": \"기술적 솔루션 개발 및 테스트\",\n        \"Speaker_C\": \"회의 중복 패턴 분석 및 가이드라인 작성\",\n        \"Speaker_E\": \"피드백 수집 및 교육 프로그램 개발\",\n        \"Speaker_F\": \"알고리즘 개발 및 기술적 지원\",\n        \"Speaker_H\": \"중복 발생 시각화 도구 개발 및 테스트 지원\"\n    },\n    \"technical_solutions_discussed\": [\n        \"에너지 기반 알고리즘을 통한 중복 감지\",\n        \"신경망을 활용한 대화 분석\",\n        \"중복 발생 시각화 도구 개발\",\n        \"임계값 설정 및 필터링을 통한 중복 구간 탐지\"\n    ]\n}\n```",
  "prd_output": "```json\n{\n    \"overview\": \"파싱된 프로젝트는 회의 내용을 기반으로 프로젝트를 관리하고 조직화하는 도구입니다. 이 프로젝트는 회의에서 논의된 내용을 효율적으로 정리하고 추적할 수 있는 기능을 제공하여 팀의 생산성을 높이는 것을 목표로 합니다. 타겟 사용자는 주로 프로젝트 매니저, 팀 리더, 그리고 회의 주최자들입니다. 이 도구는 회의 후속 작업을 자동화하고, 중요한 결정을 기록하며, 팀 구성원 간의 협업을 촉진하는 가치를 제공합니다.\",\n    \"core_features\": \"주요 기능으로는 회의 내용 자동 파싱, 결정 사항 및 액션 아이템 추출, 프로젝트 타임라인 생성, 팀원 간의 협업 기능 등이 있습니다. 회의 내용 자동 파싱은 음성 인식 및 자연어 처리 기술을 활용하여 회의 내용을 텍스트로 변환하고, 핵심 정보를 추출합니다. 결정 사항 및 액션 아이템 추출 기능은 회의 중 논의된 중요한 결정을 자동으로 기록하고, 후속 작업을 할당합니다.\",\n    \"user_experience\": \"사용자 여정은 회의 시작 전 준비 단계, 회의 중 기록 및 파싱 단계, 회의 후 결과물 확인 및 작업 할당 단계로 나뉩니다. 페르소나는 프로젝트 매니저와 팀 리더로 설정되며, 주요 플로우는 회의 생성, 회의 내용 파싱, 결과물 확인 및 팀원과의 공유로 구성됩니다. UI/UX 고려사항으로는 직관적인 인터페이스, 빠른 액세스, 그리고 모바일 및 데스크톱 환경에서의 일관된 사용자 경험이 포함됩니다.\",\n    \"technical_architecture\": \"시스템 구성요소는 클라이언트 애플리케이션, 서버, 데이터베이스로 구성됩니다. 데이터 모델은 회의, 결정 사항, 액션 아이템 등의 엔티티로 구성되며, API는 회의 생성, 내용 파싱, 결과물 조회 등의 기능을 제공합니다. 인프라 요구사항으로는 클라우드 기반 서버, 데이터 저장을 위한 안전한 데이터베이스, 음성 인식 및 자연어 처리 API 통합이 필요합니다.\",\n    \"development_roadmap\": \"MVP 요구사항은 회의 내용 파싱 및 결정 사항 추출 기능을 포함하며, 향후 개선사항으로는 사용자 맞춤형 알림, 통합 캘린더 기능, 분석 리포트 제공 등이 있습니다. 단계별 개발 범위는 초기 기능 구현, 사용자 피드백 수집, 기능 개선 및 확장으로 나뉩니다.\",\n    \"logical_dependency_chain\": \"개발 순서는 음성 인식 및 자연어 처리 기능 구현, 회의 내용 파싱 및 데이터 저장, 사용자 인터페이스 개발 순으로 진행됩니다. 기초 기능 우선순위는 회의 내용 파싱과 결정 사항 추출 기능에 중점을 둡니다. 점진적 개발 방식으로 MVP를 출시한 후 사용자 피드백을 반영하여 기능을 개선합니다.\",\n    \"risks_and_mitigations\": \"기술적 도전으로는 음성 인식의 정확도, 자연어 처리의 복잡성 등이 있으며, 이를 해결하기 위해 최신 기술 및 알고리즘을 활용합니다. MVP 정의는 핵심 기능에 집중하여 빠르게 시장에 출시하는 것을 목표로 하며, 자원 제약사항으로는 개발 인력 및 시간 제한이 있습니다.\",\n    \"appendix\": \"추가 정보로는 시장 조사 결과, 경쟁 분석, 사용된 기술 스택 등이 포함됩니다. 연구 결과는 사용자 요구사항 분석 및 기술 가능성 평가를 포함하며, 기술 사양은 사용된 API 및 데이터베이스 스키마를 설명합니다.\"\n}\n```",
  "quality_metrics": {
    "final_score": 6.0,
    "is_production_ready": true,
    "iterations_used": 3,
    "is_high_quality": false
  },
  "metadata": {
    "source_file": "../batch_triplet_results\\result_Bmr007_processed\\05_final_result.json",
    "utterance_count": 749,
    "transcript_length": 24524,
    "speakers": [
      "Speaker_F",
      "Speaker_A",
      "Speaker_H",
      "Speaker_G",
      "Speaker_B",
      "Speaker_E",
      "Speaker_D",
      "Speaker_C"
    ],
    "dataset_type": "train",
    "processing_date": "2025-07-31T13:41:25.804568"
  }
}