{
  "id": "train_209",
  "source_dir": "result_제22대국회 제418회(정기회) 제6차 과학기술정보방송통신위원회(전체회의) (2024.10.10.)",
  "notion_output": "```json\n{\n    \"project_name\": \"국정감사 증인 및 참고인 출석 관리 및 법적 기준 강화 프로젝트\",\n    \"project_purpose\": \"국정감사에서 증인 및 참고인의 출석 요구 절차를 체계적으로 관리하고, 법적 및 윤리적 기준을 강화하여 국회의 신뢰성을 높이는 것\",\n    \"project_period\": \"2024.10.01 ~ 2024.10.31\",\n    \"project_manager\": \"김현 위원장대리\",\n    \"core_objectives\": [\n        \"목표 1: 증인 및 참고인 명단의 합리적 선정 및 관리\",\n        \"목표 2: 출석 요구 절차의 투명성 및 효율성 강화\",\n        \"목표 3: 국회의 출석 요구에 대한 법적 및 윤리적 기준 확립 및 강화\",\n        \"목표 4: 회의에서 제기된 반대 의견 및 논쟁점에 대한 해결책 마련\"\n    ],\n    \"core_idea\": \"증인 및 참고인 출석 요구의 효율적 관리 및 법적 기준 강화\",\n    \"idea_description\": \"국정감사에서 증인 및 참고인의 출석 요구를 체계적으로 관리하고, 법적 기준을 준수하며 윤리적 기준을 확립하여 국회의 신뢰성을 높이는 것. 특히, 회의에서 제기된 반대 의견을 반영하여 공정한 절차를 확립한다.\",\n    \"execution_plan\": [\n        \"1. 증인 및 참고인 명단 검토 및 조정 (2024.10.01 ~ 2024.10.07)\",\n        \"2. 출석 요구 절차 개선 방안 마련 (2024.10.08 ~ 2024.10.14)\",\n        \"3. 법적 및 윤리적 기준 확립 및 교육 (2024.10.15 ~ 2024.10.21)\",\n        \"4. 반대 의견 및 논쟁점 해결 방안 마련 (2024.10.15 ~ 2024.10.21)\",\n        \"5. 개선 방안 실행 및 피드백 수집 (2024.10.22 ~ 2024.10.31)\"\n    ],\n    \"expected_effects\": [\n        \"기대효과 1: 국정감사 절차의 투명성 및 효율성 증대\",\n        \"기대효과 2: 불필요한 증인 및 참고인 출석 요구 감소\",\n        \"기대효과 3: 국회의 법적 및 윤리적 신뢰도 향상\",\n        \"기대효과 4: 회의에서 제기된 반대 의견 및 논쟁점 해결로 인한 공정성 증대\"\n    ],\n    \"detailed_discussion\": {\n        \"witness_list\": [\n            \"오세철 삼성물산 대표\",\n            \"안창호 국가인권위원회 위원장\",\n            \"유순태 유진홈센터 대표이사\",\n            \"김병민 서울특별시 정무부시장\",\n            \"강한승 쿠팡 경영관리총괄\",\n            \"권혁철 경인방송 전)회장\",\n            \"배중섭 한국정보보호산업협회 상근부회장\",\n            \"안종오 ㈜디어유 대표\",\n            \"우오현 SM그룹 회장\"\n        ],\n        \"legal_and_ethical_issues\": [\n            \"국회법 위반 논란\",\n            \"증인 및 참고인 출석 요구의 법적 제재 문제\",\n            \"국회의원의 출석 요구와 관련된 비례성 원칙 문제\"\n        ],\n        \"opposition_and_debate\": [\n            \"최형두 위원의 반대 의견: 기업체 회장 출석 요구의 부적절성, 국회법 악용 우려\",\n            \"김현 위원의 반박: 국회법 준수 및 국정감사의 진실 규명 목적 강조\"\n        ]\n    }\n}\n```",
  "prd_output": "```json\n{\n    \"overview\": \"파싱된 프로젝트는 회의 내용을 기반으로 프로젝트를 관리하는 시스템입니다. 이 프로젝트는 회의에서 논의된 내용을 체계적으로 정리하고, 이를 바탕으로 프로젝트를 생성 및 관리하는 데 중점을 둡니다. 타겟 사용자는 프로젝트 매니저, 팀 리더, 그리고 회의 내용을 기반으로 작업을 계획해야 하는 팀원들입니다. 이 시스템은 회의 내용을 자동으로 파싱하여 프로젝트 계획을 수립하는 데 드는 시간을 절약하고, 효율성을 높이는 가치를 제공합니다.\",\n    \"core_features\": \"1. 회의 내용 파싱: 회의 내용을 자동으로 분석하여 프로젝트의 주요 목표와 작업을 추출합니다. 2. 프로젝트 생성: 파싱된 데이터를 기반으로 자동으로 프로젝트를 생성하고, 관련 작업을 할당합니다. 3. 목표 추적: 설정된 목표를 추적하고, 진행 상황을 시각적으로 표시합니다.\",\n    \"user_experience\": \"사용자는 회의 내용을 입력하거나 업로드하면, 시스템이 자동으로 이를 분석하여 프로젝트를 생성합니다. 페르소나는 주로 프로젝트 매니저와 팀 리더로 설정되며, 주요 플로우는 회의 내용 입력 -> 파싱 결과 확인 -> 프로젝트 생성 및 관리입니다. UI/UX는 직관적이고 사용하기 쉬운 인터페이스를 제공하여 사용자가 쉽게 회의 내용을 관리할 수 있도록 설계됩니다.\",\n    \"technical_architecture\": \"시스템은 클라우드 기반의 인프라를 사용하며, 주요 구성 요소로는 데이터 파싱 모듈, 프로젝트 관리 모듈, 사용자 인터페이스가 있습니다. 데이터 모델은 회의 내용, 프로젝트 목표, 작업 항목 등을 포함하며, API를 통해 외부 시스템과의 통합을 지원합니다.\",\n    \"development_roadmap\": \"MVP 요구사항은 회의 내용 파싱 및 기본적인 프로젝트 생성 기능을 포함합니다. 향후 개선사항으로는 고급 분석 기능, 사용자 맞춤형 대시보드 제공 등이 있으며, 단계별로 기능을 확장해 나갈 계획입니다.\",\n    \"logical_dependency_chain\": \"개발 순서는 데이터 파싱 모듈 개발 -> 프로젝트 생성 모듈 개발 -> 사용자 인터페이스 개발의 순서로 진행됩니다. 기초 기능은 회의 내용 파싱과 프로젝트 생성이며, 이를 기반으로 점진적으로 기능을 확장합니다.\",\n    \"risks_and_mitigations\": \"기술적 도전으로는 자연어 처리 기술의 정확성 확보가 있으며, 이를 위해 MVP 단계에서는 제한된 범위의 회의 내용을 대상으로 테스트를 진행합니다. 자원 제약사항으로는 개발 인력과 시간 관리가 있으며, 이를 해결하기 위해 단계별 개발 계획을 수립하여 리소스를 효율적으로 배분합니다.\",\n    \"appendix\": \"추가 정보로는 자연어 처리 기술에 대한 연구 결과와 기술 사양이 포함됩니다. 또한, 유사 프로젝트 사례와의 비교 분석 자료도 제공됩니다.\"\n}\n```",
  "quality_metrics": {
    "final_score": 6.0,
    "is_production_ready": true,
    "iterations_used": 2,
    "is_high_quality": false
  },
  "metadata": {
    "source_file": "../batch_triplet_results\\result_제22대국회 제418회(정기회) 제6차 과학기술정보방송통신위원회(전체회의) (2024.10.10.)\\05_final_result.json",
    "utterance_count": 91,
    "transcript_length": 4737,
    "speakers": [
      "김현 위원",
      "한민수 위원",
      "위원장대리 김현",
      "최형두 위원",
      "조인철 위원",
      "위원장 최민희",
      "출석 전문위원"
    ],
    "dataset_type": "train",
    "processing_date": "2025-07-31T15:03:58.252045"
  }
}