{
  "id": "train_105",
  "source_dir": "result_Bmr016_processed",
  "notion_output": "```json\n{\n    \"project_name\": \"다채널 음성 데이터 전사 및 알고리즘 최적화 프로젝트\",\n    \"project_purpose\": \"다양한 발화 데이터를 채널화하여 전사하고, 이를 기반으로 음성 인식 알고리즘의 정확성과 효율성을 극대화\",\n    \"project_period\": \"2024.01.01 ~ 2024.06.30\",\n    \"project_manager\": \"Liz\",\n    \"core_objectives\": [\n        \"목표 1: 채널화된 발화 데이터를 정확하게 전사하여 고품질 데이터베이스 구축\",\n        \"목표 2: 전사된 데이터를 기반으로 알고리즘 개선 및 처리 효율성 증대\",\n        \"목표 3: 데이터 분석을 통해 발화 패턴 및 인식 정확도 향상\",\n        \"목표 4: 회의에서 논의된 알고리즘 개선 방법을 구체적으로 적용\"\n    ],\n    \"core_idea\": \"발화 데이터를 채널화하여 전사 및 분석을 통해 음성 인식의 정확성을 높이고, 데이터 기반의 알고리즘을 개선\",\n    \"idea_description\": \"채널화된 발화 데이터를 수집 및 전사하여, 이를 통해 다양한 발화 패턴을 분석하고, 알고리즘의 정확성을 높이는 기술적 접근을 시도. 회의에서 논의된 알고리즘 개선 방법을 적용하여 성능을 향상\",\n    \"execution_plan\": [\n        \"단계 1: 데이터 수집 및 채널화 (2024.01.01 ~ 2024.02.15)\",\n        \"단계 2: 전사 작업 및 데이터베이스 구축 (2024.02.16 ~ 2024.03.31)\",\n        \"단계 3: 알고리즘 개발 및 개선 (2024.04.01 ~ 2024.05.15)\",\n        \"단계 4: 데이터 분석 및 인식 정확도 평가 (2024.05.16 ~ 2024.06.30)\",\n        \"단계 5: 회의에서 언급된 알고리즘 개선 방법 적용 및 테스트 (2024.05.16 ~ 2024.06.30)\"\n    ],\n    \"expected_effects\": [\n        \"기대효과 1: 전사된 데이터의 정확성을 높여 음성 인식 시스템의 성능 향상\",\n        \"기대효과 2: 알고리즘 개선을 통해 데이터 처리 속도 및 효율성 증대\",\n        \"기대효과 3: 발화 패턴 분석을 통해 새로운 음성 인식 기술 개발 가능성 제고\",\n        \"기대효과 4: 회의에서 논의된 기술적 세부사항을 반영하여 실질적인 성능 개선\"\n    ],\n    \"technical_details\": {\n        \"algorithm_improvements\": \"회의에서 논의된 알고리즘 개선 방법을 적용하여 음성 인식 정확도 향상. 예를 들어, 데이터 구문 분석 및 자동화된 처리 방식 개선.\",\n        \"data_processing_methods\": \"발화 패턴 분석을 위한 구체적인 데이터 처리 방법으로는 스피커 ID 및 마이크 유형별 레이블링, 자동 구문 분석, 수동 검토 및 수정 등이 포함됨.\",\n        \"additional_notes\": \"회의에서 언급된 다양한 발화 패턴과 인식 정확도 향상에 대한 구체적인 방법을 포함하여 프로젝트 계획을 구체화함.\"\n    },\n    \"specific_algorithm_improvements\": [\n        \"알고리즘 개선 1: 수동으로 작성된 초기 주요 파일을 자동으로 구문 분석할 수 있도록 수정\",\n        \"알고리즘 개선 2: 숫자 데이터를 효과적으로 처리하기 위한 새로운 그룹화 및 레이블링 방식 도입\",\n        \"알고리즘 개선 3: 다양한 발화 패턴을 인식할 수 있는 알고리즘의 유연성 강화\"\n    ],\n    \"project_team\": {\n        \"project_manager\": \"Liz\",\n        \"data_analyst\": \"Jane\",\n        \"algorithm_developer\": \"Don\",\n        \"transcription_specialist\": \"Chuck\"\n    }\n}\n```",
  "prd_output": "```json\n{\n    \"overview\": \"파싱된 프로젝트는 회의 내용을 기반으로 한 프로젝트로, 회의에서 논의된 사항들을 효과적으로 관리하고 추적할 수 있는 솔루션을 제공합니다. 이 프로젝트는 회의 참석자, 관리자, 프로젝트 매니저를 주요 타겟으로 하며, 회의 후속 조치의 효율성을 높이는 것을 목표로 합니다.\",\n    \"core_features\": \"1. 회의 내용 자동 파싱: 회의 내용을 자동으로 파싱하여 주요 항목을 추출합니다. 2. 후속 조치 관리: 파싱된 내용을 바탕으로 후속 조치를 생성하고 관리할 수 있습니다. 3. 알림 및 리마인더: 후속 조치의 마감일에 대한 알림을 제공합니다.\",\n    \"user_experience\": \"사용자는 회의 내용을 업로드하고, 자동으로 생성된 후속 조치를 검토 및 수정할 수 있습니다. 주요 페르소나는 프로젝트 매니저이며, 직관적인 UI를 통해 빠르게 회의 내용을 처리할 수 있도록 설계되었습니다.\",\n    \"technical_architecture\": \"시스템은 클라우드 기반으로 설계되며, 데이터 파싱을 위한 NLP 엔진과 후속 조치 관리를 위한 데이터베이스가 포함됩니다. API를 통해 외부 캘린더 및 알림 시스템과 통합됩니다.\",\n    \"development_roadmap\": \"MVP에는 회의 내용 파싱 및 후속 조치 생성 기능이 포함됩니다. 이후 알림 기능과 외부 시스템 통합이 추가될 예정입니다.\",\n    \"logical_dependency_chain\": \"1. NLP 엔진 개발 2. 데이터베이스 설계 및 구축 3. UI 개발 4. 알림 시스템 통합\",\n    \"risks_and_mitigations\": \"NLP의 정확도가 낮을 경우, 사용자 피드백을 통해 지속적으로 개선합니다. 자원 제약사항으로 인해 초기에는 제한된 기능만 제공할 수 있습니다.\",\n    \"appendix\": \"NLP 기술 사양 및 데이터베이스 모델링에 대한 추가 자료는 별첨 문서로 제공됩니다.\"\n}\n```",
  "quality_metrics": {
    "final_score": 6.0,
    "is_production_ready": true,
    "iterations_used": 3,
    "is_high_quality": false
  },
  "metadata": {
    "source_file": "../batch_triplet_results\\result_Bmr016_processed\\05_final_result.json",
    "utterance_count": 873,
    "transcript_length": 31361,
    "speakers": [
      "Speaker_F",
      "Speaker_A",
      "Speaker_G",
      "Speaker_B",
      "Speaker_E",
      "Speaker_D",
      "Speaker_C"
    ],
    "dataset_type": "train",
    "processing_date": "2025-07-31T12:55:46.434930"
  }
}