{
  "id": "train_171",
  "source_dir": "result_ES2011b",
  "notion_output": "```json\n{\n    \"project_name\": \"차세대 패셔너블 스마트 리모컨 개발 프로젝트\",\n    \"project_purpose\": \"사용자 경험을 극대화하고 최신 기술과 패셔너블한 디자인을 결합한 스마트 리모컨 개발\",\n    \"project_period\": \"2024.01.01 ~ 2024.06.30\",\n    \"project_manager\": \"Speaker_A\",\n    \"core_objectives\": [\n        \"목표 1: 사용자 요구 사항에 기반한 리모컨의 구체적인 기능 설계 및 구현\",\n        \"목표 2: IR 송신기, 위치 기능, VCR 및 DVD 기능을 포함한 기술적 구현\",\n        \"목표 3: 젊은 전문직 종사자와 청소년을 타겟으로 한 패셔너블한 디자인\",\n        \"목표 4: 사용자 피드백을 반영한 디자인 및 기능 최적화\"\n    ],\n    \"core_idea\": \"사용자 경험을 극대화하고 기술적 혁신을 반영한 스마트 리모컨 개발\",\n    \"idea_description\": \"리모컨은 채널 선택, 볼륨 조절, 전원 관리 등의 기본 기능을 제공하며, IR 송신기와 위치 기능을 통해 TV와의 원활한 통신을 지원합니다. VCR 및 DVD 기능을 포함하여 다양한 사용자 요구를 충족시키며, 패셔너블한 디자인을 통해 젊은 층을 타겟으로 합니다.\",\n    \"execution_plan\": \"1단계: 사용자 요구 사항 분석 및 기능 설계 (2024.01.01 ~ 2024.01.31)\\n2단계: 기술적 설계 및 프로토타입 개발 (2024.02.01 ~ 2024.03.31)\\n3단계: 디자인 및 사용자 테스트 (2024.04.01 ~ 2024.05.15)\\n4단계: 최종 제품 개발 및 출시 준비 (2024.05.16 ~ 2024.06.30)\",\n    \"expected_effects\": [\n        \"기대효과 1: 사용자 만족도 향상 - 사용자 요구 사항을 반영한 제품 개발로 인한 만족도 증가\",\n        \"기대효과 2: 시장 점유율 확대 - 젊은 층을 타겟으로 한 디자인으로 새로운 고객층 확보\",\n        \"기대효과 3: 기술 혁신 - IR 송신기와 위치 기능, VCR 및 DVD 기능을 통한 기술적 차별화로 경쟁 우위 확보\"\n    ],\n    \"technical_details\": {\n        \"IR_transmitter\": \"표준 IR 송신기를 사용하여 TV와의 원활한 통신 지원\",\n        \"location_function\": \"리모컨 위치 찾기 기능을 위한 부저 및 라디오 수신기 포함\",\n        \"VCR_DVD_function\": \"VCR 및 DVD 기능을 통합하여 다양한 미디어 제어 가능\",\n        \"user_interface\": \"채널 선택, 텔레텍스트, 볼륨, 전원 버튼의 우선 순위 설정 및 조이스틱 플랫 터치 기능 포함\",\n        \"additional_features\": \"사용자 피드백을 반영한 기능 조정 및 개선\"\n    }\n}\n```",
  "prd_output": "```json\n{\n    \"overview\": \"파싱된 프로젝트는 회의 내용을 기반으로 프로젝트를 관리하는 시스템입니다. 이 프로젝트는 회의에서 논의된 사항을 효율적으로 파악하고 관리할 수 있는 솔루션을 제공합니다. 타겟 사용자는 프로젝트 관리자와 팀원들로, 회의 내용을 체계적으로 정리하고 추적할 수 있는 도구를 찾고 있는 사람들입니다. 이 시스템은 회의에서 나온 아이디어와 결정을 쉽게 파악하고 실행 계획으로 전환할 수 있는 가치를 제공합니다.\",\n    \"core_features\": \"1. 회의 내용 자동 파싱: 회의에서 논의된 내용을 자동으로 파싱하여 주요 아이디어와 결정을 추출합니다.\\n2. 프로젝트 생성 및 관리: 파싱된 내용을 바탕으로 프로젝트를 생성하고 관리할 수 있습니다.\\n3. 실행 계획 수립: 추출된 아이디어를 기반으로 실행 계획을 수립할 수 있는 기능을 제공합니다.\\n각 기능은 사용자가 회의 내용을 효율적으로 관리하고 실행 가능한 계획으로 전환할 수 있도록 설계되었습니다.\",\n    \"user_experience\": \"사용자는 회의 후 시스템에 회의록을 업로드하면 자동으로 파싱된 정보를 확인할 수 있습니다. 주요 페르소나는 프로젝트 관리자와 팀원으로, 이들은 직관적인 UI를 통해 쉽게 프로젝트를 생성하고 관리할 수 있습니다. 주요 플로우는 회의록 업로드, 파싱 결과 확인, 프로젝트 생성 및 실행 계획 수립으로 구성됩니다.\",\n    \"technical_architecture\": \"시스템은 클라우드 기반으로 설계되며, 주요 구성 요소는 데이터 파싱 모듈, 프로젝트 관리 모듈, 사용자 인터페이스입니다. 데이터 모델은 회의록 데이터와 파싱된 아이디어 및 실행 계획을 포함합니다. API는 외부 회의록 관리 시스템과의 통합을 지원하며, 인프라는 AWS를 기반으로 구축됩니다.\",\n    \"development_roadmap\": \"MVP 요구사항은 회의 내용 파싱 및 프로젝트 생성 기능을 포함합니다. 향후 개선사항으로는 AI 기반의 파싱 정확도 향상 및 사용자 맞춤형 대시보드 제공이 있습니다. 개발은 3단계로 나누어 진행되며, 1단계는 기본 파싱 기능, 2단계는 프로젝트 관리 기능, 3단계는 사용자 경험 개선을 목표로 합니다.\",\n    \"logical_dependency_chain\": \"개발 순서는 파싱 기능을 먼저 구현하고, 이후 프로젝트 관리 기능을 추가합니다. 기초 기능은 파싱 알고리즘의 정확성을 높이는 데 중점을 두며, 점진적으로 사용자 인터페이스와 통합 기능을 확장합니다.\",\n    \"risks_and_mitigations\": \"기술적 도전은 파싱 정확도와 시스템 확장성입니다. MVP는 기본 파싱 및 프로젝트 생성 기능으로 정의되며, 자원 제약사항으로는 개발 인력과 클라우드 비용이 있습니다. 이를 완화하기 위해 초기 단계에서는 핵심 기능에 집중하고, 클라우드 비용을 최적화하는 전략을 사용합니다.\",\n    \"appendix\": \"추가 정보로는 유사 시스템 분석 결과와 기술 사양이 포함됩니다. 연구 결과는 회의록 파싱의 정확도를 높이기 위한 최신 기술 동향을 반영합니다.\"\n}\n```",
  "quality_metrics": {
    "final_score": 6.0,
    "is_production_ready": true,
    "iterations_used": 3,
    "is_high_quality": false
  },
  "metadata": {
    "source_file": "../batch_triplet_results\\result_ES2011b\\05_final_result.json",
    "utterance_count": 174,
    "transcript_length": 5815,
    "speakers": [
      "Speaker_B",
      "Speaker_D",
      "Speaker_C",
      "Speaker_A"
    ],
    "dataset_type": "train",
    "processing_date": "2025-07-31T14:21:28.435023"
  }
}