{
  "id": "train_186",
  "source_dir": "result_TS3005a",
  "notion_output": "```json\n{\n    \"project_name\": \"다기능 호환 리모컨 디자인 프로젝트\",\n    \"project_purpose\": \"다양한 기기와 호환 가능한 직관적이고 혁신적인 리모컨을 설계하여 글로벌 시장에서 성공적으로 출시\",\n    \"project_period\": \"2025.01.01 ~ 2025.03.31\",\n    \"project_manager\": \"Speaker_A\",\n    \"core_objectives\": [\n        \"목표 1: 사용자 요구 사항을 반영한 직관적 리모컨 디자인 개발\",\n        \"목표 2: 글로벌 시장을 타겟으로 한 효과적인 마케팅 전략 수립\",\n        \"목표 3: 생산 비용을 12유로 이하로 유지하면서 5천만 유로의 매출 달성\",\n        \"목표 4: 다양한 장치와의 호환성 문제 해결\"\n    ],\n    \"core_idea\": \"사용자 편의성을 극대화하고 다양한 기기와 호환 가능한 다기능 리모컨 디자인\",\n    \"idea_description\": \"최소한의 버튼으로 직관적인 사용성을 제공하며, 다양한 장치와 호환 가능한 리모컨을 디자인하여 사용자의 편의성을 극대화\",\n    \"execution_plan\": [\n        \"단계 1: 사용자 요구 사항 분석 및 명세서 작성 (2025.01.01 ~ 2025.01.15)\",\n        \"단계 2: 리모컨 디자인 및 기술 기능 설계 (2025.01.16 ~ 2025.02.15)\",\n        \"단계 3: 프로토타입 제작 및 다양한 기기와의 호환성 테스트 (2025.02.16 ~ 2025.03.15)\",\n        \"단계 4: 최종 제품 생산 및 글로벌 마케팅 전략 실행 (2025.03.16 ~ 2025.03.31)\"\n    ],\n    \"expected_effects\": [\n        \"기대효과 1: 사용자 친화적인 디자인으로 고객 만족도 향상\",\n        \"기대효과 2: 국제 시장에서의 브랜드 인지도 상승\",\n        \"기대효과 3: 매출 목표 달성을 통한 회사 수익 증대\",\n        \"기대효과 4: 다양한 기기와의 호환성으로 고객층 확대\"\n    ],\n    \"design_elements\": [\n        \"디자인 요소 1: 검은색을 기본으로 한 모던한 디자인\",\n        \"디자인 요소 2: 최소한의 버튼으로 직관적인 인터페이스 제공\",\n        \"디자인 요소 3: 다양한 기기와의 호환성을 고려한 유연한 설계\"\n    ],\n    \"technical_features\": [\n        \"기술 기능 1: 숫자 버튼과 기본 기능 버튼의 최적화\",\n        \"기술 기능 2: 다양한 기기와의 호환성을 위한 프로그래머블 기능\",\n        \"기술 기능 3: 사용자 피드백을 반영한 지속적인 업데이트 가능성\"\n    ],\n    \"additional_considerations\": [\n        \"회의에서 논의된 바와 같이, 리모컨의 크기와 사용 각도를 고려하여 최적의 사용자 경험을 제공할 수 있도록 설계\",\n        \"다양한 동물의 특성을 반영하여 직관적이고 친근한 디자인 요소를 포함\",\n        \"리모컨의 버튼 수를 최소화하되, 필수 기능은 모두 포함하도록 설계\"\n    ]\n}\n```",
  "prd_output": "```json\n{\n    \"overview\": \"파싱된 프로젝트는 회의 내용을 기반으로 프로젝트를 생성하고 관리하는 시스템입니다. 이 프로젝트는 회의에서 논의된 내용을 자동으로 파싱하여 프로젝트로 변환함으로써, 사용자들이 회의 후 프로젝트를 수동으로 생성하는 번거로움을 줄여줍니다. 타겟 사용자는 주로 프로젝트 매니저, 팀 리더, 그리고 회의 주최자들입니다. 이 시스템은 시간을 절약하고, 프로젝트 관리의 효율성을 높이며, 실수를 줄이는 가치를 제공합니다.\",\n    \"core_features\": \"1. 자동 파싱 기능: 회의 내용을 자동으로 분석하여 프로젝트로 변환합니다. 2. 프로젝트 생성 및 관리: 파싱된 데이터를 기반으로 프로젝트를 생성하고 관리할 수 있습니다. 3. 사용자 정의 설정: 사용자가 원하는 대로 프로젝트 구조를 커스터마이즈할 수 있습니다.\",\n    \"user_experience\": \"사용자는 회의 후 간단한 업로드를 통해 프로젝트를 생성할 수 있습니다. 주요 페르소나는 바쁜 일정 속에서도 효율적인 프로젝트 관리를 원하는 프로젝트 매니저입니다. UI/UX는 직관적이고 사용하기 쉽게 설계되어 있습니다.\",\n    \"technical_architecture\": \"시스템은 클라우드 기반으로 설계되며, 핵심 구성 요소로는 데이터 파싱 엔진, 프로젝트 관리 모듈, 사용자 인터페이스가 포함됩니다. 데이터 모델은 회의 내용과 프로젝트 데이터 간의 매핑을 지원하며, RESTful API를 통해 외부 시스템과의 통합을 지원합니다.\",\n    \"development_roadmap\": \"MVP는 자동 파싱 기능과 기본적인 프로젝트 생성 기능을 포함합니다. 향후 개선사항으로는 고급 분석 기능과 사용자 정의 보고서 생성 기능이 있습니다. 단계별로 기능을 확장하여 최종 목표를 달성합니다.\",\n    \"logical_dependency_chain\": \"개발은 자동 파싱 엔진 구축을 시작으로, 프로젝트 생성 모듈, 사용자 인터페이스 순으로 진행됩니다. 기초 기능이 완성된 후 점진적으로 고급 기능을 추가합니다.\",\n    \"risks_and_mitigations\": \"기술적 도전으로는 자연어 처리의 정확성 확보가 있으며, 이를 위해 최신 NLP 기술을 활용합니다. MVP 정의는 핵심 기능에 집중하여 자원 제약을 최소화합니다.\",\n    \"appendix\": \"추가 정보로는 관련 연구 자료와 기술 사양 문서가 포함됩니다. 이 자료들은 프로젝트의 기술적 기반을 이해하는 데 도움이 됩니다.\"\n}\n```",
  "quality_metrics": {
    "final_score": 6.0,
    "is_production_ready": true,
    "iterations_used": 3,
    "is_high_quality": false
  },
  "metadata": {
    "source_file": "../batch_triplet_results\\result_TS3005a\\05_final_result.json",
    "utterance_count": 184,
    "transcript_length": 6410,
    "speakers": [
      "Speaker_B",
      "Speaker_D",
      "Speaker_C",
      "Speaker_A"
    ],
    "dataset_type": "train",
    "processing_date": "2025-07-31T14:38:04.660314"
  }
}