{
  "id": "train_192",
  "source_dir": "result_TS3004c",
  "notion_output": "```json\n{\n    \"project_name\": \"혁신적 스펀지 리모컨 개발 프로젝트\",\n    \"project_purpose\": \"유연한 디자인과 고급 기술을 결합하여 사용자 경험을 혁신하는 리모컨 개발\",\n    \"project_period\": \"2025.01.01 ~ 2025.03.31\",\n    \"project_manager\": \"Speaker_A\",\n    \"core_objectives\": [\n        \"목표 1: 유연하고 부드러운 스펀지 소재를 사용하여 사용자 편의성을 극대화한 리모컨 디자인\",\n        \"목표 2: 고급 칩을 활용하여 디스플레이 기능을 강화하고, 효율적인 에너지 사용을 위한 기술 구현\",\n        \"목표 3: 젊은 대중의 관심을 끌 수 있는 화려한 색상과 스타일 적용\",\n        \"목표 4: 기술부서와 협력하여 비용 효율적인 생산 방안 마련\",\n        \"목표 5: 사용자 인터페이스의 직관성과 학습 용이성 강화\"\n    ],\n    \"core_idea\": \"스펀지와 같은 유연한 소재와 고급 기술을 결합하여 혁신적이고 사용자 친화적인 리모컨 개발\",\n    \"idea_description\": \"리모컨은 스펀지와 같은 부드러운 소재로 제작되어 손에 쥐기 편하며, 고급 칩을 사용하여 디스플레이 기능을 강화하고, 화려한 색상과 스타일을 적용하여 젊은 층의 관심을 끌고자 함. 기술부서와 협력하여 비용 효율적인 생산 방안을 마련할 것.\",\n    \"execution_plan\": [\n        {\n            \"단계\": \"단계 1\",\n            \"내용\": \"디자인 컨셉 확정 및 사용자 인터페이스 설계\",\n            \"기간\": \"2025.01.01 ~ 2025.01.15\",\n            \"책임자\": \"Speaker_A\"\n        },\n        {\n            \"단계\": \"단계 2\",\n            \"내용\": \"소재 및 기술 사양 결정, 고급 칩 비용 분석\",\n            \"기간\": \"2025.01.16 ~ 2025.02.15\",\n            \"책임자\": \"Speaker_B\"\n        },\n        {\n            \"단계\": \"단계 3\",\n            \"내용\": \"프로토타입 제작 및 사용자 테스트, 피드백 수집\",\n            \"기간\": \"2025.02.16 ~ 2025.03.15\",\n            \"책임자\": \"Speaker_C\"\n        },\n        {\n            \"단계\": \"단계 4\",\n            \"내용\": \"최종 디자인 및 생산 준비, 비용 효율성 검토\",\n            \"기간\": \"2025.03.16 ~ 2025.03.31\",\n            \"책임자\": \"Speaker_D\"\n        }\n    ],\n    \"expected_effects\": [\n        \"기대효과 1: 사용자 경험 개선을 통한 고객 만족도 향상\",\n        \"기대효과 2: 혁신적인 디자인으로 시장 점유율 확대\",\n        \"기대효과 3: 젊은 소비자층의 관심을 끌어 브랜드 이미지 강화\",\n        \"기대효과 4: 비용 효율적인 생산을 통해 경쟁력 강화\",\n        \"기대효과 5: 직관적인 사용자 인터페이스로 인한 사용 편의성 증대\"\n    ],\n    \"additional_notes\": [\n        \"기술부서와의 협력을 통해 고급 칩 사용에 따른 비용 절감 방안 모색\",\n        \"디스플레이에 필요한 고급 칩의 비용을 고려하여 최적의 솔루션 제안\",\n        \"리모컨의 색상과 스타일은 젊은 층의 트렌드를 반영하여 결정\",\n        \"프로토타입 테스트를 통해 사용자 피드백을 수집하고 개선점을 반영\"\n    ]\n}\n```",
  "prd_output": "```json\n{\n    \"overview\": \"파싱된 프로젝트는 회의 내용을 기반으로 한 프로젝트로, 회의에서 논의된 사항을 체계적으로 정리하고 관리하는 것을 목표로 합니다. 이 프로젝트는 회의 내용을 효율적으로 파악하고 활용하고자 하는 사용자들을 대상으로 하며, 회의 후속 작업의 효율성을 높이는 가치를 제공합니다.\",\n    \"core_features\": \"1. 회의 내용 자동 파싱: 회의 내용을 자동으로 텍스트로 변환하고, 주요 항목을 추출하여 정리합니다. 2. 프로젝트 생성 및 관리: 파싱된 내용을 기반으로 프로젝트를 생성하고, 관련 작업을 할당 및 추적합니다. 3. 알림 및 리마인더: 중요한 마일스톤 및 작업 기한에 대한 알림을 제공합니다.\",\n    \"user_experience\": \"사용자는 회의 후 파싱된 내용을 검토하고, 이를 기반으로 프로젝트를 생성합니다. 주요 페르소나는 프로젝트 매니저와 팀 리더이며, 이들은 직관적인 UI를 통해 빠르게 작업을 설정하고 팀원들과 소통할 수 있습니다.\",\n    \"technical_architecture\": \"시스템은 음성 인식 API를 통해 회의 내용을 텍스트로 변환하고, 자연어 처리(NLP) 기술을 활용하여 주요 정보를 추출합니다. 데이터는 클라우드 기반의 데이터베이스에 저장되며, 웹 및 모바일 애플리케이션을 통해 접근 가능합니다.\",\n    \"development_roadmap\": \"1단계: MVP 개발 - 회의 내용 파싱 및 프로젝트 생성 기능 구현. 2단계: 사용자 피드백 수집 및 기능 개선. 3단계: 알림 시스템 및 추가 관리 도구 개발.\",\n    \"logical_dependency_chain\": \"1. 음성 인식 및 텍스트 변환 기능 개발. 2. 자연어 처리 기반 정보 추출 기능 구현. 3. 프로젝트 생성 및 관리 인터페이스 개발. 4. 알림 시스템 통합.\",\n    \"risks_and_mitigations\": \"기술적 도전은 음성 인식의 정확도와 자연어 처리의 효율성입니다. MVP는 기본적인 파싱 및 프로젝트 생성 기능으로 정의되며, 자원 제약사항은 클라우드 서비스 비용과 개발 인력입니다.\",\n    \"appendix\": \"추가 정보로는 음성 인식 및 NLP 관련 최신 연구 결과와 기술 사양이 포함됩니다.\"\n}\n```",
  "quality_metrics": {
    "final_score": 6.0,
    "is_production_ready": true,
    "iterations_used": 3,
    "is_high_quality": false
  },
  "metadata": {
    "source_file": "../batch_triplet_results\\result_TS3004c\\05_final_result.json",
    "utterance_count": 317,
    "transcript_length": 10155,
    "speakers": [
      "Speaker_B",
      "Speaker_D",
      "Speaker_C",
      "Speaker_A"
    ],
    "dataset_type": "train",
    "processing_date": "2025-07-31T14:46:36.789409"
  }
}