{
  "id": "train_009",
  "source_dir": "result_EN2001d",
  "notion_output": "```json\n{\n    \"project_name\": \"대화 데이터 관리 및 요약 시스템 최적화 프로젝트\",\n    \"project_purpose\": \"효율적인 대화 데이터 관리 및 요약 시스템을 구축하여 회의 내용을 체계적으로 관리하고 분석하며, 사용자에게 직관적인 정보를 제공\",\n    \"project_period\": \"2025.01.01 ~ 2025.03.31\",\n    \"project_manager\": \"Speaker_D\",\n    \"core_objectives\": [\n        \"목표 1: 대화 데이터의 효율적인 관리 및 검색 기능 구현\",\n        \"목표 2: 대화 내용의 자동 요약 및 시각화 기능 개발\",\n        \"목표 3: 사용자 친화적인 인터페이스 제공\",\n        \"목표 4: 세그먼트 ID 관리 및 데이터 통합 기능 강화\"\n    ],\n    \"core_idea\": \"대화 데이터를 효과적으로 관리하고 요약하는 시스템을 개발하여 회의의 효율성을 높이고, 사용자에게 직관적인 정보를 제공\",\n    \"idea_description\": \"대화 데이터를 관리하는 데이터 관리자와 요약기를 개발하여, 대화 내용을 자동으로 요약하고 시각화하여 사용자에게 제공. 이를 통해 회의의 핵심 내용을 빠르게 파악할 수 있도록 지원하며, 세그먼트 ID 관리 및 데이터 통합을 통해 데이터의 일관성과 접근성을 높임\",\n    \"execution_plan\": {\n        \"1단계\": {\n            \"기간\": \"2025.01.01 ~ 2025.01.31\",\n            \"내용\": \"데이터 관리 및 검색 기능 개발\",\n            \"세부사항\": [\n                \"모든 발언에 고유한 ID 부여\",\n                \"대화 막 번호를 배열 인덱스와 일치시켜 데이터의 일관성 유지\",\n                \"인덱스 검색 기능 구현 및 검색 결과 시각화\"\n            ]\n        },\n        \"2단계\": {\n            \"기간\": \"2025.02.01 ~ 2025.02.28\",\n            \"내용\": \"대화 요약 및 시각화 기능 개발\",\n            \"세부사항\": [\n                \"대화 내용을 자동으로 요약하는 요약기 개발\",\n                \"요약의 정도를 조정할 수 있는 기능 포함\",\n                \"요약 결과를 시각적으로 표시\"\n            ]\n        },\n        \"3단계\": {\n            \"기간\": \"2025.03.01 ~ 2025.03.31\",\n            \"내용\": \"사용자 인터페이스 디자인 및 테스트\",\n            \"세부사항\": [\n                \"사용자 친화적인 인터페이스 설계\",\n                \"사용자 피드백을 반영한 인터페이스 개선\",\n                \"다양한 디스플레이 옵션 제공\"\n            ]\n        },\n        \"4단계\": {\n            \"기간\": \"2025.03.01 ~ 2025.03.31\",\n            \"내용\": \"세그먼트 ID 관리 및 데이터 통합 기능 강화\",\n            \"세부사항\": [\n                \"세그먼트 ID를 통해 대화 내용을 주제별로 분류\",\n                \"연속적인 ID 부여로 데이터 접근성 향상\",\n                \"데이터 통합을 통한 일관성 유지\"\n            ]\n        }\n    },\n    \"technical_details\": {\n        \"data_management\": \"데이터 관리자는 모든 발언에 고유한 ID를 부여하고, 대화 막 번호를 배열 인덱스와 일치시켜 데이터의 일관성을 유지\",\n        \"segment_management\": \"세그먼트 ID를 통해 대화 내용을 주제별로 분류하고, 연속적인 ID를 부여하여 데이터의 접근성을 높임\",\n        \"search_functionality\": \"인덱스 검색 기능을 통해 대화 내용을 빠르게 검색하고, 검색 결과를 시각적으로 표시\",\n        \"summary_functionality\": \"요약기는 대화 내용을 자동으로 요약하여 사용자에게 제공하며, 요약의 정도를 조정할 수 있는 기능 포함\"\n    },\n    \"expected_effects\": [\n        \"기대효과 1: 대화 데이터 관리의 효율성 향상으로 시간 절약\",\n        \"기대효과 2: 자동 요약 기능을 통한 회의 내용 파악 시간 단축\",\n        \"기대효과 3: 사용자 친화적인 인터페이스로 사용자 만족도 증가\",\n        \"기대효과 4: 세그먼트 ID 관리 및 데이터 통합을 통한 데이터 일관성 및 접근성 향상\"\n    ]\n}\n```",
  "prd_output": "```json\n{\n    \"overview\": \"파싱된 프로젝트는 회의 내용을 기반으로 프로젝트를 생성하고 관리하는 도구입니다. 이 프로젝트는 회의에서 논의된 내용을 체계적으로 정리하고 이를 바탕으로 프로젝트를 자동으로 생성하여 사용자에게 제공하는 것을 목표로 합니다. 타겟 사용자는 회의에서 논의된 내용을 효율적으로 관리하고자 하는 팀과 개인입니다. 이 도구는 사용자가 회의 내용을 놓치지 않고 프로젝트로 전환할 수 있는 가치를 제공합니다.\",\n    \"core_features\": \"1. 회의 내용 파싱: 회의에서 논의된 내용을 자동으로 파싱하여 프로젝트의 기초 데이터를 생성합니다. 2. 프로젝트 자동 생성: 파싱된 데이터를 기반으로 프로젝트를 자동으로 생성하고 관리할 수 있는 기능을 제공합니다. 3. 사용자 맞춤형 대시보드: 사용자에게 맞춤형 대시보드를 제공하여 프로젝트 진행 상황을 쉽게 파악할 수 있도록 합니다.\",\n    \"user_experience\": \"사용자는 회의가 끝난 후, 회의 내용을 입력하거나 업로드하여 프로젝트를 생성할 수 있습니다. 주요 페르소나는 프로젝트 매니저와 팀 리더로, 이들은 회의 내용을 효율적으로 관리하고 팀원들과 공유할 수 있는 기능을 필요로 합니다. UI/UX는 직관적이고 사용하기 쉬운 인터페이스를 제공하여 사용자 경험을 극대화합니다.\",\n    \"technical_architecture\": \"시스템은 클라우드 기반으로 설계되며, 데이터 모델은 회의 내용과 프로젝트 데이터를 효율적으로 처리할 수 있도록 설계됩니다. API는 외부 시스템과의 연동을 지원하며, 인프라는 확장성과 안정성을 고려하여 구성됩니다.\",\n    \"development_roadmap\": \"MVP 요구사항에는 회의 내용 파싱 및 프로젝트 자동 생성 기능이 포함됩니다. 향후 개선사항으로는 AI 기반의 회의 내용 분석 기능과 사용자 맞춤형 추천 기능이 계획되어 있습니다. 개발은 단계별로 진행되며, 초기에는 핵심 기능 구현에 집중합니다.\",\n    \"logical_dependency_chain\": \"개발 순서는 회의 내용 파싱 기능을 먼저 구현하고, 이후 프로젝트 자동 생성 기능을 개발합니다. 기초 기능이 완료되면 사용자 맞춤형 대시보드와 추가 기능을 점진적으로 개발합니다.\",\n    \"risks_and_mitigations\": \"기술적 도전으로는 회의 내용을 정확하게 파싱하는 알고리즘 개발이 있으며, 이를 위해 초기 MVP에서는 기본적인 파싱 기능만을 구현하고, 이후 개선을 통해 정확도를 높입니다. 자원 제약사항으로는 개발 인력과 시간 관리가 있으며, 이를 위해 단계별 개발 계획을 수립하고 우선순위를 명확히 합니다.\",\n    \"appendix\": \"추가 정보로는 회의 내용 파싱에 사용되는 알고리즘 연구 결과와 기술 사양이 포함됩니다. 또한, 유사 도구와의 비교 분석 자료가 제공됩니다.\"\n}\n```",
  "quality_metrics": {
    "final_score": 6.0,
    "is_production_ready": true,
    "iterations_used": 3,
    "is_high_quality": false
  },
  "metadata": {
    "source_file": "../batch_triplet_results\\result_EN2001d\\05_final_result.json",
    "utterance_count": 393,
    "transcript_length": 15491,
    "speakers": [
      "Speaker_A",
      "Speaker_B",
      "Speaker_E",
      "Speaker_D",
      "Speaker_C"
    ],
    "dataset_type": "train",
    "processing_date": "2025-07-31T10:58:07.016273"
  }
}