{
  "id": "train_116",
  "source_dir": "result_IS1003a",
  "notion_output": "```json\n{\n    \"project_name\": \"국제 시장을 겨냥한 혁신적 리모컨 개발 프로젝트\",\n    \"project_purpose\": \"사용자 경험을 혁신적으로 개선하고, 국제 시장에서 경쟁력을 갖춘 리모컨 개발\",\n    \"project_period\": \"2025.01.01 ~ 2025.03.31\",\n    \"project_manager\": \"Speaker_A\",\n    \"core_objectives\": [\n        \"목표 1: 사용자 인터페이스와 산업 디자인의 효과적인 통합을 통해 사용성 극대화\",\n        \"목표 2: 제품 판매 가격을 12유로 50센트 이하로 유지하여 가격 경쟁력 확보\",\n        \"목표 3: 국제 시장에 출시할 수 있는 글로벌 리모컨 개발\"\n    ],\n    \"core_idea\": \"사용자 친화적이고 혁신적인 기능을 갖춘 리모컨 개발\",\n    \"idea_description\": \"기존 리모컨에 없는 새로운 기능을 추가하여 사용자 경험을 개선하고, 국제 시장을 겨냥한 경쟁력 있는 가격으로 제공\",\n    \"execution_plan\": [\n        \"단계 1: 기능 및 개념 설계 (2025.01.01 ~ 2025.01.31) - 사용자 인터페이스와 산업 디자인의 통합 방안 논의 및 설계, 새로운 기능 아이디어 구체화\",\n        \"단계 2: 세부 설계 및 프로토타입 개발 (2025.02.01 ~ 2025.02.28) - 프로토타입 제작, 초기 사용자 피드백 수집 및 기능 개선\",\n        \"단계 3: 사용자 테스트 및 피드백 반영 (2025.03.01 ~ 2025.03.15) - 사용자 테스트를 통한 개선점 도출 및 반영, 최종 디자인 확정\",\n        \"단계 4: 최종 제품 출시 준비 (2025.03.16 ~ 2025.03.31) - 최종 제품 검토, 마케팅 전략 수립 및 출시 준비\"\n    ],\n    \"expected_effects\": [\n        \"기대효과 1: 사용자 경험 향상으로 인한 시장 점유율 증가\",\n        \"기대효과 2: 국제 시장 진출을 통한 매출 증대\",\n        \"기대효과 3: 혁신적인 디자인으로 브랜드 이미지 강화\"\n    ],\n    \"additional_notes\": [\n        \"회의에서 언급된 새로운 기능은 사용자 인터페이스의 직관성 향상과 기존 리모컨에 없는 기능 추가\",\n        \"가격 정보의 일관성을 위해 12유로 50센트 이하로 유지하며, 이익을 극대화할 수 있는 설계 필요\",\n        \"사용자 인터페이스 디자이너와 산업 디자이너 간의 협업을 통해 최적의 디자인 솔루션 도출\",\n        \"회의에서 결정된 바와 같이, 리모컨의 새로운 기능은 사용자가 쉽게 접근할 수 있는 직관적인 인터페이스 제공\"\n    ]\n}\n```",
  "prd_output": "```json\n{\n    \"overview\": \"파싱된 프로젝트는 회의 내용을 기반으로 프로젝트를 관리하고 추적하는 시스템입니다. 이 프로젝트는 회의에서 논의된 내용을 효과적으로 파악하고 이를 바탕으로 프로젝트를 체계적으로 관리하려는 사용자들을 대상으로 합니다. 주요 가치 제안은 회의 내용을 자동으로 파싱하여 프로젝트 관리에 필요한 정보를 추출하고 이를 통해 효율적인 프로젝트 진행을 돕는 것입니다.\",\n    \"core_features\": \"1. 회의 내용 자동 파싱: 회의 기록을 자동으로 분석하여 프로젝트 관련 정보를 추출합니다. 2. 프로젝트 생성 및 관리: 파싱된 정보를 바탕으로 프로젝트를 자동 생성하고 관리할 수 있습니다. 3. 목표 추적: 설정된 목표를 지속적으로 추적하고 진행 상황을 시각화합니다.\",\n    \"user_experience\": \"사용자는 회의 내용을 업로드하면 자동으로 파싱된 결과를 확인할 수 있습니다. 주요 사용자 페르소나는 프로젝트 매니저와 팀 리더로, 이들은 회의 후 빠르게 프로젝트를 설정하고 관리할 수 있습니다. UI/UX는 직관적이고 사용하기 쉬운 인터페이스를 제공하여 사용자가 쉽게 정보를 확인하고 조작할 수 있도록 설계됩니다.\",\n    \"technical_architecture\": \"시스템은 클라우드 기반으로 구성되며, 데이터 모델은 회의 내용, 프로젝트 정보, 목표 등을 포함합니다. API는 외부 회의 기록 시스템과의 통합을 지원하며, 인프라는 확장 가능한 서버리스 아키텍처를 사용합니다.\",\n    \"development_roadmap\": \"MVP 요구사항은 회의 내용 파싱 및 기본적인 프로젝트 생성 기능을 포함합니다. 이후 단계에서는 목표 추적 및 시각화 기능, 외부 시스템과의 통합 기능이 추가될 예정입니다.\",\n    \"logical_dependency_chain\": \"먼저 회의 내용 파싱 기능을 개발하고, 이를 바탕으로 프로젝트 생성 기능을 구현합니다. 이후 목표 추적 기능을 추가하며, 마지막으로 외부 시스템과의 통합을 진행합니다.\",\n    \"risks_and_mitigations\": \"기술적 도전은 자연어 처리의 정확도와 성능입니다. 이를 위해 최신 NLP 기술을 활용하고 지속적인 모델 개선을 통해 완화할 수 있습니다. 자원 제약사항으로는 데이터 처리 비용이 있으며, 서버리스 아키텍처를 통해 비용 효율성을 높입니다.\",\n    \"appendix\": \"추가 정보로는 최신 NLP 기술 연구 결과와 관련 기술 사양이 포함됩니다. 이를 통해 프로젝트의 기술적 기반을 강화합니다.\"\n}\n```",
  "quality_metrics": {
    "final_score": 6.0,
    "is_production_ready": true,
    "iterations_used": 3,
    "is_high_quality": false
  },
  "metadata": {
    "source_file": "../batch_triplet_results\\result_IS1003a\\05_final_result.json",
    "utterance_count": 120,
    "transcript_length": 3941,
    "speakers": [
      "Speaker_B",
      "Speaker_D",
      "Speaker_C",
      "Speaker_A"
    ],
    "dataset_type": "train",
    "processing_date": "2025-07-31T13:08:34.036567"
  }
}