{
  "id": "train_210",
  "source_dir": "result_ES2002b",
  "notion_output": "```json\n{\n    \"project_name\": \"스마트 리모컨 개발 프로젝트\",\n    \"project_purpose\": \"사용자 친화적인 인터페이스와 첨단 기술을 결합한 리모컨 개발\",\n    \"project_period\": \"2025.01.01 ~ 2025.06.30\",\n    \"project_manager\": \"Speaker_B\",\n    \"core_objectives\": [\n        \"목표 1: 사용자 친화적인 인터페이스 설계\",\n        \"목표 2: 음성 인식 기능 포함\",\n        \"목표 3: 비용 효율적인 생산 및 시장 출시\"\n    ],\n    \"core_idea\": \"첨단 기술과 직관적인 사용성을 결합한 스마트 리모컨\",\n    \"idea_description\": \"스마트 리모컨은 사용자가 쉽게 접근할 수 있는 기본 기능과 음성 인식 등 첨단 기능을 제공하여, 15세에서 35세 사이의 기술 친화적인 사용자층을 타겟으로 한다.\",\n    \"execution_plan\": {\n        \"단계 1\": \"시장 조사 및 요구사항 분석 (2025.01.01 ~ 2025.01.31)\",\n        \"단계 2\": \"디자인 및 프로토타입 개발 (2025.02.01 ~ 2025.03.31)\",\n        \"단계 3\": \"기능 테스트 및 피드백 수집 (2025.04.01 ~ 2025.04.30)\",\n        \"단계 4\": \"최종 제품 개발 및 생산 준비 (2025.05.01 ~ 2025.05.31)\",\n        \"단계 5\": \"제품 출시 및 마케팅 (2025.06.01 ~ 2025.06.30)\"\n    },\n    \"expected_effects\": [\n        \"기대효과 1: 사용자 만족도 증가 - 직관적인 인터페이스로 인한 사용 편의성 향상\",\n        \"기대효과 2: 시장 점유율 확대 - 첨단 기술을 활용한 차별화된 제품으로 경쟁력 강화\",\n        \"기대효과 3: 비용 절감 - 효율적인 생산 프로세스를 통해 비용 절감 및 수익성 향상\"\n    ]\n}\n```",
  "prd_output": "```json\n{\n    \"overview\": \"파싱된 프로젝트는 회의 내용을 기반으로 한 프로젝트로, 회의에서 논의된 내용을 체계적으로 정리하고 관리하는 것을 목표로 합니다. 이 프로젝트는 회의 내용을 효율적으로 파악하고 활용하고자 하는 사용자들을 대상으로 하며, 회의 후속 작업의 효율성을 높이는 가치를 제공합니다.\",\n    \"core_features\": \"1. 회의 내용 자동 파싱: 회의 녹음 파일을 텍스트로 변환하고, 중요한 포인트를 자동으로 추출합니다. 2. 프로젝트 생성 및 관리: 파싱된 내용을 기반으로 프로젝트를 생성하고, 관련 작업을 할당 및 추적합니다. 3. 협업 기능: 팀원들과의 실시간 협업 및 피드백 기능을 제공합니다.\",\n    \"user_experience\": \"사용자는 회의 녹음 파일을 업로드하고, 자동으로 생성된 프로젝트를 검토 및 수정할 수 있습니다. 주요 페르소나는 프로젝트 매니저와 팀원들로, 직관적인 UI를 통해 빠르게 회의 내용을 파악하고 후속 작업을 진행할 수 있습니다.\",\n    \"technical_architecture\": \"시스템은 클라우드 기반으로 설계되며, 음성 인식 API를 활용하여 회의 내용을 텍스트로 변환합니다. 데이터베이스는 NoSQL을 사용하여 유연한 데이터 구조를 지원하며, 웹 애플리케이션은 React와 Node.js로 개발됩니다.\",\n    \"development_roadmap\": \"1단계: MVP 개발 - 회의 내용 파싱 및 프로젝트 생성 기능 구현. 2단계: 협업 기능 추가 - 팀원 간의 실시간 협업 및 피드백 기능 구현. 3단계: 사용자 피드백 기반 개선 - 사용자 경험 개선 및 추가 기능 개발.\",\n    \"logical_dependency_chain\": \"1. 음성 인식 및 텍스트 변환 기능 개발. 2. 프로젝트 생성 및 관리 기능 구현. 3. 협업 기능 개발. 4. 사용자 피드백 수집 및 개선.\",\n    \"risks_and_mitigations\": \"기술적 도전은 음성 인식의 정확도와 텍스트 파싱의 효율성입니다. 이를 위해 최신 음성 인식 기술을 도입하고, 지속적인 테스트를 통해 정확도를 개선할 계획입니다. 자원 제약사항으로는 개발 인력과 시간 관리가 있으며, 이를 위해 우선순위를 명확히 하고 단계별로 개발을 진행합니다.\",\n    \"appendix\": \"추가 정보로는 음성 인식 기술에 대한 연구 자료와, 유사 프로젝트의 사례 분석이 포함됩니다.\"\n}\n```",
  "quality_metrics": {
    "final_score": 6.0,
    "is_production_ready": true,
    "iterations_used": 1,
    "is_high_quality": false
  },
  "metadata": {
    "source_file": "../batch_triplet_results\\result_ES2002b\\05_final_result.json",
    "utterance_count": 264,
    "transcript_length": 9711,
    "speakers": [
      "Speaker_A",
      "Speaker_B",
      "Speaker_D",
      "Speaker_C"
    ],
    "dataset_type": "train",
    "processing_date": "2025-07-31T15:04:25.797383"
  }
}