{
  "id": "train_254",
  "source_dir": "result_제22대국회 제419회(임시회) 제1차 과학기술정보방송통신위원회(전체회의) (2024.12.13.)",
  "notion_output": "```json\n{\n    \"project_name\": \"과학기술정보방송통신위원회 법안 심사 및 비상계엄 대응 프로젝트\",\n    \"project_purpose\": \"과학기술 및 방송통신 분야의 법률 체계 강화와 비상계엄 관련 국가 안보 및 통신 안전 확보를 위한 대응 방안 마련\",\n    \"project_period\": \"2023.12.13 ~ 2024.03.31\",\n    \"project_manager\": \"최민희 위원장\",\n    \"core_objectives\": [\n        \"목표 1: 방송통신위원회의 설치 및 운영에 관한 법률 개정안 심사 및 주요 수정 사항 반영\",\n        \"목표 2: 국가전략기술 육성 및 선진원자로 개발 촉진 관련 법안 심사와 구체적 추진 방안 마련\",\n        \"목표 3: 비상계엄 관련 현안 질의를 통해 국가 안보 및 통신 안전 강화 방안 도출\"\n    ],\n    \"core_idea\": \"과학기술 및 방송통신 분야의 법적 체계 정비와 비상계엄 대응을 통한 국가 경쟁력 및 국민 안전 강화\",\n    \"idea_description\": \"과학기술 및 방송통신 분야의 법률 개정과 비상계엄 관련 현안 질의를 통해 법적 체계를 강화하고, 국가 안보 및 통신 안전을 확보하여 국민의 자유와 권리를 보호\",\n    \"execution_plan\": [\n        {\n            \"phase\": \"법안 심사\",\n            \"period\": \"2023.12.13 ~ 2024.01.31\",\n            \"activities\": [\n                \"방송통신위원회 설치 및 운영에 관한 법률 개정안 심사\",\n                \"국가전략기술 육성 및 선진원자로 개발 촉진 관련 법안 심사\",\n                \"각 법안의 주요 내용 및 수정 사항 논의\"\n            ],\n            \"responsible_person\": \"최형두 위원\"\n        },\n        {\n            \"phase\": \"현안 질의\",\n            \"period\": \"2024.02.01 ~ 2024.02.28\",\n            \"activities\": [\n                \"비상계엄 관련 현안 질의 및 대응 방안 논의\",\n                \"국가 안보 및 통신 안전 강화 방안 도출\",\n                \"관련 기관 및 전문가 의견 수렴\"\n            ],\n            \"responsible_person\": \"이정헌 위원\"\n        },\n        {\n            \"phase\": \"결과 보고 및 후속 조치\",\n            \"period\": \"2024.03.01 ~ 2024.03.31\",\n            \"activities\": [\n                \"법안 심사 및 현안 질의 결과 보고서 작성\",\n                \"후속 입법 및 정책 제안\",\n                \"성과 평가 및 개선 방안 마련\"\n            ],\n            \"responsible_person\": \"김현 위원\"\n        }\n    ],\n    \"expected_effects\": [\n        \"기대효과 1: 법률 개정을 통한 과학기술 및 방송통신 분야의 체계적 발전 및 규제 완화\",\n        \"기대효과 2: 국가전략기술 및 선진원자로 개발 촉진을 통한 산업 경쟁력 강화\",\n        \"기대효과 3: 비상계엄 관련 현안 해결을 통한 국민 안전 및 통신 보호 강화\"\n    ],\n    \"detailed_discussions\": [\n        {\n            \"topic\": \"방송통신위원회의 설치 및 운영에 관한 법률 개정안\",\n            \"details\": \"방송통신심의위원회 회의 의사정족수 규정 신설 및 심의위원회 운영경비 지원 규정 수정\"\n        },\n        {\n            \"topic\": \"비상계엄 관련 현안 질의\",\n            \"details\": \"계엄 선포 및 해제 과정에서의 절차적 문제점 및 국가기관의 대응 방안 논의\"\n        },\n        {\n            \"topic\": \"국가전략기술 육성 및 선진원자로 개발 촉진\",\n            \"details\": \"기술 육성 주체의 외국 정부나 기관과의 정보 제공 시 사전 협의 필요성 및 입법 취지 검토\"\n        }\n    ],\n    \"additional_notes\": [\n        \"회의에서 논의된 비상계엄 관련 세부사항을 반영하여 국가 안보와 통신 안전 강화 부분을 구체화\",\n        \"법안 심사에 포함된 각 법안의 주요 내용과 논의 결과를 명시\",\n        \"실행 계획에 따른 구체적인 활동과 책임자를 명확히 정의\"\n    ]\n}\n```",
  "prd_output": "```json\n{\n    \"overview\": \"파싱된 프로젝트는 회의 내용을 기반으로 프로젝트를 생성하고 관리하는 도구입니다. 이 프로젝트는 회의에서 논의된 내용을 자동으로 파싱하여 프로젝트로 변환함으로써 사용자의 생산성을 높이고, 프로젝트 관리의 효율성을 극대화하는 것을 목표로 합니다. 타겟 사용자는 회의를 자주 진행하는 팀 리더, 프로젝트 매니저, 그리고 협업이 필요한 팀원들입니다. 이 도구는 회의 후에 수동으로 프로젝트를 생성하는 번거로움을 줄이고, 실시간으로 프로젝트를 업데이트할 수 있는 가치 제안을 제공합니다.\",\n    \"core_features\": \"1. 회의 내용 자동 파싱: 회의에서 논의된 내용을 자동으로 파싱하여 프로젝트로 변환합니다. 2. 프로젝트 생성 및 관리: 파싱된 내용을 바탕으로 프로젝트를 자동 생성하고 관리할 수 있습니다. 3. 실시간 업데이트: 회의 중에 발생하는 변경 사항을 실시간으로 반영합니다. 4. 사용자 정의 템플릿: 사용자가 자주 사용하는 프로젝트 템플릿을 저장하고 활용할 수 있습니다.\",\n    \"user_experience\": \"사용자는 회의가 끝난 후, 파싱된 프로젝트를 통해 자동으로 생성된 프로젝트를 검토하고 수정할 수 있습니다. 페르소나는 프로젝트 매니저로, 주요 플로우는 회의 내용 입력 -> 자동 파싱 -> 프로젝트 생성 -> 수정 및 관리입니다. UI/UX는 직관적이고 사용하기 쉬운 인터페이스를 제공하여, 사용자가 최소한의 노력으로 프로젝트를 관리할 수 있도록 설계됩니다.\",\n    \"technical_architecture\": \"시스템은 클라이언트 애플리케이션, 서버, 데이터베이스로 구성됩니다. 데이터 모델은 회의 내용, 프로젝트 정보, 사용자 데이터를 포함합니다. API는 클라이언트와 서버 간의 데이터 전송을 담당하며, 인프라는 클라우드 기반으로 확장성을 고려하여 설계됩니다.\",\n    \"development_roadmap\": \"MVP 요구사항은 회의 내용 자동 파싱 및 프로젝트 생성 기능입니다. 향후 개선사항으로는 사용자 정의 템플릿 기능과 실시간 업데이트 기능이 포함됩니다. 단계별 개발 범위는 초기에는 핵심 기능 구현에 집중하고, 이후 피드백을 기반으로 기능을 확장합니다.\",\n    \"logical_dependency_chain\": \"개발 순서는 회의 내용 파싱 기능을 먼저 구현하고, 그 다음 프로젝트 생성 기능을 개발합니다. 이후 사용자 정의 템플릿과 실시간 업데이트 기능을 점진적으로 추가합니다. 기초 기능 우선순위는 파싱 기능이 가장 중요합니다.\",\n    \"risks_and_mitigations\": \"기술적 도전은 자연어 처리 기술을 활용한 정확한 파싱입니다. MVP 정의는 기본적인 파싱 및 프로젝트 생성 기능으로 설정됩니다. 자원 제약사항은 개발 인력과 시간입니다. 이를 완화하기 위해 초기 MVP에 집중하고, 피드백을 통해 점진적으로 개선합니다.\",\n    \"appendix\": \"추가 정보로는 자연어 처리 연구 결과와 기술 사양이 포함됩니다. 이 외에도 유사한 프로젝트 사례와 시장 조사 결과가 참고 자료로 제공됩니다.\"\n}\n```",
  "quality_metrics": {
    "final_score": 6.0,
    "is_production_ready": true,
    "iterations_used": 3,
    "is_high_quality": false
  },
  "metadata": {
    "source_file": "../batch_triplet_results\\result_제22대국회 제419회(임시회) 제1차 과학기술정보방송통신위원회(전체회의) (2024.12.13.)\\05_final_result.json",
    "utterance_count": 744,
    "transcript_length": 40399,
    "speakers": [
      "이준석 위원",
      "방송통신심의위원회사무총장 이현주",
      "증인 김태규",
      "최형두 위원",
      "전문위원 임명현",
      "과학기술정보통신부제2차관 강도현",
      "참고인 이호찬",
      "김현 위원",
      "노종면 위원",
      "한민수 위원",
      "이해민의원비서관 김경미",
      "참고인 박상현",
      "조인철 위원",
      "증인 유상임",
      "수석전문위원 김건오",
      "참고인 김어준",
      "김우영 위원",
      "박민규 위원",
      "위원장 최민희",
      "이훈기 위원",
      "방송통신위원회기획조정관 김영관",
      "이정헌 위원",
      "황정아 위원"
    ],
    "dataset_type": "train",
    "processing_date": "2025-07-31T15:57:45.614490"
  }
}