{
  "id": "train_026",
  "source_dir": "result_Bmr024_processed",
  "notion_output": "```json\n{\n    \"project_name\": \"SmartKom 데이터 세분화 및 인식 최적화 프로젝트\",\n    \"project_purpose\": \"SmartKom 시스템의 데이터 세분화 및 인식 기능을 개선하여 효율성과 정확성을 높이고, 데이터 관리 및 백업 시스템을 강화하는 것\",\n    \"project_period\": \"2024.01.01 ~ 2024.06.30\",\n    \"project_manager\": \"Speaker_D\",\n    \"core_objectives\": [\n        \"목표 1: 자동 세분화 기능을 통한 데이터 정렬 최적화 및 오류 감소\",\n        \"목표 2: SmartKom 시스템의 인식 오류율 감소 및 인식 정확도 향상\",\n        \"목표 3: 데이터 백업 및 관리 시스템의 안정성 및 효율성 증대\"\n    ],\n    \"core_idea\": \"SmartKom 시스템의 인식 및 데이터 관리 효율성을 높이기 위한 기술적 개선\",\n    \"idea_description\": \"자동 세분화 및 정렬 기능을 활용하여 데이터의 정확성을 높이고, 인식 오류를 줄이며, 백업 시스템을 최적화하여 데이터 관리의 효율성을 극대화한다.\",\n    \"execution_plan\": [\n        {\n            \"phase\": \"단계 1\",\n            \"description\": \"현재 데이터 세분화 및 인식 시스템 분석\",\n            \"period\": \"2024.01.01 ~ 2024.02.15\",\n            \"tasks\": [\n                \"현재 데이터 세분화 시스템의 자동화 수준 평가\",\n                \"인식 시스템의 오류율 분석\",\n                \"백업 시스템의 현재 상태 및 문제점 평가\"\n            ]\n        },\n        {\n            \"phase\": \"단계 2\",\n            \"description\": \"자동 세분화 및 정렬 기능 개발 및 테스트\",\n            \"period\": \"2024.02.16 ~ 2024.03.31\",\n            \"tasks\": [\n                \"자동 세분화 기능의 정밀도 향상\",\n                \"오류 검출 기능 강화\",\n                \"테스트 데이터 세트 확장\"\n            ]\n        },\n        {\n            \"phase\": \"단계 3\",\n            \"description\": \"인식 오류율 감소를 위한 시스템 개선 및 검증\",\n            \"period\": \"2024.04.01 ~ 2024.05.15\",\n            \"tasks\": [\n                \"인식 시스템 알고리즘 개선\",\n                \"PLP 및 MFCC 기능 비교 및 최적화\",\n                \"훈련 및 테스트 데이터 세트 재훈련\"\n            ]\n        },\n        {\n            \"phase\": \"단계 4\",\n            \"description\": \"데이터 백업 및 관리 시스템 최적화 및 테스트\",\n            \"period\": \"2024.05.16 ~ 2024.06.30\",\n            \"tasks\": [\n                \"백업 시스템 용량 증대\",\n                \"효율적인 데이터 관리 프로세스 도입\",\n                \"백업 시스템의 안정성 테스트\"\n            ]\n        }\n    ],\n    \"expected_effects\": [\n        \"기대효과 1: 데이터 처리 속도 향상 및 인식 정확도 증가\",\n        \"기대효과 2: 백업 시스템의 안정성 및 효율성 증대\",\n        \"기대효과 3: SmartKom 시스템의 전반적인 성능 개선으로 인한 사용자 만족도 향상\"\n    ],\n    \"additional_details\": {\n        \"technical_issues\": [\n            \"현재 데이터 세분화 시스템의 불완전한 자동화 문제\",\n            \"인식 시스템의 높은 오류율 문제 및 개선 필요성\",\n            \"백업 시스템의 포화 상태와 효율성 문제\"\n        ],\n        \"proposed_solutions\": [\n            \"자동 세분화 기능의 정밀도 향상 및 오류 검출 기능 강화\",\n            \"인식 시스템의 알고리즘 개선 및 테스트 데이터 확장\",\n            \"백업 시스템의 용량 증대 및 효율적인 데이터 관리 프로세스 도입\"\n        ],\n        \"meeting_highlights\": [\n            \"SmartKom의 데이터 세분화 및 인식 개선 필요성 논의\",\n            \"데이터 백업 시스템의 현재 상태 및 개선 방안 토의\",\n            \"인식 오류율 감소를 위한 기술적 접근 방법 검토\",\n            \"PLP와 MFCC 기능의 비교 및 최적화 필요성\"\n        ]\n    }\n}\n```",
  "prd_output": "```json\n{\n    \"overview\": \"파싱된 프로젝트는 회의 내용을 기반으로 한 프로젝트입니다. 이 프로젝트는 회의에서 논의된 내용을 체계적으로 정리하고 관리할 수 있는 솔루션을 제공합니다. 타겟 사용자는 회의 기록을 효율적으로 관리하고자 하는 기업 및 팀입니다. 이 프로젝트는 회의 내용을 자동으로 파싱하여 프로젝트 관리에 필요한 정보를 제공함으로써 업무 효율성을 높이는 것을 목표로 합니다.\",\n    \"core_features\": \"주요 기능으로는 1) 회의 내용 자동 파싱: 회의 기록을 텍스트로 변환하고 핵심 정보를 추출합니다. 2) 프로젝트 생성 및 관리: 파싱된 정보를 기반으로 프로젝트를 생성하고 관리할 수 있습니다. 3) 협업 도구 통합: 다양한 협업 도구와 연동하여 정보를 공유하고 협업을 촉진합니다.\",\n    \"user_experience\": \"사용자는 회의 내용을 업로드하면 자동으로 파싱된 정보를 확인할 수 있습니다. 주요 페르소나는 프로젝트 매니저와 팀 리더로, 이들은 회의 기록을 통해 프로젝트를 생성하고 팀원들과 공유합니다. UI/UX는 직관적이고 사용하기 쉬운 인터페이스를 제공하여 사용자가 쉽게 접근할 수 있도록 설계됩니다.\",\n    \"technical_architecture\": \"시스템은 클라우드 기반으로 설계되며, 데이터 모델은 회의 기록, 파싱된 정보, 프로젝트 데이터로 구성됩니다. API는 외부 협업 도구와의 연동을 지원하며, 인프라는 확장성을 고려하여 설계됩니다.\",\n    \"development_roadmap\": \"MVP 요구사항은 회의 내용 파싱 및 프로젝트 생성 기능을 포함합니다. 향후 개선사항으로는 다양한 협업 도구와의 통합 및 고급 분석 기능이 있습니다. 개발은 단계별로 진행되며, 초기에는 핵심 기능에 집중합니다.\",\n    \"logical_dependency_chain\": \"개발 순서는 회의 내용 파싱 기능을 먼저 구현하고, 이후 프로젝트 생성 및 관리 기능을 개발합니다. 기초 기능이 완성된 후 협업 도구 통합을 진행합니다.\",\n    \"risks_and_mitigations\": \"기술적 도전으로는 자연어 처리의 정확성 확보가 있으며, 이를 위해 최신 NLP 기술을 활용합니다. MVP 정의는 필수 기능에 집중하여 자원 제약사항을 고려한 현실적인 목표를 설정합니다.\",\n    \"appendix\": \"추가 정보로는 시장 조사 결과 및 기술 사양이 포함됩니다. 연구 결과는 회의 관리 솔루션의 필요성을 뒷받침하며, 기술 사양은 시스템 설계에 대한 구체적인 정보를 제공합니다.\"\n}\n```",
  "quality_metrics": {
    "final_score": 6.0,
    "is_production_ready": true,
    "iterations_used": 3,
    "is_high_quality": false
  },
  "metadata": {
    "source_file": "../batch_triplet_results\\result_Bmr024_processed\\05_final_result.json",
    "utterance_count": 1064,
    "transcript_length": 34668,
    "speakers": [
      "Speaker_F",
      "Speaker_A",
      "Speaker_H",
      "Speaker_G",
      "Speaker_B",
      "Speaker_E",
      "Speaker_I",
      "Speaker_D",
      "Speaker_C"
    ],
    "dataset_type": "train",
    "processing_date": "2025-07-31T11:19:43.835152"
  }
}