{
  "id": "train_157",
  "source_dir": "result_제22대국회 제423회(임시회) 제2차 과학기술정보방송통신위원회(전체회의) (2025.03.11.)",
  "notion_output": "```json\n{\n    \"project_name\": \"합성생물학 육성 및 법적 체계 확립 프로젝트\",\n    \"project_purpose\": \"합성생물학 분야의 체계적 육성과 법적 기반 확립을 통해 국가 바이오경제 시대를 선도하고 연구개발의 안전성과 효율성을 증진\",\n    \"project_period\": \"2024.01.01 ~ 2024.12.31\",\n    \"project_manager\": \"최민희 위원장\",\n    \"core_objectives\": [\n        \"목표 1: 합성생물학 육성법 제정 및 시행\",\n        \"목표 2: 합성생물학 연구개발 지원 및 안전성 확보\",\n        \"목표 3: 바이오파운드리 등 핵심 인프라 구축\"\n    ],\n    \"core_idea\": \"합성생물학의 체계적 육성을 위한 법적 및 인프라적 기반 마련\",\n    \"idea_description\": \"합성생물학은 바이오 기술과 AI 및 빅데이터 등 디지털 기술이 융합된 분야로, 이번 프로젝트는 합성생물학 육성법 제정을 통해 연구개발 지원, 안전성 확보, 공공 바이오파운드리 구축 등을 추진하여 글로벌 바이오경제 시대를 선도할 수 있는 기반을 마련하는 것을 목표로 한다.\",\n    \"execution_plan\": \"1단계: 법안 제정 및 시행 (2024.01.01 ~ 2024.03.31)\\n2단계: 연구개발 지원 체계 구축 및 안전성 지침 마련 (2024.04.01 ~ 2024.06.30)\\n3단계: 바이오파운드리 등 핵심 인프라 구축 (2024.07.01 ~ 2024.12.31)\",\n    \"expected_effects\": [\n        \"기대효과 1: 합성생물학 분야의 연구개발 활성화 및 글로벌 경쟁력 강화\",\n        \"기대효과 2: 안전한 연구환경 조성을 통한 연구자 및 국민 신뢰도 향상\",\n        \"기대효과 3: 바이오파운드리 구축을 통한 국가 바이오 제조 역량 강화\"\n    ]\n}\n```",
  "prd_output": "```json\n{\n    \"overview\": \"파싱된 프로젝트는 회의 내용을 기반으로 한 프로젝트로, 회의 중 논의된 사항을 효과적으로 관리하고 추적할 수 있는 솔루션을 제공합니다. 이 프로젝트는 회의 주최자와 참가자를 주요 타겟으로 하며, 회의 후속 작업의 효율성을 높이고 정보의 누락을 방지하는 가치를 제안합니다.\",\n    \"core_features\": \"1. 회의 내용 자동 파싱: 회의 중 녹음된 내용을 텍스트로 변환하고, 주요 항목을 자동으로 추출합니다. 2. 작업 할당 및 추적: 파싱된 내용을 기반으로 작업을 생성하고, 담당자에게 할당하며, 진행 상황을 추적합니다. 3. 알림 및 리마인더: 작업 마감일에 대한 알림을 제공하여 사용자가 중요한 일을 놓치지 않도록 지원합니다.\",\n    \"user_experience\": \"사용자는 회의가 끝난 후 자동으로 생성된 회의 요약을 확인하고, 할당된 작업을 검토합니다. 주요 페르소나는 프로젝트 매니저와 팀원으로, 직관적인 UI를 통해 쉽게 작업을 관리할 수 있도록 설계합니다.\",\n    \"technical_architecture\": \"시스템은 음성 인식 API를 사용하여 회의 내용을 텍스트로 변환하며, 데이터베이스에 저장된 정보를 기반으로 작업을 생성합니다. 클라우드 인프라를 활용하여 확장성을 확보하고, RESTful API를 통해 다양한 플랫폼에서 접근할 수 있도록 합니다.\",\n    \"development_roadmap\": \"1단계: MVP 개발 - 회의 내용 파싱 및 작업 생성 기능 구현. 2단계: 사용자 피드백 수집 및 개선 - 알림 기능 추가 및 UI 개선. 3단계: 고급 기능 추가 - 인공지능 기반의 회의 내용 분석 및 추천 기능 개발.\",\n    \"logical_dependency_chain\": \"먼저 음성 인식 기능을 구현하여 회의 내용을 텍스트로 변환하는 기초 기능을 개발합니다. 이후, 파싱된 내용을 기반으로 작업을 생성하고 관리하는 기능을 추가합니다. 마지막으로, 사용자 경험을 개선하기 위한 알림 및 리마인더 기능을 개발합니다.\",\n    \"risks_and_mitigations\": \"기술적 도전은 음성 인식의 정확성과 자연어 처리의 복잡성입니다. 이를 해결하기 위해 최신 음성 인식 기술을 도입하고, 지속적인 모델 학습을 통해 정확도를 높입니다. 자원 제약사항으로는 개발 인력과 시간 관리가 있으며, 이를 위해 단계별 우선순위를 명확히 하고, 효율적인 프로젝트 관리 기법을 적용합니다.\",\n    \"appendix\": \"추가 정보로는 음성 인식 및 자연어 처리 기술의 최신 연구 결과와 기술 사양이 포함됩니다. 또한, 사용자 인터뷰 및 설문조사 결과를 기반으로 한 초기 요구사항 분석 자료가 제공됩니다.\"\n}\n```",
  "quality_metrics": {
    "final_score": 6.0,
    "is_production_ready": true,
    "iterations_used": 1,
    "is_high_quality": false
  },
  "metadata": {
    "source_file": "../batch_triplet_results\\result_제22대국회 제423회(임시회) 제2차 과학기술정보방송통신위원회(전체회의) (2025.03.11.)\\05_final_result.json",
    "utterance_count": 292,
    "transcript_length": 17440,
    "speakers": [
      "김현 위원",
      "과학기술정보통신부장관 유상임",
      "이훈기 위원",
      "노종면 위원",
      "신성범 위원",
      "이정헌 위원",
      "김장겸 위원",
      "최수진 위원",
      "한민수 위원",
      "최형두 위원",
      "박정훈 위원",
      "위원장 최민희",
      "소위원장 최형두",
      "황정아 위원"
    ],
    "dataset_type": "train",
    "processing_date": "2025-07-31T13:59:31.929520"
  }
}