{
  "id": "train_129",
  "source_dir": "result_제22대국회 제427회(임시회) 제1차 외교통일위원회(전체회의) (2025.07.07.)",
  "notion_output": "```json\n{\n    \"project_name\": \"2025년 국무위원 후보자 인사청문회 프로젝트\",\n    \"project_purpose\": \"국무위원 후보자에 대한 철저한 검증을 통해 정책 능력과 도덕성을 평가하고, 국민에게 신뢰받는 공직자 선출을 지원하는 것\",\n    \"project_period\": \"2025.07.07 ~ 2025.07.17\",\n    \"project_manager\": \"김석기 위원장\",\n    \"core_objectives\": [\n        \"목표 1: 정동영 통일부장관 후보자에 대한 인사청문회를 2025년 7월 14일에 성공적으로 실시\",\n        \"목표 2: 조현 외교부장관 후보자에 대한 인사청문회를 2025년 7월 17일에 성공적으로 실시\",\n        \"목표 3: 각 후보자에 대한 자료 제출 요구를 통해 철저한 검증 자료 확보\"\n    ],\n    \"core_idea\": \"국무위원 후보자에 대한 인사청문회를 통해 후보자의 정책 능력과 도덕성을 철저히 검증\",\n    \"idea_description\": \"인사청문회는 국무위원 후보자의 선서, 모두발언, 위원들의 질의와 후보자 답변, 후보자의 마무리 발언 순으로 진행되며, 이를 통해 후보자의 자질과 정책 능력을 평가\",\n    \"execution_plan\": \"1. 2025년 7월 7일: 자료 제출 요구 마감\\n2. 2025년 7월 11일: 자료 제출 마감\\n3. 2025년 7월 14일: 정동영 통일부장관 후보자 인사청문회 실시\\n4. 2025년 7월 17일: 조현 외교부장관 후보자 인사청문회 실시\",\n    \"expected_effects\": [\n        \"기대효과 1: 후보자의 정책 능력과 도덕성에 대한 철저한 검증을 통해 국민의 신뢰 증대\",\n        \"기대효과 2: 인사청문회를 통해 공직 후보자에 대한 투명성과 책임성을 강화\",\n        \"기대효과 3: 국회의 인사검증 기능을 강화하여 민주주의 발전에 기여\"\n    ]\n}\n```",
  "prd_output": "```json\n{\n    \"overview\": \"파싱된 프로젝트는 회의 내용을 기반으로 프로젝트를 생성하고 관리하는 도구입니다. 이 프로젝트는 회의에서 논의된 내용을 자동으로 파싱하여 프로젝트로 변환함으로써 사용자의 업무 효율성을 높이는 것을 목표로 합니다. 타겟 사용자는 회의록 작성 및 프로젝트 관리에 많은 시간을 소비하는 직장인입니다. 이 도구는 시간을 절약하고 프로젝트 관리의 정확성을 높이는 가치를 제공합니다.\",\n    \"core_features\": \"1. 회의 내용 파싱: 음성 또는 텍스트로 입력된 회의 내용을 자동으로 분석하여 주요 항목을 추출합니다. 2. 프로젝트 생성: 파싱된 내용을 기반으로 자동으로 프로젝트를 생성하고, 할 일 목록을 작성합니다. 3. 실시간 업데이트: 회의 중 변경 사항이 있을 경우 실시간으로 프로젝트에 반영됩니다.\",\n    \"user_experience\": \"사용자는 회의 중 음성 입력 또는 텍스트 입력을 통해 내용을 기록합니다. 시스템은 이를 실시간으로 파싱하여 프로젝트로 변환합니다. 주요 사용자 페르소나는 프로젝트 매니저와 팀 리더이며, 이들은 직관적인 UI를 통해 쉽게 프로젝트를 관리할 수 있습니다.\",\n    \"technical_architecture\": \"시스템은 음성 인식 및 자연어 처리(NLP) 모듈을 포함하며, 데이터베이스는 프로젝트 및 할 일 목록을 저장합니다. API는 외부 캘린더 및 프로젝트 관리 도구와의 통합을 지원합니다. 인프라는 클라우드 기반으로 확장성을 고려하여 설계되었습니다.\",\n    \"development_roadmap\": \"MVP는 회의 내용 파싱 및 기본 프로젝트 생성 기능을 포함합니다. 향후 개선사항으로는 다양한 입력 형식 지원 및 외부 도구와의 통합 기능이 있습니다. 단계별 개발은 초기 파싱 기능 개발, UI/UX 개선, 외부 통합 순으로 진행됩니다.\",\n    \"logical_dependency_chain\": \"기초 기능으로는 음성 및 텍스트 입력 파싱이 우선 개발되어야 하며, 이후 프로젝트 생성 로직 및 UI가 개발됩니다. 점진적으로 외부 도구와의 통합 기능이 추가됩니다.\",\n    \"risks_and_mitigations\": \"기술적 도전으로는 음성 인식의 정확도 향상과 NLP의 정확한 파싱이 있습니다. MVP는 기본적인 파싱 및 프로젝트 생성에 집중하며, 자원 제약사항은 클라우드 인프라를 활용하여 완화합니다.\",\n    \"appendix\": \"추가 정보로는 음성 인식 및 NLP 기술 연구 결과와 기술 사양이 포함됩니다.\"\n}\n```",
  "quality_metrics": {
    "final_score": 6.0,
    "is_production_ready": true,
    "iterations_used": 1,
    "is_high_quality": false
  },
  "metadata": {
    "source_file": "../batch_triplet_results\\result_제22대국회 제427회(임시회) 제1차 외교통일위원회(전체회의) (2025.07.07.)\\05_final_result.json",
    "utterance_count": 35,
    "transcript_length": 2451,
    "speakers": [
      "위원장 김석기",
      "김건 위원",
      "김영배 위원"
    ],
    "dataset_type": "train",
    "processing_date": "2025-07-31T13:23:44.960248"
  }
}