{
  "id": "train_262",
  "source_dir": "result_ES2013b",
  "notion_output": "```json\n{\n    \"project_name\": \"차세대 스마트 리모컨 개발 프로젝트\",\n    \"project_purpose\": \"기존 리모컨의 한계를 극복하고 혁신적인 기능과 디자인을 통해 사용자 경험을 극대화\",\n    \"project_period\": \"2025.01.01 ~ 2025.03.31\",\n    \"project_manager\": \"Speaker_A\",\n    \"core_objectives\": [\n        \"목표 1: 사용자 친화적인 인터페이스 설계 및 접근성 강화\",\n        \"목표 2: 최신 기술을 활용한 리모컨 기능 혁신\",\n        \"목표 3: 시장 요구에 부합하는 제품 개발 및 비용 효율성 증대\"\n    ],\n    \"core_idea\": \"기존 리모컨의 기능을 혁신하고, 직관적인 인터페이스와 충전식 배터리, 인터넷 연결 기능을 통해 사용자 경험을 향상\",\n    \"idea_description\": \"리모컨의 버튼을 간소화하고, 화면을 통한 직관적인 인터페이스 제공. 충전식 배터리와 인터넷 연결 기능을 추가하여 사용성을 높이고, 대량 생산을 통해 비용을 절감.\",\n    \"technical_requirements\": [\n        \"기능 1: 버튼 간소화 및 직관적인 UI 제공\",\n        \"기능 2: 충전식 배터리 사용\",\n        \"기능 3: 인터넷 연결 기능 포함\",\n        \"기능 4: 다양한 기기와의 호환성 확보\",\n        \"기능 5: 사용자 피드백을 반영한 기능 개선\"\n    ],\n    \"execution_plan\": [\n        {\n            \"단계\": \"1단계\",\n            \"기간\": \"2025.01.01 ~ 2025.01.15\",\n            \"작업\": \"시장 조사 및 요구사항 분석\",\n            \"세부사항\": \"현재 리모컨 시장의 문제점 파악 및 사용자 피드백 수집\"\n        },\n        {\n            \"단계\": \"2단계\",\n            \"기간\": \"2025.01.16 ~ 2025.02.15\",\n            \"작업\": \"디자인 및 프로토타입 개발\",\n            \"세부사항\": \"사용자 인터페이스 설계 및 기능 구현\"\n        },\n        {\n            \"단계\": \"3단계\",\n            \"기간\": \"2025.02.16 ~ 2025.02.28\",\n            \"작업\": \"사용자 테스트 및 피드백 수집\",\n            \"세부사항\": \"프로토타입 테스트 및 개선점 도출\"\n        },\n        {\n            \"단계\": \"4단계\",\n            \"기간\": \"2025.03.01 ~ 2025.03.31\",\n            \"작업\": \"최종 제품 개발 및 출시 준비\",\n            \"세부사항\": \"최종 제품 완성 및 마케팅 전략 수립\"\n        }\n    ],\n    \"expected_effects\": [\n        \"기대효과 1: 사용자 만족도 향상 - 직관적인 인터페이스와 개선된 기능으로 사용자 만족도 증가\",\n        \"기대효과 2: 시장 점유율 확대 - 최신 기술을 반영한 제품으로 경쟁력 강화\",\n        \"기대효과 3: 비용 효율성 - 대량 생산을 통한 비용 절감 및 수익성 향상\"\n    ],\n    \"market_research\": {\n        \"결과\": \"현재 리모컨 시장에서 사용자들은 복잡한 기능과 비효율적인 디자인에 불만을 표출\",\n        \"사용자 피드백\": \"사용자들은 간단하고 직관적인 리모컨을 선호하며, 인터넷 연결 기능에 대한 수요가 높음\"\n    }\n}\n```",
  "prd_output": "```json\n{\n    \"overview\": \"파싱된 프로젝트는 회의 내용을 기반으로 한 프로젝트로, 회의 중 논의된 핵심 아이디어와 실행 계획을 체계적으로 관리하고 추적할 수 있도록 설계되었습니다. 이 프로젝트는 회의 참석자 및 프로젝트 관리자와 같은 사용자를 대상으로 하며, 회의 후속 작업의 효율성을 높이고 정보의 손실을 최소화하는 것을 목표로 합니다.\",\n    \"core_features\": \"1. 회의 내용 자동 파싱: 회의 중 논의된 내용을 자동으로 파싱하여 프로젝트에 반영합니다.\\n2. 실행 계획 관리: 파싱된 내용을 바탕으로 실행 계획을 수립하고 관리할 수 있는 기능을 제공합니다.\\n3. 목표 추적: 설정된 핵심 목표를 지속적으로 추적하고 달성 여부를 확인할 수 있습니다.\",\n    \"user_experience\": \"사용자는 회의 후 간단한 인터페이스를 통해 회의 내용을 입력하면 자동으로 파싱되어 프로젝트에 반영됩니다. 주요 페르소나는 프로젝트 관리자와 팀원으로, 이들은 직관적인 UI를 통해 프로젝트 진행 상황을 쉽게 파악할 수 있습니다.\",\n    \"technical_architecture\": \"시스템은 클라우드 기반으로 설계되며, 데이터베이스는 NoSQL을 사용하여 유연한 데이터 모델을 지원합니다. API는 RESTful로 설계되어 외부 시스템과의 연동이 용이합니다.\",\n    \"development_roadmap\": \"MVP 단계에서는 회의 내용 파싱 및 실행 계획 관리 기능을 우선적으로 개발합니다. 이후 사용자 피드백을 반영하여 목표 추적 및 추가 기능을 단계적으로 개선할 예정입니다.\",\n    \"logical_dependency_chain\": \"1. 회의 내용 파싱 기능 개발\\n2. 실행 계획 관리 기능 개발\\n3. 목표 추적 기능 개발\\n4. 사용자 피드백 반영 및 기능 개선\",\n    \"risks_and_mitigations\": \"기술적 도전은 자연어 처리 기술을 활용한 정확한 회의 내용 파싱입니다. MVP는 핵심 기능에 집중하여 개발하며, 자원 제약사항은 클라우드 인프라 비용으로 예상됩니다.\",\n    \"appendix\": \"추가 정보로는 유사 프로젝트 사례 연구 및 관련 기술 사양이 포함됩니다. 이를 통해 프로젝트의 방향성을 명확히 하고 기술적 구현 가능성을 높입니다.\"\n}\n```",
  "quality_metrics": {
    "final_score": 6.0,
    "is_production_ready": true,
    "iterations_used": 2,
    "is_high_quality": false
  },
  "metadata": {
    "source_file": "../batch_triplet_results\\result_ES2013b\\05_final_result.json",
    "utterance_count": 222,
    "transcript_length": 8333,
    "speakers": [
      "Speaker_B",
      "Speaker_D",
      "Speaker_C",
      "Speaker_A"
    ],
    "dataset_type": "train",
    "processing_date": "2025-07-31T16:07:22.928261"
  }
}