{
  "id": "train_206",
  "source_dir": "result_ES2010d",
  "notion_output": "```json\n{\n    \"project_name\": \"스마트 리모컨 개발 프로젝트\",\n    \"project_purpose\": \"사용자 친화적이고 패셔너블한 스마트 리모컨 개발\",\n    \"project_period\": \"2024.01.01 ~ 2024.06.30\",\n    \"project_manager\": \"Speaker_A\",\n    \"core_objectives\": [\n        \"목표 1: 사용자 친화적인 인터페이스를 갖춘 리모컨 프로토타입 개발\",\n        \"목표 2: 50유로 미만의 생산 비용을 유지하는 자금 조달 방안 마련\",\n        \"목표 3: 패셔너블하고 트렌디한 디자인 구현\"\n    ],\n    \"core_idea\": \"스마트 리모컨의 디자인과 기능을 결합하여 사용자 경험을 극대화\",\n    \"idea_description\": \"스마트 리모컨은 건메탈 그레이 색상의 플라스틱 소재로 제작되며, 푸시 버튼 인터페이스를 사용합니다. 사용자의 편의성을 고려하여 단일 곡률 디자인을 채택하고, 리튬 배터리 또는 트리플 A 배터리를 사용하여 경제성을 높입니다.\",\n    \"execution_plan\": \"1단계: 프로토타입 디자인 및 개발 (2024.01.01 ~ 2024.02.28)\\n2단계: 사용자 테스트 및 피드백 수집 (2024.03.01 ~ 2024.03.31)\\n3단계: 자금 조달 방안 및 생산 계획 수립 (2024.04.01 ~ 2024.04.30)\\n4단계: 최종 디자인 및 생산 (2024.05.01 ~ 2024.06.30)\",\n    \"expected_effects\": [\n        \"기대효과 1: 사용자 친화적인 리모컨을 통해 고객 만족도 증가\",\n        \"기대효과 2: 50유로 미만의 생산 비용으로 비용 효율성 증대\",\n        \"기대효과 3: 패셔너블한 디자인으로 시장에서의 경쟁력 강화\"\n    ]\n}\n```",
  "prd_output": "```json\n{\n    \"overview\": \"파싱된 프로젝트는 회의 내용을 기반으로 프로젝트를 관리하는 도구입니다. 이 프로젝트는 회의에서 논의된 내용을 체계적으로 정리하고, 이를 바탕으로 프로젝트를 효율적으로 관리할 수 있도록 돕습니다. 타겟 사용자는 프로젝트 매니저, 팀 리더, 그리고 회의 내용을 기반으로 작업을 계획하고 실행해야 하는 모든 팀원들입니다. 이 도구는 회의 내용을 자동으로 파싱하여 프로젝트 계획에 반영함으로써 시간 절약과 효율성을 제공합니다.\",\n    \"core_features\": \"1. 회의 내용 자동 파싱: 회의 내용을 자동으로 텍스트로 변환하고, 주요 항목을 추출하여 프로젝트 계획에 반영합니다. 2. 프로젝트 계획 생성: 파싱된 회의 내용을 바탕으로 자동으로 프로젝트 계획을 생성합니다. 3. 실시간 협업: 팀원들이 실시간으로 프로젝트 계획을 수정하고 업데이트할 수 있습니다. 4. 알림 및 리마인더: 중요한 마일스톤과 작업 기한에 대한 알림을 제공합니다.\",\n    \"user_experience\": \"사용자 여정은 회의 후 회의록을 업로드하고, 자동으로 생성된 프로젝트 계획을 검토 및 수정하는 과정으로 구성됩니다. 주요 페르소나는 프로젝트 매니저와 팀 리더로, 이들은 회의 내용을 기반으로 한 프로젝트 계획을 쉽게 관리할 수 있습니다. UI/UX는 직관적이고 사용하기 쉬운 인터페이스를 제공하여 사용자들이 쉽게 적응할 수 있도록 설계됩니다.\",\n    \"technical_architecture\": \"시스템은 클라우드 기반으로 설계되며, 주요 구성 요소는 데이터 파싱 모듈, 프로젝트 관리 모듈, 사용자 인터페이스 모듈로 나뉩니다. 데이터 모델은 회의 내용, 프로젝트 계획, 사용자 정보 등을 포함하며, API는 외부 회의록 서비스와의 연동을 지원합니다. 인프라는 AWS를 기반으로 하여 확장성과 안정성을 보장합니다.\",\n    \"development_roadmap\": \"MVP 요구사항은 회의 내용 파싱 및 기본 프로젝트 계획 생성 기능입니다. 향후 개선사항으로는 고급 분석 기능, 다양한 회의록 포맷 지원, 사용자 맞춤형 대시보드 등이 포함됩니다. 개발은 초기 MVP 개발, 사용자 피드백 수집, 기능 개선의 단계로 진행됩니다.\",\n    \"logical_dependency_chain\": \"개발 순서는 데이터 파싱 모듈 개발, 프로젝트 관리 모듈 개발, 사용자 인터페이스 개발 순으로 진행됩니다. 기초 기능은 회의 내용 파싱과 프로젝트 계획 생성이 우선시되며, 점진적으로 협업 기능과 알림 기능이 추가됩니다.\",\n    \"risks_and_mitigations\": \"기술적 도전은 다양한 회의록 포맷을 정확히 파싱하는 것이며, 이를 위해 머신러닝 알고리즘을 활용합니다. MVP 정의는 기본적인 회의 내용 파싱과 프로젝트 계획 생성 기능으로 설정됩니다. 자원 제약사항은 개발 인력과 시간으로, 이를 위해 외부 컨설턴트와 협력할 계획입니다.\",\n    \"appendix\": \"추가 정보로는 시장 조사 결과, 유사 제품 분석, 기술 사양서 등이 포함됩니다. 이 자료들은 프로젝트의 방향성과 기술적 요구사항을 명확히 하는 데 기여합니다.\"\n}\n```",
  "quality_metrics": {
    "final_score": 6.0,
    "is_production_ready": true,
    "iterations_used": 1,
    "is_high_quality": false
  },
  "metadata": {
    "source_file": "../batch_triplet_results\\result_ES2010d\\05_final_result.json",
    "utterance_count": 216,
    "transcript_length": 6944,
    "speakers": [
      "Speaker_B",
      "Speaker_D",
      "Speaker_C",
      "Speaker_A"
    ],
    "dataset_type": "train",
    "processing_date": "2025-07-31T15:00:52.258436"
  }
}