{
  "id": "train_134",
  "source_dir": "result_TS3012d",
  "notion_output": "```json\n{\n    \"project_name\": \"트리플 R 리모컨 프로젝트\",\n    \"project_purpose\": \"혁신적인 디자인과 기능을 갖춘 리모컨 개발을 통해 시장에서 차별화된 제품을 제공하고, 사용자 맞춤형 경험을 극대화\",\n    \"project_period\": \"2024.01.01 ~ 2024.06.30\",\n    \"project_manager\": \"Speaker_A\",\n    \"core_objectives\": [\n        \"목표 1: 사용자 요구에 맞춘 직관적이고 심플한 인터페이스 구현\",\n        \"목표 2: 최신 트렌드를 반영한 디자인과 색상 옵션 제공\",\n        \"목표 3: 비용 효율성을 고려한 생산 및 가격 책정\",\n        \"목표 4: 고급 칩과 LCD 디스플레이를 활용한 고급 기능 구현\"\n    ],\n    \"core_idea\": \"리얼 리액션 리모컨(Triple R) 개발\",\n    \"idea_description\": \"트리플 R 리모컨은 사용자 경험을 극대화하기 위해 직관적인 인터페이스와 최신 트렌드 디자인을 결합한 제품입니다. 고급 칩과 LCD 디스플레이를 사용하여 다양한 기능을 제공하며, 사용자 맞춤형 색상 옵션을 통해 개인화된 경험을 제공합니다. 특히, 검은색과 회색을 기본 색상으로 제공하며, 추가 비용을 통해 다른 색상 옵션도 선택 가능합니다.\",\n    \"execution_plan\": [\n        \"1단계: 시장 조사 및 요구사항 분석 (2024.01.01 ~ 2024.01.31)\",\n        \"2단계: 디자인 및 프로토타입 개발 (2024.02.01 ~ 2024.03.15)\",\n        \"3단계: 제품 테스트 및 피드백 수집 (2024.03.16 ~ 2024.04.15)\",\n        \"4단계: 생산 준비 및 마케팅 전략 수립 (2024.04.16 ~ 2024.05.15)\",\n        \"5단계: 제품 출시 및 초기 판매 (2024.05.16 ~ 2024.06.30)\"\n    ],\n    \"expected_effects\": [\n        \"기대효과 1: 사용자 만족도 향상 및 브랜드 이미지 강화\",\n        \"기대효과 2: 시장 점유율 확대 및 매출 증가\",\n        \"기대효과 3: 혁신적인 제품 개발을 통한 경쟁 우위 확보\",\n        \"기대효과 4: 사용자 맞춤형 옵션 제공을 통한 고객 충성도 증가\"\n    ],\n    \"technical_details\": [\n        \"고급 칩 사용을 통한 고급 기능 구현\",\n        \"LCD 디스플레이를 통한 직관적 인터페이스 제공\",\n        \"검은색과 회색을 기본 색상으로 제공하며, 추가 비용을 통해 다른 색상 옵션도 선택 가능\",\n        \"날카로운 모서리가 없는 둥근 디자인 채택\",\n        \"재정적 효율성을 고려한 비용 절감 전략 수립\"\n    ],\n    \"cost_efficiency_discussion\": [\n        \"프로젝트 비용은 12.5달러 이하로 유지해야 함\",\n        \"색상 옵션 추가 시 추가 비용 발생 가능\",\n        \"고급 기능 구현을 위한 고급 칩 사용에 따른 비용 고려\"\n    ]\n}\n```",
  "prd_output": "```json\n{\n    \"overview\": \"파싱된 프로젝트는 회의 내용을 기반으로 프로젝트를 관리하고 추적할 수 있는 솔루션입니다. 이 프로젝트는 회의 중 논의된 내용을 효율적으로 파악하고 이를 기반으로 프로젝트를 생성 및 관리하는 것을 목표로 합니다. 타겟 사용자는 주로 프로젝트 매니저, 팀 리더, 그리고 회의에서 중요한 결정을 내리는 모든 사람들입니다. 이 솔루션은 회의 내용을 자동으로 분석하여 프로젝트로 변환함으로써 시간 절약과 효율성을 제공합니다.\",\n    \"core_features\": \"1. 회의 내용 자동 파싱: 회의 중 논의된 내용을 자동으로 텍스트로 변환하고 분석하여 프로젝트를 생성합니다. 2. 프로젝트 생성 및 관리: 파싱된 내용을 기반으로 프로젝트를 자동 생성하고, 사용자가 이를 관리할 수 있도록 합니다. 3. 실시간 업데이트: 회의 중 변경된 내용을 실시간으로 반영하여 프로젝트에 업데이트합니다.\",\n    \"user_experience\": \"사용자는 회의가 끝난 후 자동으로 생성된 프로젝트를 확인할 수 있습니다. 페르소나는 프로젝트 매니저와 팀 리더로 설정되며, 주요 플로우는 회의 내용 파싱 -> 프로젝트 생성 -> 프로젝트 관리로 구성됩니다. UI/UX는 직관적이고 사용하기 쉬운 인터페이스를 제공하여 사용자가 쉽게 접근할 수 있도록 설계됩니다.\",\n    \"technical_architecture\": \"시스템은 회의 내용을 텍스트로 변환하는 음성 인식 모듈, 텍스트를 분석하여 프로젝트를 생성하는 NLP 모듈, 그리고 생성된 프로젝트를 관리하는 웹 애플리케이션으로 구성됩니다. 데이터 모델은 회의 내용, 프로젝트 정보, 사용자 정보 등을 포함하며, API는 외부 서비스와의 연동을 지원합니다. 인프라는 클라우드 기반으로 확장성을 고려하여 설계됩니다.\",\n    \"development_roadmap\": \"MVP는 회의 내용을 파싱하여 기본적인 프로젝트를 생성하는 기능을 포함합니다. 이후 단계에서는 사용자 피드백을 반영하여 기능을 개선하고, 추가적인 관리 도구와 통합 기능을 개발할 예정입니다.\",\n    \"logical_dependency_chain\": \"개발은 음성 인식 모듈 -> NLP 모듈 -> 웹 애플리케이션 순으로 진행됩니다. 기초 기능은 음성 인식과 NLP 분석이 우선이며, 이후 점진적으로 프로젝트 관리 기능을 확장합니다.\",\n    \"risks_and_mitigations\": \"기술적 도전은 음성 인식의 정확도와 NLP 분석의 정확성입니다. 이를 위해 다양한 데이터셋을 활용한 학습과 테스트를 통해 정확도를 높일 계획입니다. MVP는 핵심 기능인 회의 내용 파싱과 프로젝트 생성에 집중합니다. 자원 제약사항은 클라우드 비용과 개발 인력으로, 초기에는 최소한의 리소스로 시작하여 점진적으로 확장할 계획입니다.\",\n    \"appendix\": \"추가 정보로는 사용된 음성 인식 및 NLP 기술에 대한 연구 결과와 기술 사양이 포함됩니다. 또한, 사용자 인터뷰와 피드백을 통해 얻은 인사이트도 포함됩니다.\"\n}\n```",
  "quality_metrics": {
    "final_score": 6.0,
    "is_production_ready": true,
    "iterations_used": 2,
    "is_high_quality": false
  },
  "metadata": {
    "source_file": "../batch_triplet_results\\result_TS3012d\\05_final_result.json",
    "utterance_count": 417,
    "transcript_length": 13185,
    "speakers": [
      "Speaker_A",
      "Speaker_B",
      "Speaker_D",
      "Speaker_C"
    ],
    "dataset_type": "train",
    "processing_date": "2025-07-31T13:28:49.767350"
  }
}