{
  "id": "train_005",
  "source_dir": "result_IS1004a",
  "notion_output": "```json\n{\n    \"project_name\": \"혁신적인 리모컨 개발 프로젝트\",\n    \"project_purpose\": \"사용자 친화적이고 트렌디한 리모컨을 개발하여 시장 경쟁력을 강화\",\n    \"project_period\": \"2024.01.01 ~ 2024.03.31\",\n    \"project_manager\": \"헤만트 (산업 디자이너)\",\n    \"core_objectives\": [\n        \"목표 1: 독창적이고 트렌디한 디자인의 리모컨 개발\",\n        \"목표 2: 사용하기 편리한 인터페이스 구현\",\n        \"목표 3: 시장 출시를 위한 마케팅 전략 수립\"\n    ],\n    \"core_idea\": \"사용자 경험을 극대화하는 혁신적인 리모컨 디자인\",\n    \"idea_description\": \"새로운 리모컨은 기존 제품과 차별화된 독창적 디자인과 직관적인 사용자 인터페이스를 제공하여 사용자 만족도를 높일 것입니다.\",\n    \"execution_plan\": [\n        \"단계 1: 기능 설계 (2024.01.01 ~ 2024.01.31)\",\n        \"단계 2: 개념 설계 (2024.02.01 ~ 2024.02.28)\",\n        \"단계 3: 상세 설계 (2024.03.01 ~ 2024.03.31)\"\n    ],\n    \"expected_effects\": [\n        \"기대효과 1: 시장 점유율 15% 증가\",\n        \"기대효과 2: 사용자 만족도 20% 향상\",\n        \"기대효과 3: 브랜드 이미지 개선 및 인지도 상승\"\n    ]\n}\n```",
  "prd_output": "```json\n{\n    \"overview\": \"파싱된 프로젝트는 회의 내용을 기반으로 프로젝트를 생성하고 관리하는 도구입니다. 이 프로젝트는 회의에서 논의된 내용을 자동으로 파싱하여 프로젝트로 변환함으로써 사용자의 생산성을 높이고, 프로젝트 관리의 효율성을 증대시키는 것을 목표로 합니다. 타겟 사용자는 회의를 자주 진행하며, 프로젝트 관리가 필요한 팀과 조직입니다. 이 도구는 회의 내용을 구조화된 프로젝트로 변환하여 시간 절약과 정확한 정보 전달을 제공합니다.\",\n    \"core_features\": \"1. 회의 내용 파싱: 음성 또는 텍스트로 입력된 회의 내용을 자동으로 분석하여 프로젝트의 각 요소로 변환합니다. 2. 프로젝트 생성: 파싱된 데이터를 기반으로 즉시 프로젝트를 생성하고, 필요한 작업 항목과 마일스톤을 자동으로 설정합니다. 3. 실시간 업데이트: 회의 중 변경된 내용을 실시간으로 반영하여 프로젝트에 업데이트합니다.\",\n    \"user_experience\": \"사용자는 회의가 끝난 후, 파싱된 프로젝트 도구를 통해 자동으로 생성된 프로젝트를 확인하고 수정할 수 있습니다. 주요 페르소나는 프로젝트 관리자와 팀 리더이며, 이들은 회의 후 빠르게 프로젝트를 설정하고 팀과 공유할 수 있습니다. UI/UX는 직관적이고 사용하기 쉽게 설계되어, 최소한의 클릭으로 프로젝트를 관리할 수 있도록 합니다.\",\n    \"technical_architecture\": \"시스템은 음성 인식 및 자연어 처리 엔진을 포함하며, 데이터베이스는 프로젝트 데이터를 저장하고 관리합니다. API는 외부 회의 도구와의 통합을 지원하며, 클라우드 인프라를 통해 확장성을 제공합니다.\",\n    \"development_roadmap\": \"MVP 요구사항에는 기본적인 회의 내용 파싱 및 프로젝트 생성 기능이 포함됩니다. 향후 개선사항으로는 다양한 회의 도구와의 통합, 고급 분석 기능 추가가 계획되어 있습니다. 단계별 개발은 초기 파싱 기능 개발, 프로젝트 생성 기능 추가, 통합 기능 개발 순으로 진행됩니다.\",\n    \"logical_dependency_chain\": \"개발 순서는 음성 인식 및 자연어 처리 기능 개발을 시작으로, 프로젝트 생성 모듈 개발, 이후 외부 도구와의 통합 기능을 개발하는 방식으로 진행됩니다. 기초 기능은 파싱 및 프로젝트 생성 기능이며, 이후 점진적으로 고급 기능을 추가합니다.\",\n    \"risks_and_mitigations\": \"기술적 도전으로는 음성 인식의 정확도와 자연어 처리의 복잡성이 있습니다. 이를 위해 초기 MVP는 텍스트 기반 파싱에 집중하며, 음성 인식은 점진적으로 개선합니다. 자원 제약사항으로는 데이터 처리 속도와 서버 비용이 있으며, 클라우드 인프라 최적화를 통해 이를 완화할 계획입니다.\",\n    \"appendix\": \"추가 정보로는 자연어 처리 기술에 대한 연구 결과와 음성 인식 엔진의 기술 사양이 포함됩니다. 또한, 프로젝트 관리 도구와의 통합 사례 연구도 참고 자료로 제공합니다.\"\n}\n```",
  "quality_metrics": {
    "final_score": 6.0,
    "is_production_ready": true,
    "iterations_used": 1,
    "is_high_quality": false
  },
  "metadata": {
    "source_file": "../batch_triplet_results\\result_IS1004a\\05_final_result.json",
    "utterance_count": 61,
    "transcript_length": 2492,
    "speakers": [
      "Speaker_A",
      "Speaker_B",
      "Speaker_D",
      "Speaker_C"
    ],
    "dataset_type": "train",
    "processing_date": "2025-07-31T10:51:53.316438"
  }
}