{
  "id": "train_101",
  "source_dir": "result_TS3012c",
  "notion_output": "```json\n{\n    \"project_name\": \"차세대 젊은층 타겟 리모컨 개발 프로젝트\",\n    \"project_purpose\": \"젊은 세대를 겨냥한 혁신적이고 스타일리시한 리모컨 개발\",\n    \"project_period\": \"2025.01.01 ~ 2025.03.31\",\n    \"project_manager\": \"Speaker_A\",\n    \"core_objectives\": [\n        \"목표 1: 젊은 세대를 위한 트렌디한 디자인의 리모컨 개발\",\n        \"목표 2: 다양한 에너지원 옵션을 통한 효율적인 전력 관리\",\n        \"목표 3: 사용자 편의성을 높이는 기능적 인터페이스 제공\"\n    ],\n    \"core_idea\": \"젊은 세대를 위한 스타일리시하고 기능적인 리모컨\",\n    \"idea_description\": \"고무 재질과 교체 가능한 커버를 사용하여 젊은 층의 취향에 맞춘 디자인을 제공하고, 기본 배터리와 LCD 화면을 옵션으로 하여 효율적인 에너지 관리를 가능하게 함\",\n    \"execution_plan\": [\n        \"단계 1: 디자인 컨셉 확정 (2025.01.01 ~ 2025.01.15)\",\n        \"단계 2: 프로토타입 제작 및 테스트 (2025.01.16 ~ 2025.02.15)\",\n        \"단계 3: 최종 디자인 및 기능 확정 (2025.02.16 ~ 2025.02.28)\",\n        \"단계 4: 대량 생산 준비 및 마케팅 계획 수립 (2025.03.01 ~ 2025.03.31)\"\n    ],\n    \"expected_effects\": [\n        \"기대효과 1: 젊은 세대의 브랜드 인지도 및 선호도 증가\",\n        \"기대효과 2: 혁신적인 디자인과 기능으로 시장 점유율 확대\",\n        \"기대효과 3: 다양한 사용자 요구를 반영한 제품으로 고객 만족도 향상\"\n    ]\n}\n```",
  "prd_output": "```json\n{\n    \"overview\": \"파싱된 프로젝트는 회의 내용을 기반으로 한 프로젝트로, 회의 중 논의된 사항들을 효율적으로 관리하고 추적할 수 있는 솔루션을 제공합니다. 이 프로젝트는 회의 참여자 및 관리자들을 주요 사용자로 하며, 회의 후속 작업의 명확성과 효율성을 높이는 것을 목표로 합니다.\",\n    \"core_features\": \"1. 회의 내용 자동 파싱: 회의 중 논의된 내용을 자동으로 파싱하여 프로젝트로 변환합니다. 2. 작업 항목 생성 및 관리: 파싱된 내용을 바탕으로 구체적인 작업 항목을 생성하고 관리할 수 있습니다. 3. 진행 상황 추적: 각 작업 항목의 진행 상황을 실시간으로 추적할 수 있습니다.\",\n    \"user_experience\": \"사용자는 회의가 끝난 후 자동으로 생성된 작업 항목을 확인하고, 필요한 경우 수동으로 수정할 수 있습니다. 주요 사용자 페르소나는 프로젝트 관리자와 팀원으로, 이들은 직관적인 UI를 통해 쉽게 작업을 관리하고 협업할 수 있습니다.\",\n    \"technical_architecture\": \"시스템은 클라우드 기반으로 구축되며, 데이터 모델은 회의 내용과 작업 항목 간의 관계를 중심으로 설계됩니다. API는 외부 회의 도구와의 연동을 지원하며, 인프라는 확장성을 고려하여 설계됩니다.\",\n    \"development_roadmap\": \"MVP 단계에서는 회의 내용 파싱과 작업 항목 생성 기능을 우선 개발합니다. 이후 사용자 피드백을 반영하여 UI/UX 개선 및 추가 기능을 개발할 예정입니다.\",\n    \"logical_dependency_chain\": \"1. 회의 내용 파싱 기능 개발 2. 작업 항목 생성 및 관리 기능 개발 3. UI/UX 개선 및 추가 기능 개발\",\n    \"risks_and_mitigations\": \"회의 내용의 정확한 파싱이 기술적 도전 과제가 될 수 있으며, 이를 위해 자연어 처리 기술을 활용합니다. MVP 단계에서의 자원 제약사항을 고려하여 필수 기능에 우선 집중합니다.\",\n    \"appendix\": \"추가 정보 및 참고 자료는 회의 내용 파싱을 위한 자연어 처리 기술 연구 결과와 관련 기술 사양을 포함합니다.\"\n}\n```",
  "quality_metrics": {
    "final_score": 6.0,
    "is_production_ready": true,
    "iterations_used": 1,
    "is_high_quality": false
  },
  "metadata": {
    "source_file": "../batch_triplet_results\\result_TS3012c\\05_final_result.json",
    "utterance_count": 425,
    "transcript_length": 14078,
    "speakers": [
      "Speaker_A",
      "Speaker_B",
      "Speaker_D",
      "Speaker_C"
    ],
    "dataset_type": "train",
    "processing_date": "2025-07-31T12:47:57.216909"
  }
}