{
  "id": "train_075",
  "source_dir": "result_ES2007c",
  "notion_output": "```json\n{\n    \"project_name\": \"고무 리모컨 개발 프로젝트\",\n    \"project_purpose\": \"사용자 친화적이고 혁신적인 고무 재질의 리모컨 개발\",\n    \"project_period\": \"2024.01.01 ~ 2024.06.30\",\n    \"project_manager\": \"캐서린\",\n    \"core_objectives\": [\n        \"목표 1: 고무 푸시 버튼을 사용하여 RSI(반복적 긴장성 질환)를 방지하는 리모컨 개발\",\n        \"목표 2: 블루투스 기능을 통해 다양한 전자기기와의 동기화 지원\",\n        \"목표 3: 사용자 맞춤형 색상 선택 기능 제공\"\n    ],\n    \"core_idea\": \"고무 재질을 활용한 사용자 친화적 리모컨\",\n    \"idea_description\": \"고무 푸시 버튼을 사용하여 RSI를 방지하고, 블루투스 기능을 통해 다양한 기기와의 연결성을 강화하며, 사용자 맞춤형 색상 선택 기능을 제공하여 사용자 경험을 향상시킴\",\n    \"execution_plan\": [\n        \"1단계: 고무 푸시 버튼 설계 및 프로토타입 제작 (2024.01.01 ~ 2024.02.28)\",\n        \"2단계: 블루투스 기능 통합 및 테스트 (2024.03.01 ~ 2024.04.30)\",\n        \"3단계: 사용자 맞춤형 색상 선택 기능 개발 및 최종 테스트 (2024.05.01 ~ 2024.06.30)\"\n    ],\n    \"expected_effects\": [\n        \"기대효과 1: RSI 예방을 통해 사용자 건강 증진\",\n        \"기대효과 2: 블루투스 기능으로 다양한 기기와의 호환성 강화\",\n        \"기대효과 3: 사용자 맞춤형 기능 제공으로 고객 만족도 향상\"\n    ]\n}\n```",
  "prd_output": "```json\n{\n    \"overview\": \"파싱된 프로젝트는 회의 내용을 기반으로 프로젝트를 관리하는 솔루션입니다. 이 프로젝트는 회의에서 논의된 내용을 자동으로 파싱하여 프로젝트 관리에 필요한 정보를 추출하고, 이를 통해 팀의 협업 효율성을 높이는 것을 목표로 합니다. 타겟 사용자는 주로 프로젝트 매니저와 팀 리더로, 회의 내용을 체계적으로 관리하고 활용하고자 하는 사람들입니다. 이 솔루션은 회의 후속 작업을 자동화하여 시간 절약과 생산성 향상을 제공합니다.\",\n    \"core_features\": \"1. 회의 내용 파싱: 음성 인식 및 자연어 처리 기술을 활용하여 회의 내용을 텍스트로 변환하고, 중요한 정보를 추출합니다. 2. 프로젝트 생성 및 관리: 파싱된 정보를 기반으로 자동으로 프로젝트를 생성하고, 작업 항목을 관리합니다. 3. 알림 및 업데이트: 프로젝트 진행 상황에 대한 실시간 알림 및 업데이트 기능을 제공합니다.\",\n    \"user_experience\": \"사용자는 회의가 끝난 후, 자동으로 생성된 프로젝트와 작업 목록을 확인할 수 있습니다. 페르소나는 바쁜 일정 속에서도 효율적으로 회의 결과를 관리하고자 하는 프로젝트 매니저입니다. 주요 플로우는 회의 녹음 업로드 -> 파싱 결과 확인 -> 프로젝트 및 작업 관리입니다. UI/UX는 직관적이고 사용하기 쉬운 인터페이스를 제공하여 사용자가 빠르게 적응할 수 있도록 설계됩니다.\",\n    \"technical_architecture\": \"시스템은 음성 인식 모듈, 자연어 처리 모듈, 데이터베이스, 사용자 인터페이스로 구성됩니다. 데이터 모델은 회의, 프로젝트, 작업 항목 간의 관계를 정의합니다. API는 외부 서비스와의 통합을 지원하며, 인프라는 클라우드 기반으로 확장성을 고려하여 설계됩니다.\",\n    \"development_roadmap\": \"MVP 요구사항은 회의 내용 파싱 및 기본적인 프로젝트 관리 기능을 포함합니다. 향후 개선사항으로는 다국어 지원, 고급 분석 기능, 사용자 맞춤형 대시보드를 계획하고 있습니다. 단계별 개발 범위는 초기 버전에서 핵심 기능을 구현하고, 사용자 피드백을 반영하여 점진적으로 기능을 확장하는 방식입니다.\",\n    \"logical_dependency_chain\": \"개발 순서는 음성 인식 및 자연어 처리 모듈 개발을 우선으로 하며, 그 후 프로젝트 관리 기능을 구현합니다. 기초 기능 우선순위는 파싱 정확도 향상과 사용자 인터페이스 개선입니다. 점진적 개발 방식으로 각 기능을 독립적으로 테스트하고 통합합니다.\",\n    \"risks_and_mitigations\": \"기술적 도전은 음성 인식의 정확도와 자연어 처리의 복잡성입니다. 이를 위해 최신 기술을 연구하고, MVP 정의를 명확히 하여 필수 기능에 집중합니다. 자원 제약사항은 개발 인력과 시간으로, 이를 해결하기 위해 외부 전문가와의 협업을 고려합니다.\",\n    \"appendix\": \"추가 정보로는 음성 인식 및 자연어 처리 관련 최신 연구 결과와 기술 사양이 포함됩니다. 또한, 시장 조사 결과와 사용자 인터뷰 내용을 참고 자료로 제공합니다.\"\n}\n```",
  "quality_metrics": {
    "final_score": 6.0,
    "is_production_ready": true,
    "iterations_used": 1,
    "is_high_quality": false
  },
  "metadata": {
    "source_file": "../batch_triplet_results\\result_ES2007c\\05_final_result.json",
    "utterance_count": 278,
    "transcript_length": 9029,
    "speakers": [
      "Speaker_B",
      "Speaker_D",
      "Speaker_C",
      "Speaker_A"
    ],
    "dataset_type": "train",
    "processing_date": "2025-07-31T12:18:12.830661"
  }
}