{
  "id": "train_147",
  "source_dir": "result_제22대국회 제418회(정기회) 제3차 과학기술정보방송통신위원회(정보통신방송법안심사소위원회) (2024.11.21.)",
  "notion_output": "```json\n{\n    \"project_name\": \"인공지능 산업 육성 및 신뢰 확보 프로젝트\",\n    \"project_purpose\": \"인공지능 기술의 발전과 사회적 신뢰 기반 조성을 통해 국가 경쟁력을 강화하고 안전한 인공지능 활용 환경을 구축한다.\",\n    \"project_period\": \"2025.01.01 ~ 2025.12.31\",\n    \"project_manager\": \"김현\",\n    \"core_objectives\": [\n        \"목표 1: 인공지능 산업의 체계적 육성을 위한 법적 기반 마련\",\n        \"목표 2: 인공지능의 사회적 신뢰 확보를 위한 윤리 기준 설정\",\n        \"목표 3: 인공지능 고위험 영역에 대한 안전성 및 투명성 강화\"\n    ],\n    \"core_idea\": \"인공지능 발전과 신뢰 기반 조성\",\n    \"idea_description\": \"인공지능 기술의 발전을 장려하면서도 사회적 책임을 균형 있게 관리하기 위한 법적, 윤리적 기준을 마련하고, 고위험 영역에 대한 규제를 통해 안전한 인공지능 활용을 도모한다.\",\n    \"execution_plan\": \"1단계 (2025.01 ~ 2025.03): 법안 초안 작성 및 관계 부처 협의\\n2단계 (2025.04 ~ 2025.06): 공청회 및 전문가 의견 수렴\\n3단계 (2025.07 ~ 2025.09): 법안 수정 및 최종안 확정\\n4단계 (2025.10 ~ 2025.12): 법안 통과 및 시행 준비\",\n    \"expected_effects\": [\n        \"기대효과 1: 인공지능 산업의 체계적 성장과 국제 경쟁력 강화\",\n        \"기대효과 2: 사회적 신뢰를 바탕으로 한 인공지능 기술의 안전한 활용\",\n        \"기대효과 3: 고위험 영역에 대한 규제를 통해 사회적 위험 최소화\"\n    ]\n}\n```",
  "prd_output": "```json\n{\n    \"overview\": \"파싱된 프로젝트는 회의 내용을 기반으로 프로젝트를 생성하고 관리하는 시스템입니다. 이 프로젝트는 회의에서 논의된 내용을 자동으로 파싱하여 프로젝트로 변환함으로써 사용자의 업무 효율성을 높이고, 프로젝트 관리의 번거로움을 줄이는 것을 목표로 합니다. 타겟 사용자는 회의를 자주 진행하는 팀 리더 및 프로젝트 매니저이며, 이들에게 자동화된 프로젝트 생성 및 관리의 가치를 제공합니다.\",\n    \"core_features\": \"1. 회의 내용 자동 파싱: 회의 기록을 입력하면 시스템이 자동으로 내용을 분석하여 프로젝트의 핵심 목표와 실행 계획을 추출합니다. 2. 프로젝트 생성 및 관리: 파싱된 데이터를 기반으로 자동으로 프로젝트를 생성하고, 사용자가 이를 관리할 수 있는 인터페이스를 제공합니다.\",\n    \"user_experience\": \"사용자는 회의가 끝난 후 기록을 시스템에 업로드합니다. 시스템은 이를 분석하여 프로젝트를 생성하고, 사용자는 생성된 프로젝트를 검토 및 수정할 수 있습니다. 주요 페르소나는 프로젝트 매니저이며, UI/UX는 직관적이고 사용하기 쉬운 인터페이스를 제공하여 빠른 프로젝트 설정이 가능하도록 설계됩니다.\",\n    \"technical_architecture\": \"시스템은 자연어 처리(NLP) 모듈을 사용하여 회의 내용을 분석합니다. 데이터 모델은 프로젝트의 목표, 계획, 효과 등을 저장할 수 있도록 설계됩니다. API는 외부 회의 기록 시스템과의 연동을 지원하며, 인프라는 클라우드 기반으로 확장성을 고려하여 설계됩니다.\",\n    \"development_roadmap\": \"MVP는 회의 내용 파싱 및 기본적인 프로젝트 생성 기능을 포함합니다. 이후 단계에서는 사용자 피드백을 반영하여 기능을 개선하고, 다양한 회의 기록 형식을 지원하도록 확장할 예정입니다.\",\n    \"logical_dependency_chain\": \"먼저 회의 내용 파싱 기능을 개발하고, 이후 이를 기반으로 프로젝트 생성 기능을 구현합니다. 이후 단계적으로 사용자 인터페이스 개선 및 추가 기능을 개발합니다.\",\n    \"risks_and_mitigations\": \"자연어 처리의 정확도가 낮을 경우 프로젝트 생성의 정확도가 떨어질 수 있습니다. 이를 위해 초기 MVP에서는 제한된 도메인에서의 테스트를 통해 정확도를 높이고, 점진적으로 도메인을 확장할 계획입니다. 자원 제약사항으로는 NLP 모델의 학습 및 운영 비용이 있으며, 이를 클라우드 서비스의 활용으로 완화할 계획입니다.\",\n    \"appendix\": \"추가 정보로는 NLP 기술에 대한 연구 결과 및 시스템 설계 사양이 포함됩니다. 또한, 초기 사용자 테스트 결과를 통해 얻은 인사이트도 포함될 예정입니다.\"\n}\n```",
  "quality_metrics": {
    "final_score": 6.0,
    "is_production_ready": true,
    "iterations_used": 1,
    "is_high_quality": false
  },
  "metadata": {
    "source_file": "../batch_triplet_results\\result_제22대국회 제418회(정기회) 제3차 과학기술정보방송통신위원회(정보통신방송법안심사소위원회) (2024.11.21.)\\05_final_result.json",
    "utterance_count": 646,
    "transcript_length": 36821,
    "speakers": [
      "방송통신위원회부위원장 김태규",
      "소위원장 김현",
      "박충권 위원",
      "노종면 위원",
      "한민수 위원",
      "김장겸 위원",
      "이정헌 위원",
      "김우영 위원",
      "과학기술정보통신부정보통신정책관 엄열",
      "과학기술정보통신부제2차관 강도현",
      "과학기술정보통신부인공지능기반정책관 김경만",
      "이해민 위원",
      "이상휘 위원",
      "신성범 위원",
      "수석전문위원 김건오"
    ],
    "dataset_type": "train",
    "processing_date": "2025-07-31T13:47:36.217926"
  }
}