{
  "id": "train_104",
  "source_dir": "result_TS3007c",
  "notion_output": "```json\n{\n    \"project_name\": \"다기능 스마트 리모컨 개발 프로젝트\",\n    \"project_purpose\": \"사용자 친화적이며 다양한 기능을 갖춘 스마트 리모컨 개발\",\n    \"project_period\": \"2024.01.01 ~ 2024.06.30\",\n    \"project_manager\": \"Speaker_D\",\n    \"core_objectives\": [\n        \"목표 1: 40세 미만의 주요 고객층을 타겟으로 한 혁신적인 리모컨 디자인 개발\",\n        \"목표 2: 운동 에너지와 배터리를 활용한 에너지 효율적인 리모컨 구현\",\n        \"목표 3: 사용자 프로필 및 자녀 보호 기능을 포함한 사용자 맞춤형 인터페이스 제공\"\n    ],\n    \"core_idea\": \"사용자 경험을 극대화하는 다기능 리모컨\",\n    \"idea_description\": \"이 프로젝트는 터치스크린과 다양한 에너지원(운동 에너지, 배터리)을 결합하여 사용자에게 직관적이고 효율적인 인터페이스를 제공하는 리모컨을 개발하는 것을 목표로 합니다. 또한, 사용자 프로필과 자녀 보호 기능을 통해 개인화된 경험을 제공합니다.\",\n    \"execution_plan\": \"1단계: 시장 조사 및 요구사항 분석 (2024.01.01 ~ 2024.02.15)\\n2단계: 디자인 및 프로토타입 개발 (2024.02.16 ~ 2024.03.31)\\n3단계: 테스트 및 피드백 수집 (2024.04.01 ~ 2024.05.15)\\n4단계: 최종 제품 개발 및 출시 준비 (2024.05.16 ~ 2024.06.30)\",\n    \"expected_effects\": [\n        \"기대효과 1: 사용자 만족도 향상으로 인한 시장 점유율 증가\",\n        \"기대효과 2: 에너지 효율성 개선으로 인한 환경 친화적 제품 이미지 구축\",\n        \"기대효과 3: 사용자 맞춤형 기능 제공으로 인한 브랜드 충성도 강화\"\n    ]\n}\n```",
  "prd_output": "```json\n{\n    \"overview\": \"파싱된 프로젝트는 회의 내용을 기반으로 프로젝트를 관리하는 시스템입니다. 이 프로젝트는 회의에서 논의된 내용을 효과적으로 파악하고, 이를 기반으로 프로젝트를 체계적으로 관리할 수 있도록 지원합니다. 타겟 사용자는 회의를 자주 진행하는 팀과 조직이며, 이 시스템을 통해 회의 내용을 효율적으로 정리하고 프로젝트 관리에 활용할 수 있는 가치를 제공합니다.\",\n    \"core_features\": \"1. 회의 내용 자동 파싱: 회의 내용을 자동으로 파싱하여 프로젝트에 필요한 정보를 추출합니다. 2. 프로젝트 생성 및 관리: 파싱된 내용을 기반으로 프로젝트를 생성하고 관리할 수 있는 기능을 제공합니다. 3. 실시간 업데이트: 회의 중에 변경된 내용을 실시간으로 업데이트하여 프로젝트에 반영합니다.\",\n    \"user_experience\": \"사용자는 회의가 끝난 후 파싱된 내용을 검토하고, 이를 기반으로 프로젝트를 생성하거나 기존 프로젝트에 추가할 수 있습니다. 주요 페르소나는 프로젝트 매니저이며, UI/UX는 직관적이고 사용하기 쉬운 인터페이스를 통해 사용자가 빠르게 정보를 파악하고 활용할 수 있도록 설계됩니다.\",\n    \"technical_architecture\": \"시스템은 클라우드 기반으로 설계되며, 데이터 모델은 회의 내용과 프로젝트 정보를 효율적으로 저장할 수 있도록 구성됩니다. API는 외부 시스템과의 연동을 지원하며, 인프라는 확장성과 안정성을 고려하여 설계됩니다.\",\n    \"development_roadmap\": \"MVP 단계에서는 회의 내용 파싱과 프로젝트 생성 기능을 우선적으로 개발합니다. 이후 단계에서는 실시간 업데이트와 외부 시스템 연동 기능을 추가하여 시스템을 개선합니다.\",\n    \"logical_dependency_chain\": \"초기에는 회의 내용 파싱 기능을 개발하고, 이후 이를 기반으로 프로젝트 생성 기능을 구현합니다. 이후 단계에서는 실시간 업데이트 기능을 추가하여 점진적으로 시스템을 확장합니다.\",\n    \"risks_and_mitigations\": \"기술적 도전은 회의 내용을 정확하게 파싱하는 알고리즘 개발이며, 이를 위해 자연어 처리 기술을 활용합니다. MVP 정의는 핵심 기능인 파싱과 프로젝트 생성에 집중하며, 자원 제약사항은 클라우드 인프라 비용을 고려합니다.\",\n    \"appendix\": \"추가 정보로는 자연어 처리 기술에 대한 연구 결과와 관련 기술 사양이 포함됩니다.\"\n}\n```",
  "quality_metrics": {
    "final_score": 6.0,
    "is_production_ready": true,
    "iterations_used": 1,
    "is_high_quality": false
  },
  "metadata": {
    "source_file": "../batch_triplet_results\\result_TS3007c\\05_final_result.json",
    "utterance_count": 297,
    "transcript_length": 9726,
    "speakers": [
      "Speaker_B",
      "Speaker_D",
      "Speaker_C",
      "Speaker_A"
    ],
    "dataset_type": "train",
    "processing_date": "2025-07-31T12:52:33.941729"
  }
}