{
  "id": "train_221",
  "source_dir": "result_제22대국회 제426회(임시회) 제1차 과학기술정보방송통신위원회(예산결산심사소위원회) (2025.06.27.)",
  "notion_output": "```json\n{\n    \"project_name\": \"2025년도 제2회 추가경정예산안 심사 및 실행 프로젝트\",\n    \"project_purpose\": \"2025년도 제2회 추가경정예산안을 효율적으로 심사하고, 각 부처의 예산안을 조정 및 확정하여 국가 예산의 효율성을 극대화한다.\",\n    \"project_period\": \"2025.01.01 ~ 2025.03.31\",\n    \"project_manager\": \"정동영 소위원장\",\n    \"core_objectives\": [\n        \"목표 1: 과학기술정보통신부, 방송통신위원회, 우주항공청의 예산안을 체계적으로 심사하고 조정한다.\",\n        \"목표 2: 각 부처의 예산 증액 및 감액 요구를 검토하여 최적의 예산안을 확정한다.\",\n        \"목표 3: 예산안 심사 과정에서 제기된 문제점 및 개선 사항을 반영하여 국가 예산의 효율성을 제고한다.\"\n    ],\n    \"core_idea\": \"각 부처의 예산안을 심사하여 국가 예산의 효율성을 극대화하는 것\",\n    \"idea_description\": \"과학기술정보통신부, 방송통신위원회, 우주항공청의 예산안을 심사하여 각 부처의 필요와 국가적 우선순위를 고려한 예산 조정을 통해 국가 예산의 효율성을 극대화한다.\",\n    \"execution_plan\": \"1. 과학기술정보통신부 예산안 심사 및 조정 (2025.01.01 ~ 2025.01.31)\\n2. 방송통신위원회 예산안 심사 및 조정 (2025.02.01 ~ 2025.02.15)\\n3. 우주항공청 예산안 심사 및 조정 (2025.02.16 ~ 2025.02.28)\\n4. 최종 예산안 확정 및 보고서 작성 (2025.03.01 ~ 2025.03.15)\\n5. 예산안 국회 제출 및 승인 (2025.03.16 ~ 2025.03.31)\",\n    \"expected_effects\": [\n        \"기대효과 1: 각 부처의 예산이 효율적으로 배분되어 국가 예산의 낭비를 최소화한다.\",\n        \"기대효과 2: 예산안 심사 과정에서 제기된 문제점 및 개선 사항을 반영하여 향후 예산안 심사의 질을 향상시킨다.\",\n        \"기대효과 3: 국가 예산의 효율적 사용을 통해 국민의 삶의 질을 향상시키고 국가 경쟁력을 강화한다.\"\n    ]\n}\n```",
  "prd_output": "```json\n{\n    \"overview\": \"파싱된 프로젝트는 회의 내용을 기반으로 한 프로젝트로, 회의에서 논의된 핵심 아이디어와 실행 계획을 효과적으로 관리하고 추적할 수 있도록 설계되었습니다. 이 프로젝트는 주로 프로젝트 관리자와 팀원들을 대상으로 하며, 회의에서 나온 아이디어를 체계적으로 정리하고 실행 가능한 계획으로 전환하는 데 가치를 제공합니다.\",\n    \"core_features\": \"주요 기능으로는 회의 내용 파싱, 핵심 아이디어 추출, 실행 계획 자동 생성, 목표 설정 및 추적 기능이 있습니다. 각 기능은 회의 기록을 분석하여 중요한 정보를 식별하고, 이를 기반으로 실행 가능한 계획을 자동으로 생성합니다. 목표 설정 및 추적 기능은 프로젝트의 진행 상황을 모니터링하고 조정할 수 있도록 지원합니다.\",\n    \"user_experience\": \"사용자 경험 설계는 회의에 참여하는 다양한 페르소나를 고려하여, 회의 후 빠르게 내용을 정리하고 실행 계획을 수립할 수 있도록 직관적인 UI/UX를 제공합니다. 주요 플로우는 회의 내용 입력, 자동 파싱 및 아이디어 추출, 실행 계획 검토 및 수정, 목표 설정 및 추적의 단계로 구성됩니다.\",\n    \"technical_architecture\": \"기술 아키텍처는 회의 내용을 파싱하는 자연어 처리 모듈, 핵심 아이디어를 추출하는 알고리즘, 실행 계획을 생성하는 로직, 그리고 목표 추적을 위한 데이터베이스로 구성됩니다. API는 외부 회의 기록 시스템과의 통합을 지원하며, 인프라는 클라우드 기반으로 확장성을 고려하여 설계됩니다.\",\n    \"development_roadmap\": \"개발 로드맵은 MVP 단계에서 회의 내용 파싱과 핵심 아이디어 추출 기능을 우선 구현하고, 이후 실행 계획 자동 생성 및 목표 추적 기능을 추가하는 방식으로 진행됩니다. 향후 개선사항으로는 사용자 피드백을 반영한 기능 개선과 추가 통합 기능 개발이 포함됩니다.\",\n    \"logical_dependency_chain\": \"논리적 의존성 체인은 회의 내용 파싱 기능을 가장 먼저 개발하고, 이를 기반으로 핵심 아이디어 추출 기능을 구현합니다. 이후 실행 계획 자동 생성 기능을 개발하며, 마지막으로 목표 설정 및 추적 기능을 추가합니다. 이러한 점진적 개발 방식은 각 기능의 기초가 되는 전 단계 기능의 완성을 전제로 합니다.\",\n    \"risks_and_mitigations\": \"위험 요소로는 자연어 처리의 정확도, MVP의 명확한 정의, 자원 제약사항 등이 있습니다. 이를 완화하기 위해 초기 단계에서 철저한 테스트를 통해 자연어 처리의 정확도를 높이고, MVP 범위를 명확히 정의하여 개발 리소스를 효율적으로 배분합니다.\",\n    \"appendix\": \"추가 정보로는 회의 내용 파싱을 위한 최신 자연어 처리 기술 연구 결과와 기술 사양이 포함됩니다. 또한, 프로젝트의 성공적인 실행을 위한 시장 조사 및 사용자 요구사항 분석 자료가 제공됩니다.\"\n}\n```",
  "quality_metrics": {
    "final_score": 6.0,
    "is_production_ready": true,
    "iterations_used": 1,
    "is_high_quality": false
  },
  "metadata": {
    "source_file": "../batch_triplet_results\\result_제22대국회 제426회(임시회) 제1차 과학기술정보방송통신위원회(예산결산심사소위원회) (2025.06.27.)\\05_final_result.json",
    "utterance_count": 662,
    "transcript_length": 37824,
    "speakers": [
      "김현 위원",
      "소위원장 정동영",
      "이훈기 위원",
      "박충권 위원",
      "방송통신위원회재정팀장 이우혁",
      "방송통신위원회사무처장전담직무대리 김영관",
      "최수진 위원",
      "우주항공청차장 노경원",
      "최형두 위원",
      "전문위원 임명현",
      "과학기술정보통신부정보보호네트워크정책관 최우혁",
      "과학기술정보통신부디지털인재양성팀장 성열범",
      "과학기술정보통신부제2차관 강도현",
      "이해민 위원",
      "과학기술정보통신부제1차관 이창윤",
      "수석전문위원 이복우"
    ],
    "dataset_type": "train",
    "processing_date": "2025-07-31T15:12:55.058359"
  }
}