{
  "id": "train_022",
  "source_dir": "result_제22대국회 제426회(임시회) 제3차 교육위원회(전체회의) (2025.07.02.)",
  "notion_output": "```json\n{\n    \"project_name\": \"2025년도 제2회 추가경정예산안 및 사립대학 구조개선법 프로젝트\",\n    \"project_purpose\": \"2025년도 교육부 소관 추가경정예산안의 효율적 집행과 사립대학 구조개선법 제정을 통한 고등교육 경쟁력 강화\",\n    \"project_period\": \"2025.01.01 ~ 2025.12.31\",\n    \"project_manager\": \"김영호 위원장\",\n    \"core_objectives\": [\n        \"목표 1: 2025년도 교육부 소관 추가경정예산안의 원활한 집행\",\n        \"목표 2: 사립대학 구조개선법 제정 및 시행\",\n        \"목표 3: 리박스쿨 청문회 증인 출석 요구 및 관련 문제 해결\"\n    ],\n    \"core_idea\": \"교육 재정의 효율적 운영과 법적 토대를 통한 사립대학의 경쟁력 강화\",\n    \"idea_description\": \"추가경정예산안의 증액을 통해 교육 재정을 강화하고, 사립대학의 구조개선을 위한 법적 기반을 마련하여 고등교육의 질을 높인다. 또한, 리박스쿨 관련 청문회를 통해 교육계의 투명성을 제고한다.\",\n    \"execution_plan\": \"1. 2025년 추가경정예산안 집행: 2025년 1월부터 예산 집행 시작, 분기별 집행 결과 보고\\n2. 사립대학 구조개선법 시행: 2025년 1월 법안 시행 준비, 2025년 6월 시행\\n3. 리박스쿨 청문회: 2025년 1월 증인 출석 요구, 2025년 3월 청문회 개최\",\n    \"expected_effects\": [\n        \"기대효과 1: 교육부 소관 예산의 효율적 집행으로 교육 환경 개선\",\n        \"기대효과 2: 사립대학 구조개선법 시행으로 고등교육 경쟁력 강화\",\n        \"기대효과 3: 리박스쿨 청문회를 통한 교육계 투명성 및 신뢰성 제고\"\n    ]\n}\n```",
  "prd_output": "```json\n{\n    \"overview\": \"파싱된 프로젝트는 회의 내용을 기반으로 프로젝트를 생성하고 관리하는 솔루션입니다. 이 프로젝트는 회의에서 논의된 내용을 자동으로 파싱하여 프로젝트 계획을 수립하는 데 도움을 줍니다. 타겟 사용자는 프로젝트 매니저와 팀 리더로, 회의 후 프로젝트 계획을 신속하게 수립하고 관리할 수 있는 가치를 제공합니다.\",\n    \"core_features\": \"1. 회의 내용 파싱: 회의 내용을 자동으로 분석하여 프로젝트 계획에 필요한 정보를 추출합니다. 2. 프로젝트 생성: 파싱된 정보를 기반으로 자동으로 프로젝트를 생성합니다. 3. 목표 설정: 추출된 정보를 통해 프로젝트의 핵심 목표를 설정합니다. 4. 실행 계획 수립: 자동으로 실행 계획을 제안합니다.\",\n    \"user_experience\": \"사용자는 회의 후 간단한 인터페이스를 통해 회의 내용을 업로드합니다. 시스템은 이를 분석하여 프로젝트 계획을 제안하고, 사용자는 이를 검토 및 수정할 수 있습니다. 주요 페르소나는 프로젝트 매니저이며, UI/UX는 직관적이고 사용하기 쉬운 인터페이스를 제공합니다.\",\n    \"technical_architecture\": \"시스템은 자연어 처리(NLP) 모듈을 통해 회의 내용을 분석합니다. 데이터 모델은 회의 내용, 프로젝트 목표, 실행 계획 등의 정보를 포함합니다. API는 외부 회의록 시스템과의 통합을 지원하며, 클라우드 기반 인프라를 통해 확장성을 제공합니다.\",\n    \"development_roadmap\": \"MVP는 회의 내용 파싱 및 기본 프로젝트 생성 기능을 포함합니다. 이후 단계에서는 목표 설정 및 실행 계획 수립 기능을 추가하고, 사용자 피드백을 반영하여 UI/UX를 개선합니다.\",\n    \"logical_dependency_chain\": \"1. 회의 내용 파싱 기능 개발 2. 프로젝트 생성 기능 개발 3. 목표 설정 기능 개발 4. 실행 계획 수립 기능 개발. 각 단계는 이전 단계의 기능을 기반으로 점진적으로 개발됩니다.\",\n    \"risks_and_mitigations\": \"기술적 도전은 자연어 처리의 정확성입니다. 이를 위해 최신 NLP 알고리즘을 활용하고, MVP는 기본적인 파싱 기능에 초점을 맞춥니다. 자원 제약사항은 클라우드 인프라를 통해 해결합니다.\",\n    \"appendix\": \"추가 정보로는 자연어 처리 기술에 대한 연구 결과 및 사용된 알고리즘의 기술 사양이 포함됩니다.\"\n}\n```",
  "quality_metrics": {
    "final_score": 6.0,
    "is_production_ready": true,
    "iterations_used": 1,
    "is_high_quality": false
  },
  "metadata": {
    "source_file": "../batch_triplet_results\\result_제22대국회 제426회(임시회) 제3차 교육위원회(전체회의) (2025.07.02.)\\05_final_result.json",
    "utterance_count": 204,
    "transcript_length": 12353,
    "speakers": [
      "박성준 위원",
      "강경숙 위원",
      "김대식 위원",
      "교육부지역인재정책관 윤소영",
      "소위원장 문정복",
      "서지영 위원",
      "김준혁 위원",
      "소위원장 조정훈",
      "문정복 위원",
      "김민전 위원",
      "조정훈 위원",
      "수석전문위원 최선영",
      "교육부차관 오석환",
      "위원장 김영호",
      "고민정 위원"
    ],
    "dataset_type": "train",
    "processing_date": "2025-07-31T11:12:09.141540"
  }
}