{
  "id": "train_111",
  "source_dir": "result_ES2008d",
  "notion_output": "```json\n{\n    \"project_name\": \"혁신적 리모컨 디자인 및 개발 프로젝트\",\n    \"project_purpose\": \"사용자 친화적이고 에너지 효율적인 리모컨을 개발하여 시장의 요구를 충족시키고 브랜드 이미지를 강화하는 것\",\n    \"project_period\": \"2025.01.01 ~ 2025.03.31\",\n    \"project_manager\": \"Speaker_A\",\n    \"core_objectives\": [\n        \"목표 1: 인체공학적 디자인을 통해 사용 편의성을 극대화\",\n        \"목표 2: 다양한 색상과 버튼 배열을 통해 사용자 맞춤형 경험 제공\",\n        \"목표 3: 에너지 효율적인 운동에너지 배터리 시스템 도입\",\n        \"목표 4: 사용자가 쉽게 리모컨을 찾을 수 있는 기능 구현\"\n    ],\n    \"core_idea\": \"사용자 경험을 개선하기 위한 혁신적이고 지속 가능한 리모컨 디자인\",\n    \"idea_description\": \"리모컨은 인체공학적 디자인과 다양한 버튼 배열을 통해 사용자의 편의성을 높이며, 운동에너지 배터리를 통해 지속 가능한 에너지 사용을 목표로 한다. 또한, 사용자가 쉽게 리모컨을 찾을 수 있도록 소리나 진동 기능을 추가한다.\",\n    \"execution_plan\": \"1단계: 디자인 프로토타입 개발 (2025.01.01 ~ 2025.01.31)\\n2단계: 사용자 테스트 및 피드백 수집 (2025.02.01 ~ 2025.02.28)\\n3단계: 최종 디자인 확정 및 생산 준비 (2025.03.01 ~ 2025.03.31)\",\n    \"design_elements\": {\n        \"button_colors\": \"검은색 버튼과 노란색 내부 디자인, 대체 색상으로 파란색\",\n        \"button_layout\": \"5개의 사전 설정 채널을 포함한 8~9개의 버튼 배열\",\n        \"ergonomic_design\": \"인체공학적 디자인으로 왼손과 오른손 모두 사용 가능\",\n        \"additional_features\": \"소리나 진동을 통해 리모컨 찾기 기능\"\n    },\n    \"battery_system\": {\n        \"type\": \"운동에너지 배터리\",\n        \"description\": \"운동에너지 배터리를 통해 지속 가능한 에너지 사용을 목표로 하며, 충격이 덜한 디자인을 채택\"\n    },\n    \"user_testing_methodology\": \"사용자 테스트는 다양한 연령대의 사용자를 대상으로 진행하며, 사용 편의성과 디자인에 대한 피드백을 수집하여 개선점을 도출한다.\",\n    \"expected_effects\": [\n        \"기대효과 1: 사용자 만족도 향상으로 인한 시장 점유율 증가\",\n        \"기대효과 2: 에너지 효율적인 배터리 사용으로 운영 비용 절감\",\n        \"기대효과 3: 혁신적인 디자인을 통한 브랜드 이미지 강화\",\n        \"기대효과 4: 사용자가 쉽게 리모컨을 찾을 수 있는 기능으로 사용자 편의성 증대\"\n    ]\n}\n```",
  "prd_output": "```json\n{\n    \"overview\": \"파싱된 프로젝트는 회의 내용을 기반으로 하여 프로젝트를 관리하고 추적하는 시스템입니다. 이 프로젝트는 회의에서 논의된 내용을 자동으로 파싱하여 프로젝트 계획에 반영함으로써 효율성을 높이고, 사용자들이 쉽게 회의 결과를 프로젝트에 통합할 수 있도록 돕습니다. 주요 타겟 사용자는 프로젝트 매니저, 팀 리더, 그리고 회의 주최자들입니다. 이 시스템은 시간 절약과 정보의 일관성을 제공하는 것을 주요 가치로 제안합니다.\",\n    \"core_features\": \"1. 회의 내용 자동 파싱: 회의 녹음이나 텍스트를 분석하여 주요 내용을 추출합니다. 2. 프로젝트 계획 통합: 파싱된 내용을 프로젝트 계획에 자동으로 반영합니다. 3. 알림 및 업데이트: 변경 사항에 대한 알림을 제공하여 팀원들이 최신 정보를 유지할 수 있도록 합니다.\",\n    \"user_experience\": \"사용자는 회의가 끝난 후, 시스템에 회의 녹음이나 텍스트를 업로드합니다. 시스템은 이를 분석하여 프로젝트 계획에 반영하고, 사용자는 이를 검토 및 수정할 수 있습니다. 주요 페르소나는 프로젝트 매니저로, 이들은 주로 프로젝트 계획을 관리하고 팀원들에게 업데이트를 전달하는 역할을 합니다. UI/UX는 직관적이고 사용하기 쉬운 인터페이스를 제공하여 사용자가 쉽게 정보를 입력하고 확인할 수 있도록 설계됩니다.\",\n    \"technical_architecture\": \"시스템은 클라우드 기반으로 설계되며, 주요 구성 요소로는 데이터 파싱 모듈, 프로젝트 관리 모듈, 사용자 인터페이스 모듈이 있습니다. 데이터 모델은 회의 내용, 프로젝트 계획, 사용자 정보 등을 포함하며, API는 외부 시스템과의 통합을 지원합니다. 인프라 요구사항으로는 안정적인 데이터 저장소와 빠른 데이터 처리 능력이 필요합니다.\",\n    \"development_roadmap\": \"MVP 단계에서는 회의 내용 파싱과 프로젝트 계획 통합 기능을 우선적으로 개발합니다. 이후 단계에서는 사용자 피드백을 반영하여 알림 기능과 UI/UX 개선을 진행합니다. 장기적으로는 AI 기반의 자동화 기능을 추가할 계획입니다.\",\n    \"logical_dependency_chain\": \"1. 데이터 파싱 모듈 개발 2. 프로젝트 계획 통합 기능 개발 3. 사용자 인터페이스 개발 4. 알림 기능 추가 5. AI 기반 자동화 기능 개발\",\n    \"risks_and_mitigations\": \"기술적 도전으로는 정확한 파싱 알고리즘 개발이 있으며, 이를 위해 머신러닝 기술을 활용할 예정입니다. MVP 정의는 회의 내용 파싱과 프로젝트 계획 통합 기능으로 설정됩니다. 자원 제약사항으로는 개발 인력과 시간 제한이 있으며, 이를 고려하여 단계별로 개발을 진행합니다.\",\n    \"appendix\": \"추가 정보로는 회의 내용 파싱에 대한 연구 결과와 기술 사양이 포함됩니다. 또한, 유사 프로젝트 분석 결과와 시장 조사 자료도 참고 자료로 제공됩니다.\"\n}\n```",
  "quality_metrics": {
    "final_score": 6.0,
    "is_production_ready": true,
    "iterations_used": 2,
    "is_high_quality": false
  },
  "metadata": {
    "source_file": "../batch_triplet_results\\result_ES2008d\\05_final_result.json",
    "utterance_count": 417,
    "transcript_length": 14374,
    "speakers": [
      "Speaker_B",
      "Speaker_D",
      "Speaker_C",
      "Speaker_A"
    ],
    "dataset_type": "train",
    "processing_date": "2025-07-31T13:00:04.861642"
  }
}