{
  "id": "train_045",
  "source_dir": "result_Bmr011_processed",
  "notion_output": "```json\n{\n    \"project_name\": \"다양한 환경에서의 고품질 회의 녹음 및 전사 시스템 개발\",\n    \"project_purpose\": \"다양한 마이크 배열 및 환경에서 회의 녹음의 품질을 향상시키고, 전사 정확도를 높이기 위한 시스템 개발\",\n    \"project_period\": \"2025.01.01 ~ 2025.07.31\",\n    \"project_manager\": \"제인\",\n    \"core_objectives\": [\n        \"목표 1: 고품질의 근거리 통신 마이크 및 마이크 배열을 활용하여 녹음 품질 향상\",\n        \"목표 2: 다양한 마이크 환경에서의 전사 정확도 개선 및 크로스토크 문제 해결\",\n        \"목표 3: 회의 데이터의 효율적인 저장 및 관리 시스템 구축\",\n        \"목표 4: 다양한 환경에서의 실시간 전사 및 데이터 처리 기술 개발\"\n    ],\n    \"core_idea\": \"다양한 마이크 배열과 환경에서도 일관된 품질의 녹음 및 전사를 제공하는 시스템 개발\",\n    \"idea_description\": \"고품질의 근거리 통신 마이크와 마이크 배열을 활용하여 녹음의 품질을 높이고, 다양한 마이크 환경에서도 전사 정확도를 유지할 수 있는 시스템을 개발합니다. 크로스토크 문제를 해결하고, 회의 데이터를 효율적으로 저장하고 관리할 수 있는 인프라를 구축합니다.\",\n    \"execution_plan\": [\n        \"1단계: 고품질 마이크 및 마이크 배열 선정 및 테스트 (2025.01.01 ~ 2025.02.28)\",\n        \"2단계: 전사 시스템 개발 및 크로스토크 문제 해결 (2025.03.01 ~ 2025.04.30)\",\n        \"3단계: 데이터 저장 및 관리 시스템 구축 (2025.05.01 ~ 2025.06.30)\",\n        \"4단계: 다양한 환경에서의 실시간 전사 및 데이터 처리 기술 개발 (2025.07.01 ~ 2025.07.31)\"\n    ],\n    \"expected_effects\": [\n        \"기대효과 1: 회의 녹음의 품질 향상으로 인한 전사 정확도 증가\",\n        \"기대효과 2: 다양한 환경에서도 일관된 전사 결과 제공 및 크로스토크 문제 해결\",\n        \"기대효과 3: 효율적인 데이터 관리로 인한 운영 비용 절감\",\n        \"기대효과 4: 실시간 전사 및 데이터 처리 기술로 인한 회의 운영 효율성 증대\"\n    ],\n    \"technical_requirements\": [\n        \"고품질 근거리 통신 마이크 및 마이크 배열의 사용\",\n        \"크로스토크 문제 해결을 위한 신호 처리 기술 개발\",\n        \"회의 데이터의 효율적인 저장 및 관리 시스템 구축\",\n        \"실시간 전사 및 데이터 처리 기술 구현\"\n    ],\n    \"additional_notes\": [\n        \"회의에서 논의된 다양한 마이크 환경에 대한 구체적인 대응 방안을 포함\",\n        \"NIST 및 LDC와의 협력을 통해 대규모 회의실 환경에서의 테스트 및 피드백 수집\",\n        \"필사자와의 협력을 통해 전사 정확도 및 효율성 개선\"\n    ]\n}\n```",
  "prd_output": "```json\n{\n    \"overview\": \"파싱된 프로젝트는 회의 내용을 기반으로 프로젝트를 관리하는 시스템입니다. 이 프로젝트는 회의에서 논의된 내용을 효율적으로 파악하고 관리하여 프로젝트 진행을 원활하게 하는 것을 목표로 합니다. 주 타겟 사용자는 프로젝트 매니저와 팀원들로, 회의에서 나온 아이디어와 결정을 체계적으로 정리하고 추적할 수 있는 가치를 제공합니다.\",\n    \"core_features\": \"1. 회의 내용 자동 파싱: 회의에서 논의된 내용을 자동으로 파싱하여 프로젝트에 반영합니다. 2. 프로젝트 관리 대시보드: 파싱된 내용을 기반으로 프로젝트 진행 상황을 한눈에 볼 수 있는 대시보드를 제공합니다. 3. 알림 및 업데이트 기능: 프로젝트의 주요 변경 사항이나 마감일에 대한 알림을 제공합니다.\",\n    \"user_experience\": \"사용자는 회의가 끝난 후, 자동으로 생성된 회의 요약을 검토하고 필요에 따라 수정할 수 있습니다. 프로젝트 매니저는 대시보드를 통해 전체 프로젝트 진행 상황을 모니터링하고, 팀원들은 각자의 할당된 작업을 확인하고 업데이트할 수 있습니다. UI/UX는 직관적이고 사용하기 쉬운 인터페이스를 제공하여 사용자의 편의성을 높입니다.\",\n    \"technical_architecture\": \"시스템은 클라이언트-서버 아키텍처로 구성되며, 데이터베이스는 회의 기록과 프로젝트 데이터를 저장합니다. API는 클라이언트와 서버 간의 데이터 전송을 담당하며, 인프라는 클라우드 기반으로 확장성을 고려하여 설계됩니다.\",\n    \"development_roadmap\": \"MVP는 회의 내용 파싱 및 대시보드 기능을 포함하며, 이후 알림 기능과 사용자 맞춤형 설정 기능이 추가될 예정입니다. 각 단계별로 사용자 피드백을 반영하여 지속적으로 개선해 나갈 계획입니다.\",\n    \"logical_dependency_chain\": \"초기에는 회의 내용 파싱 기능을 개발하고, 그 다음으로 대시보드 기능을 구축합니다. 이후 알림 기능을 추가하며, 마지막으로 사용자 맞춤형 설정 기능을 개발합니다. 각 기능은 이전 기능의 완성도를 기반으로 점진적으로 개발됩니다.\",\n    \"risks_and_mitigations\": \"기술적 도전으로는 자연어 처리의 정확도가 있으며, 이를 위해 최신 NLP 기술을 도입합니다. MVP 정의는 핵심 기능에 집중하여 빠르게 시장에 출시하는 것을 목표로 하며, 자원 제약사항은 클라우드 인프라를 활용하여 최소화합니다.\",\n    \"appendix\": \"추가 정보로는 회의 내용 파싱에 사용되는 NLP 알고리즘에 대한 연구 결과와 기술 사양이 포함됩니다. 또한, 프로젝트 관리 도구와의 통합 가능성에 대한 분석 자료도 제공됩니다.\"\n}\n```",
  "quality_metrics": {
    "final_score": 6.0,
    "is_production_ready": true,
    "iterations_used": 2,
    "is_high_quality": false
  },
  "metadata": {
    "source_file": "../batch_triplet_results\\result_Bmr011_processed\\05_final_result.json",
    "utterance_count": 657,
    "transcript_length": 23107,
    "speakers": [
      "Speaker_F",
      "Speaker_A",
      "Speaker_H",
      "Speaker_G",
      "Speaker_B",
      "Speaker_E",
      "Speaker_D",
      "Speaker_C"
    ],
    "dataset_type": "train",
    "processing_date": "2025-07-31T11:38:29.398761"
  }
}