{
  "id": "train_136",
  "source_dir": "result_IS1005b",
  "notion_output": "```json\n{\n    \"project_name\": \"범용 리모컨 개발 및 사용자 경험 최적화 프로젝트\",\n    \"project_purpose\": \"모든 TV와 호환되는 범용 리모컨을 개발하여 사용자 편의성을 극대화하고, 사용자 피드백을 반영하여 디자인과 기능을 개선한다.\",\n    \"project_period\": \"2024.01.01 ~ 2024.06.30\",\n    \"project_manager\": \"Speaker_A\",\n    \"core_objectives\": [\n        \"목표 1: 사용자 피드백을 반영한 직관적이고 간단한 인터페이스 설계\",\n        \"목표 2: 적외선 및 전파 기반의 안정적이고 효율적인 통신 기술 구현\",\n        \"목표 3: 비용 효율적인 생산을 통해 시장 경쟁력 확보 및 사용자 만족도 향상\"\n    ],\n    \"core_idea\": \"사용자 피드백과 연구 결과를 바탕으로 모든 TV와 호환 가능한 범용 리모컨을 개발하여 사용자 경험을 혁신한다.\",\n    \"idea_description\": \"리모컨은 적외선 및 전파를 이용하여 다양한 TV와 호환되며, 사용자 피드백을 반영한 직관적인 버튼 배열과 간단한 인터페이스를 제공한다. 또한, 비용 효율적인 생산을 통해 가격 경쟁력을 확보하며, 사용자 연구 결과를 반영하여 디자인과 기능을 지속적으로 개선한다.\",\n    \"execution_plan\": [\n        {\n            \"단계\": \"1단계\",\n            \"내용\": \"시장 조사 및 사용자 피드백 분석\",\n            \"기간\": \"2024.01.01 ~ 2024.01.31\",\n            \"책임자\": \"Speaker_D\"\n        },\n        {\n            \"단계\": \"2단계\",\n            \"내용\": \"디자인 및 기술 사양 확정, 사용자 피드백 반영\",\n            \"기간\": \"2024.02.01 ~ 2024.02.28\",\n            \"책임자\": \"Speaker_C\"\n        },\n        {\n            \"단계\": \"3단계\",\n            \"내용\": \"프로토타입 개발 및 사용자 테스트\",\n            \"기간\": \"2024.03.01 ~ 2024.04.30\",\n            \"책임자\": \"Speaker_B\"\n        },\n        {\n            \"단계\": \"4단계\",\n            \"내용\": \"생산 준비 및 마케팅 전략 수립\",\n            \"기간\": \"2024.05.01 ~ 2024.05.31\",\n            \"책임자\": \"Speaker_A\"\n        },\n        {\n            \"단계\": \"5단계\",\n            \"내용\": \"제품 출시 및 피드백 수집, 지속적 개선\",\n            \"기간\": \"2024.06.01 ~ 2024.06.30\",\n            \"책임자\": \"Speaker_A\"\n        }\n    ],\n    \"expected_effects\": [\n        \"기대효과 1: 사용자 편의성 증대로 인한 고객 만족도 향상\",\n        \"기대효과 2: 다양한 TV와의 호환성으로 인한 시장 점유율 확대\",\n        \"기대효과 3: 비용 효율적인 생산을 통한 가격 경쟁력 확보\",\n        \"기대효과 4: 사용자 피드백을 반영한 지속적 제품 개선으로 브랜드 이미지 강화\"\n    ],\n    \"technical_details\": {\n        \"통신기술\": \"적외선 및 전파 기반\",\n        \"버튼디자인\": \"사용자 피드백을 반영한 직관적 배열\",\n        \"사용자연구결과\": \"사용자들은 채널, 볼륨, 전원 버튼을 가장 많이 사용하며, 직관적이지 않은 인터페이스는 학습 시간이 오래 걸림\",\n        \"생산전략\": \"기성품 OEM 부품 활용 및 자체 회로 개발\"\n    }\n}\n```",
  "prd_output": "```json\n{\n    \"overview\": \"파싱된 프로젝트는 회의 내용을 기반으로 프로젝트를 생성하는 것을 목적으로 합니다. 이 프로젝트는 회의에서 논의된 내용을 효율적으로 파악하고 관리할 수 있는 솔루션을 제공하여, 프로젝트 관리의 효율성을 높이는 것을 목표로 합니다. 타겟 사용자는 주로 회의를 자주 진행하는 기업의 프로젝트 매니저 및 팀원들입니다. 이 프로젝트는 회의 내용을 자동으로 파싱하여 프로젝트 계획을 수립하는 데 필요한 정보를 제공합니다.\",\n    \"core_features\": \"1. 회의 내용 자동 파싱: 회의 기록을 분석하여 프로젝트 계획에 필요한 정보를 추출합니다. 2. 프로젝트 계획 자동 생성: 파싱된 데이터를 기반으로 프로젝트 계획을 자동으로 생성합니다. 3. 목표 설정 및 추적: 사용자가 설정한 목표를 추적하고 진행 상황을 시각화합니다.\",\n    \"user_experience\": \"사용자는 회의 기록을 업로드하고, 시스템이 자동으로 파싱된 정보를 바탕으로 프로젝트 계획을 제안합니다. 페르소나는 프로젝트 매니저로, 주요 플로우는 회의 기록 업로드 -> 자동 파싱 -> 프로젝트 계획 검토 및 수정 -> 목표 설정 및 추적입니다. UI/UX는 직관적이고 사용하기 쉽게 설계됩니다.\",\n    \"technical_architecture\": \"시스템은 클라우드 기반으로 설계되며, 데이터 모델은 회의 기록 데이터와 프로젝트 계획 데이터를 포함합니다. API는 외부 회의 기록 시스템과의 통합을 지원하며, 인프라는 AWS를 기반으로 구축됩니다.\",\n    \"development_roadmap\": \"MVP 요구사항은 회의 기록 파싱 및 기본적인 프로젝트 계획 생성 기능을 포함합니다. 향후 개선사항으로는 고급 분석 기능 및 사용자 맞춤형 대시보드가 포함됩니다. 단계별 개발 범위는 초기 파싱 기능 개발 -> 프로젝트 계획 생성 기능 개발 -> 목표 추적 기능 개발 순입니다.\",\n    \"logical_dependency_chain\": \"개발 순서는 회의 기록 파싱 기능을 먼저 개발하고, 그 다음 프로젝트 계획 생성 기능을 개발합니다. 기초 기능 우선순위는 파싱 기능 -> 계획 생성 기능 -> 목표 추적 기능입니다. 점진적 개발 방식으로 각 기능을 단계적으로 완성합니다.\",\n    \"risks_and_mitigations\": \"기술적 도전으로는 자연어 처리 기술의 정확도가 있으며, 이를 위해 최신 NLP 기술을 활용합니다. MVP 정의는 기본 파싱 및 계획 생성 기능으로, 자원 제약사항은 개발 인력과 시간입니다.\",\n    \"appendix\": \"추가 정보로는 자연어 처리 기술 관련 연구 결과 및 기술 사양이 포함됩니다.\"\n}\n```",
  "quality_metrics": {
    "final_score": 6.0,
    "is_production_ready": true,
    "iterations_used": 2,
    "is_high_quality": false
  },
  "metadata": {
    "source_file": "../batch_triplet_results\\result_IS1005b\\05_final_result.json",
    "utterance_count": 224,
    "transcript_length": 8081,
    "speakers": [
      "Speaker_B",
      "Speaker_D",
      "Speaker_C",
      "Speaker_A"
    ],
    "dataset_type": "train",
    "processing_date": "2025-07-31T13:29:36.451326"
  }
}