{
  "id": "train_133",
  "source_dir": "result_제22대국회 제424회(임시회) 제3차 과학기술정보방송통신위원회(전체회의) (2025.04.23.)",
  "notion_output": "```json\n{\n    \"project_name\": \"2025년도 AI 역량 강화 및 글로벌 AI 3대 강국 도약 프로젝트\",\n    \"project_purpose\": \"국내 AI 역량을 강화하고 글로벌 AI 3대 강국으로 도약하기 위한 예산 편성 및 실행 계획 수립\",\n    \"project_period\": \"2025.01.01 ~ 2025.12.31\",\n    \"project_manager\": \"유상임 과학기술정보통신부장관\",\n    \"core_objectives\": [\n        \"목표 1: AI 컴퓨팅 인프라 확충을 통한 첨단 GPU 1만 장 이상 확보\",\n        \"목표 2: 월드 베스트 LLM 프로젝트 추진을 통한 글로벌 수준의 AI 모델 개발\",\n        \"목표 3: 해외 최고급 AI 연구자 유치 및 석박사급 인재 육성\"\n    ],\n    \"core_idea\": \"AI 인프라 및 인재 양성을 통한 국가 AI 경쟁력 강화\",\n    \"idea_description\": \"첨단 GPU 확보와 AI 반도체 조기 상용화 실증사업 확대를 통해 AI 컴퓨팅 인프라를 강화하고, 월드 베스트 LLM 프로젝트를 추진하여 글로벌 AI 모델 개발을 목표로 함. 또한, 해외 AI 연구자 유치 및 석박사급 인재 육성을 통해 AI 혁신 생태계를 조성.\",\n    \"execution_plan\": \"1단계: 2025년 상반기 - 첨단 GPU 1만 장 이상 확보 및 국산 AI 반도체 실증사업 확대\\n2단계: 2025년 중반기 - 월드 베스트 LLM 프로젝트 본격 추진 및 해외 AI 연구자 유치\\n3단계: 2025년 하반기 - AI 혁신펀드 조성 및 AI 딥테크 기업 기술사업화 지원\",\n    \"expected_effects\": [\n        \"기대효과 1: AI 컴퓨팅 인프라 확충을 통해 국내 AI 연구 및 개발 역량 강화\",\n        \"기대효과 2: 글로벌 수준의 AI 모델 개발로 국제 경쟁력 확보 및 AI 산업 발전 촉진\",\n        \"기대효과 3: AI 인재 양성 및 혁신 생태계 조성으로 지속 가능한 AI 발전 기반 마련\"\n    ]\n}\n```",
  "prd_output": "```json\n{\n    \"overview\": \"파싱된 프로젝트는 회의 내용을 기반으로 프로젝트를 관리하고 추적하는 도구입니다. 이 프로젝트는 회의에서 논의된 사항을 체계적으로 정리하여 프로젝트 관리에 활용할 수 있도록 돕습니다. 타겟 사용자는 프로젝트 관리자, 팀 리더, 그리고 회의에서 효율적인 정보 관리를 원하는 모든 사람들입니다. 이 도구는 회의 내용을 자동으로 파싱하여 프로젝트의 핵심 목표와 실행 계획을 명확히 하고, 이를 통해 프로젝트의 성공 가능성을 높입니다.\",\n    \"core_features\": \"1. 회의 내용 자동 파싱: 회의 내용을 자동으로 분석하고, 프로젝트의 핵심 아이디어와 실행 계획을 도출합니다.\\n2. 목표 설정 및 추적: 프로젝트의 핵심 목표를 설정하고, 목표 달성 여부를 추적합니다.\\n3. 실행 계획 관리: 실행 계획을 체계적으로 관리하고, 필요한 리소스를 할당합니다.\\n4. 기대 효과 분석: 프로젝트의 기대 효과를 분석하고, 이를 통해 프로젝트의 가치를 평가합니다.\",\n    \"user_experience\": \"사용자는 회의 내용을 입력하거나 업로드하면, 시스템이 자동으로 이를 분석하여 프로젝트의 핵심 요소를 도출합니다. 주요 페르소나는 프로젝트 관리자이며, 이들은 직관적인 UI를 통해 회의 내용을 쉽게 관리하고, 프로젝트의 진행 상황을 모니터링할 수 있습니다. 주요 플로우는 회의 내용 입력 -> 자동 파싱 -> 목표 및 실행 계획 설정 -> 진행 상황 추적입니다.\",\n    \"technical_architecture\": \"시스템은 자연어 처리(NLP) 기술을 활용하여 회의 내용을 분석합니다. 데이터 모델은 회의 내용, 목표, 실행 계획, 기대 효과 등의 정보를 포함합니다. API는 외부 시스템과의 통합을 지원하며, 인프라는 클라우드 기반으로 확장성을 고려하여 설계됩니다.\",\n    \"development_roadmap\": \"MVP 요구사항은 회의 내용 자동 파싱 및 목표 설정 기능입니다. 향후 개선사항으로는 사용자 맞춤형 대시보드 제공, 다양한 회의 형식 지원 등이 있습니다. 단계별 개발 범위는 초기 MVP 개발 -> 사용자 피드백 수집 -> 기능 개선 및 확장입니다.\",\n    \"logical_dependency_chain\": \"개발 순서는 회의 내용 파싱 기능을 우선적으로 개발하고, 이후 목표 설정 및 추적 기능을 구현합니다. 기초 기능은 자동 파싱이며, 이를 기반으로 점진적으로 목표 및 실행 계획 관리 기능을 추가합니다.\",\n    \"risks_and_mitigations\": \"기술적 도전은 자연어 처리의 정확도 향상이며, 이를 위해 최신 NLP 알고리즘을 도입합니다. MVP 정의는 회의 내용 자동 파싱과 목표 설정 기능으로, 자원 제약사항은 개발 인력과 시간입니다.\",\n    \"appendix\": \"추가 정보로는 자연어 처리 기술에 대한 연구 결과와 기술 사양이 포함됩니다. 또한, 유사 프로젝트 사례 연구도 참고 자료로 제공됩니다.\"\n}\n```",
  "quality_metrics": {
    "final_score": 6.0,
    "is_production_ready": true,
    "iterations_used": 1,
    "is_high_quality": false
  },
  "metadata": {
    "source_file": "../batch_triplet_results\\result_제22대국회 제424회(임시회) 제3차 과학기술정보방송통신위원회(전체회의) (2025.04.23.)\\05_final_result.json",
    "utterance_count": 283,
    "transcript_length": 17313,
    "speakers": [
      "정동영 위원",
      "과학기술정보통신부장관 유상임",
      "과학기술정보통신부과학기술혁신본부장 류광준",
      "이훈기 위원",
      "이정헌 위원",
      "한민수 위원",
      "김장겸 위원",
      "최수진 위원",
      "최형두 위원",
      "과학기술정보통신부제2차관 강도현",
      "조인철 위원",
      "위원장 최민희",
      "신성범 위원",
      "수석전문위원 이복우",
      "황정아 위원"
    ],
    "dataset_type": "train",
    "processing_date": "2025-07-31T13:27:14.887975"
  }
}