{
  "id": "train_234",
  "source_dir": "result_Bro011_processed",
  "notion_output": "```json\n{\n    \"project_name\": \"통합 데이터 처리 최적화 프로젝트\",\n    \"project_purpose\": \"다양한 필터링, 샘플링 및 모델링 기술을 통합하여 데이터 처리의 정확성과 효율성을 극대화하고 새로운 기술적 솔루션을 개발합니다.\",\n    \"project_period\": \"2024.01.01 ~ 2024.06.30\",\n    \"project_manager\": \"Hynek (하이넥)\",\n    \"team_members\": [\n        \"Speaker_A: 스펙트럼 분석 및 실험 설계\",\n        \"Speaker_B: 데이터베이스 관리 및 기술 지원\",\n        \"Speaker_C: 필터링 알고리즘 개발 및 실험적 접근\",\n        \"Speaker_D: 모델링, 시뮬레이션 및 성능 최적화\",\n        \"Speaker_E: 채널 정규화 및 테스트\",\n        \"Speaker_F: LDA 필터링, 주파수 응답 분석 및 평균 추정\"\n    ],\n    \"core_objectives\": [\n        \"목표 1: LDA 필터링 및 저역통과 필터링의 주파수 특성 개선\",\n        \"목표 2: 다운샘플링 과정에서의 데이터 손실 최소화\",\n        \"목표 3: 다양한 필터링, 샘플링 및 모델링 기술의 통합적 접근을 통한 성능 향상\",\n        \"목표 4: 실험적 접근을 통한 새로운 기술적 솔루션 개발\",\n        \"목표 5: 신경망 및 HMM을 활용한 모델링 기법 개선\"\n    ],\n    \"core_idea\": \"다양한 필터링, 샘플링 및 모델링 기술을 통합하여 데이터 처리의 정확성과 효율성을 높이는 기술적 접근\",\n    \"idea_description\": \"LDA 필터링, 저역통과 필터링, 스펙트럼 뺄셈 등을 활용하여 주파수 응답을 개선하고, 다운샘플링 과정에서의 데이터 손실을 최소화하는 기술적 솔루션을 개발합니다. 또한, 신경망 및 HMM을 활용하여 모델링 기법을 개선하고, 실험적 접근을 통해 새로운 기술적 솔루션을 탐색합니다.\",\n    \"execution_plan\": [\n        \"1단계: 현재 필터링, 샘플링 및 모델링 프로세스 분석 (2024.01.01 ~ 2024.02.28)\",\n        \"2단계: LDA 필터링 및 저역통과 필터링 개선 (2024.03.01 ~ 2024.04.30)\",\n        \"3단계: 다양한 필터링, 샘플링 및 모델링 기술의 통합적 접근 실험 (2024.05.01 ~ 2024.05.31)\",\n        \"4단계: 실험 결과 분석 및 최적화된 솔루션 도출 (2024.06.01 ~ 2024.06.30)\"\n    ],\n    \"expected_effects\": [\n        \"기대효과 1: 주파수 필터링의 정확도 향상으로 인한 데이터 품질 개선\",\n        \"기대효과 2: 다운샘플링 과정에서의 데이터 손실 최소화\",\n        \"기대효과 3: 최적화된 필터링, 샘플링 및 모델링 기술을 통한 연구 및 개발 효율성 증대\",\n        \"기대효과 4: 새로운 기술적 솔루션을 통한 데이터 처리 혁신\"\n    ],\n    \"additional_notes\": [\n        \"회의에서 논의된 다양한 기술적 접근 방법을 반영하여 실험적 접근을 구체화하고, 각 팀원의 역할을 명확히 하여 프로젝트의 효율성을 높입니다.\",\n        \"회의에서 언급된 다양한 기술적 논의와 인물의 기여를 기획안에 포함시켜 프로젝트의 완성도를 높입니다.\",\n        \"특히 신경망 및 HMM을 활용한 모델링 기법 개선에 대한 구체적인 실험 계획을 포함합니다.\"\n    ]\n}\n```",
  "prd_output": "```json\n{\n    \"overview\": \"파싱된 프로젝트는 회의 내용을 기반으로 프로젝트를 생성하는 것을 목표로 합니다. 이 프로젝트는 회의 중 논의된 내용을 자동으로 파싱하여 프로젝트 관리에 필요한 정보를 추출하고 이를 기반으로 프로젝트를 구성합니다. 주 타겟 사용자는 프로젝트 매니저 및 팀 리더로, 이들에게 회의 후 프로젝트 관리의 효율성을 제공합니다.\",\n    \"core_features\": \"1. 회의 내용 파싱: 회의 중 논의된 내용을 자동으로 텍스트로 변환하고 분석합니다. 2. 프로젝트 생성: 파싱된 데이터를 기반으로 프로젝트의 목표, 실행 계획 등을 자동으로 생성합니다. 3. 목표 및 계획 관리: 생성된 프로젝트의 목표와 계획을 관리하고 수정할 수 있는 기능을 제공합니다.\",\n    \"user_experience\": \"사용자는 회의가 끝난 후 파싱된 데이터를 검토하고, 자동 생성된 프로젝트를 확인합니다. 주요 페르소나는 프로젝트 매니저로, 회의 후 빠르게 프로젝트를 구성하고 팀과 공유할 수 있는 기능을 중시합니다. UI/UX는 직관적이고 빠른 피드백을 제공하는 방향으로 설계됩니다.\",\n    \"technical_architecture\": \"시스템은 음성 인식 및 자연어 처리 모듈로 구성되며, 데이터 모델은 프로젝트 관리에 필요한 목표, 계획, 일정 등을 포함합니다. API는 외부 회의 기록 시스템과의 연동을 지원하며, 인프라는 클라우드 기반으로 확장성을 고려합니다.\",\n    \"development_roadmap\": \"MVP는 회의 내용 파싱 및 기본적인 프로젝트 생성 기능을 포함합니다. 이후 사용자 피드백을 반영하여 목표 관리 기능과 외부 시스템 연동 기능을 단계적으로 추가할 예정입니다.\",\n    \"logical_dependency_chain\": \"초기에는 음성 인식 및 자연어 처리 기능을 개발하여 회의 내용을 파싱하는 것이 우선입니다. 이후 파싱된 데이터를 기반으로 프로젝트 생성 기능을 개발하고, 마지막으로 목표 및 계획 관리 기능을 추가합니다.\",\n    \"risks_and_mitigations\": \"기술적 도전은 음성 인식의 정확도와 자연어 처리의 복잡성입니다. MVP는 핵심 기능에 집중하여 빠르게 시장에 출시하고, 자원 제약사항은 클라우드 인프라를 활용하여 최소화합니다.\",\n    \"appendix\": \"추가 정보로는 자연어 처리 기술 연구 결과와 음성 인식 시스템의 기술 사양이 포함됩니다.\"\n}\n```",
  "quality_metrics": {
    "final_score": 6.0,
    "is_production_ready": true,
    "iterations_used": 3,
    "is_high_quality": false
  },
  "metadata": {
    "source_file": "../batch_triplet_results\\result_Bro011_processed\\05_final_result.json",
    "utterance_count": 612,
    "transcript_length": 19278,
    "speakers": [
      "Speaker_F",
      "Speaker_A",
      "Speaker_B",
      "Speaker_E",
      "Speaker_D",
      "Speaker_C"
    ],
    "dataset_type": "train",
    "processing_date": "2025-07-31T15:23:47.869154"
  }
}