{
  "id": "train_201",
  "source_dir": "result_Bmr026_processed",
  "notion_output": "```json\n{\n    \"project_name\": \"Transcriber 인터페이스 및 데이터 관리 최적화 프로젝트\",\n    \"project_purpose\": \"Transcriber 인터페이스의 기능을 확장하고 데이터 관리 및 처리 효율성을 극대화하여 사용자 경험을 향상시키고 시스템 안정성을 강화한다.\",\n    \"project_period\": \"2024.01.01 ~ 2024.06.30\",\n    \"project_manager\": \"Speaker_B\",\n    \"core_objectives\": [\n        \"목표 1: Transcriber 인터페이스에 파형 위에 임의의 내용을 표시할 수 있는 기능 추가\",\n        \"목표 2: 사용자 ID 및 회의 유형별 데이터 색인 및 필터링 기능 강화\",\n        \"목표 3: 백업 및 디스크 관리 시스템 개선으로 데이터 안전성 강화\",\n        \"목표 4: 데이터 수집 및 전사 프로세스 최적화\",\n        \"목표 5: Tcl-Tk 및 Snack 버전 호환성 문제 해결\"\n    ],\n    \"core_idea\": \"Transcriber 인터페이스의 기능 확장과 데이터 관리 및 처리 효율성 강화\",\n    \"idea_description\": \"기존 Transcriber 인터페이스에 파형 위에 추가 정보를 표시할 수 있는 창을 추가하고, 사용자 ID 및 회의 유형별로 데이터를 색인화하여 필터링 기능을 강화한다. 또한, 백업 및 디스크 관리 시스템을 개선하여 데이터 처리 속도를 높이고, 데이터 수집 및 전사 프로세스를 최적화한다. Tcl-Tk 및 Snack 버전 호환성 문제를 해결하여 시스템의 안정성을 확보한다.\",\n    \"execution_plan\": [\n        \"1단계: 요구사항 분석 및 설계 (2024.01.01 ~ 2024.02.15)\",\n        \"   - 데이터 수집 및 전사 프로세스 최적화 방안 도출\",\n        \"   - Tcl-Tk 및 Snack 버전 호환성 문제 분석\",\n        \"2단계: 기능 개발 및 테스트 (2024.02.16 ~ 2024.04.30)\",\n        \"   - 인터페이스 기능 개발 및 필터링 시스템 구현\",\n        \"   - 백업 및 디스크 관리 시스템 개선\",\n        \"   - Tcl-Tk 및 Snack 호환성 테스트\",\n        \"3단계: 시스템 통합 및 최종 테스트 (2024.05.01 ~ 2024.06.15)\",\n        \"   - 통합 테스트 및 성능 최적화\",\n        \"   - 데이터 관리 시스템의 안정성 검증\",\n        \"4단계: 사용자 교육 및 배포 (2024.06.16 ~ 2024.06.30)\",\n        \"   - 사용자 교육 자료 준비 및 교육 실시\",\n        \"   - 시스템 배포 및 초기 사용자 지원\"\n    ],\n    \"expected_effects\": [\n        \"기대효과 1: 사용자 인터페이스 개선으로 인한 사용자 만족도 증가\",\n        \"기대효과 2: 데이터 필터링 및 관리 효율성 향상으로 인한 작업 시간 단축\",\n        \"기대효과 3: 백업 및 디스크 관리 시스템 개선으로 인한 데이터 안전성 강화\",\n        \"기대효과 4: 데이터 수집 및 전사 프로세스 최적화로 인한 전사 정확도 및 속도 향상\",\n        \"기대효과 5: Tcl-Tk 및 Snack 호환성 문제 해결로 인한 시스템 안정성 강화\"\n    ],\n    \"additional_considerations\": [\n        \"회의록에서 논의된 데이터 수집 및 관리 관련 세부 사항 반영\",\n        \"회의 중 언급된 특정 기술적 문제 해결 방안 포함, 예를 들어, Tcl-Tk 및 Snack 버전 호환성 문제 해결\",\n        \"회의에서 언급된 시스템의 확장 가능성 및 추가 하드웨어 요구 사항 검토\",\n        \"회의에서 논의된 데이터 저장 공간 요구 사항 및 효율적인 데이터 관리 방안 검토\"\n    ]\n}\n```",
  "prd_output": "```json\n{\n    \"overview\": \"파싱된 프로젝트는 회의 내용을 기반으로 한 프로젝트로, 회의 중 논의된 내용을 효과적으로 관리하고 추적할 수 있는 솔루션을 제공합니다. 이 프로젝트는 회의 참석자 및 관리자들이 회의 결과를 명확히 이해하고 실행할 수 있도록 돕는 것을 목표로 합니다. 주요 타겟 사용자는 기업 내 회의 주최자, 참석자 및 프로젝트 관리자입니다. 이 프로젝트는 회의의 효율성을 높이고, 후속 조치의 명확성을 제공하는 가치를 제안합니다.\",\n    \"core_features\": \"1. 회의 내용 자동 파싱: 회의 중 논의된 주요 내용을 자동으로 파싱하여 요약 제공. 2. 프로젝트 생성 및 관리: 파싱된 내용을 기반으로 프로젝트를 생성하고 관리할 수 있는 기능. 3. 알림 및 추적: 후속 조치에 대한 알림 및 진행 상황을 추적할 수 있는 기능. 각 기능은 사용자가 회의 내용을 보다 쉽게 이해하고, 후속 작업을 체계적으로 관리할 수 있도록 설계되었습니다.\",\n    \"user_experience\": \"사용자 여정은 회의 참석자가 회의 내용을 입력하거나 업로드하면, 시스템이 자동으로 내용을 파싱하고 요약을 제공합니다. 주요 페르소나는 회의 주최자와 참석자로, 이들은 회의 후속 작업을 관리하고 추적하는 데 중점을 둡니다. UI/UX는 직관적이고 사용하기 쉬운 인터페이스를 제공하여 사용자가 쉽게 접근할 수 있도록 설계됩니다.\",\n    \"technical_architecture\": \"시스템은 클라우드 기반의 서버와 데이터베이스로 구성되며, 파싱 알고리즘 및 자연어 처리(NLP) 기술을 사용하여 회의 내용을 분석합니다. API는 외부 시스템과의 연동을 지원하며, 인프라는 확장 가능하고 안정적인 성능을 보장합니다.\",\n    \"development_roadmap\": \"MVP는 회의 내용 파싱 및 프로젝트 생성 기능을 포함하며, 이후 단계에서는 알림 및 추적 기능을 추가할 예정입니다. 초기 개발 범위는 핵심 기능 구현에 중점을 두고, 사용자 피드백을 반영하여 지속적으로 개선할 계획입니다.\",\n    \"logical_dependency_chain\": \"기초 기능으로 회의 내용 파싱 및 요약 기능을 우선 개발하고, 이후 프로젝트 생성 및 관리 기능을 추가합니다. 점진적으로 알림 및 추적 기능을 통합하여 완전한 솔루션을 제공합니다.\",\n    \"risks_and_mitigations\": \"기술적 도전은 자연어 처리의 정확성 및 파싱 알고리즘의 성능입니다. MVP 정의는 최소 기능 세트를 명확히 하여 초기 사용자 피드백을 받을 수 있도록 합니다. 자원 제약사항은 개발 인력 및 시간 관리로, 이를 위해 단계별 우선순위를 설정합니다.\",\n    \"appendix\": \"추가 정보로는 자연어 처리 기술 연구 결과 및 관련 기술 사양이 포함됩니다. 또한, 초기 사용자 테스트 결과 및 피드백을 바탕으로 한 개선 사항도 포함될 예정입니다.\"\n}\n```",
  "quality_metrics": {
    "final_score": 6.0,
    "is_production_ready": true,
    "iterations_used": 3,
    "is_high_quality": false
  },
  "metadata": {
    "source_file": "../batch_triplet_results\\result_Bmr026_processed\\05_final_result.json",
    "utterance_count": 542,
    "transcript_length": 18407,
    "speakers": [
      "Speaker_F",
      "Speaker_A",
      "Speaker_B",
      "Speaker_E",
      "Speaker_D",
      "Speaker_C"
    ],
    "dataset_type": "train",
    "processing_date": "2025-07-31T14:52:00.570387"
  }
}