{
  "id": "train_065",
  "source_dir": "result_ES2005d",
  "notion_output": "```json\n{\n    \"project_name\": \"혁신적인 바나나 기반 충전 스탠드 개발 프로젝트\",\n    \"project_purpose\": \"사용자 요구를 충족하고 최신 트렌드를 반영하여 시장 점유율을 확대하는 혁신적인 충전 스탠드 개발\",\n    \"project_period\": \"2024.01.01 ~ 2024.03.31\",\n    \"project_manager\": \"Speaker_D\",\n    \"core_objectives\": [\n        \"목표 1: 사용자 요구 사항을 충족하는 충전 스탠드 개발\",\n        \"목표 2: 최신 트렌드를 반영한 디자인 구현\",\n        \"목표 3: 재정 문제 해결을 통한 비용 효율적인 생산 및 예산 내 프로젝트 완료\"\n    ],\n    \"core_idea\": \"바나나 기반의 충전 스탠드 디자인\",\n    \"idea_description\": \"바나나 모양을 기반으로 한 충전 스탠드로, 사용자에게 친숙하고 트렌디한 디자인을 제공하며, 충전 기능을 효율적으로 수행할 수 있도록 설계\",\n    \"execution_plan\": {\n        \"1단계\": {\n            \"기간\": \"2024.01.01 ~ 2024.01.31\",\n            \"활동\": \"디자인 확정 및 프로토타입 제작\",\n            \"책임자\": \"Speaker_C\",\n            \"세부 목표\": \"바나나 모양의 디자인을 확정하고 초기 프로토타입 제작, 중앙의 검은 선 위치 재조정\"\n        },\n        \"2단계\": {\n            \"기간\": \"2024.02.01 ~ 2024.02.15\",\n            \"활동\": \"사용자 피드백 수집 및 디자인 수정\",\n            \"책임자\": \"Speaker_B\",\n            \"세부 목표\": \"사용자 피드백을 통해 디자인 개선점 도출 및 수정, 곡선 요소에 대한 사용자 반응 분석\"\n        },\n        \"3단계\": {\n            \"기간\": \"2024.02.16 ~ 2024.03.15\",\n            \"활동\": \"대량 생산 준비 및 테스트\",\n            \"책임자\": \"Speaker_A\",\n            \"세부 목표\": \"생산 라인 준비 및 제품 테스트를 통해 품질 보증, 재정 문제 해결을 위한 대체 소재 사용 검토\"\n        },\n        \"4단계\": {\n            \"기간\": \"2024.03.16 ~ 2024.03.31\",\n            \"활동\": \"최종 검토 및 출시 준비\",\n            \"책임자\": \"Speaker_D\",\n            \"세부 목표\": \"최종 검토 후 시장 출시 준비 완료, 슬로건 및 마케팅 전략 확정\"\n        }\n    },\n    \"financial_plan\": {\n        \"재정 문제 해결 방안\": \"비용 절감을 위한 대체 소재 사용 및 생산 공정 최적화, 예산 초과 방지를 위한 단계별 예산 모니터링\",\n        \"예산 관리 계획\": \"각 단계별 예산 배정 및 모니터링을 통해 예산 초과 방지, 재정 문제 해결을 위한 추가 자금 조달 방안 검토\"\n    },\n    \"design_feedback\": [\n        \"사용자 피드백: 디자인의 곡선 요소가 사용자에게 긍정적으로 평가됨\",\n        \"디자인 수정: 중앙의 검은 선 위치 재조정 필요, 곡선의 형태에 대한 사용자 선호도 조사\"\n    ],\n    \"expected_effects\": [\n        \"기대효과 1: 사용자 만족도 향상 및 브랜드 이미지 강화\",\n        \"기대효과 2: 최신 트렌드를 반영한 제품으로 시장 점유율 확대\",\n        \"기대효과 3: 비용 효율적인 생산으로 수익성 증대\"\n    ]\n}\n```",
  "prd_output": "```json\n{\n    \"overview\": \"파싱된 프로젝트는 회의 내용을 기반으로 프로젝트를 생성하는 도구입니다. 이 프로젝트는 회의 중 논의된 내용을 자동으로 파싱하여 프로젝트로 변환함으로써, 사용자들이 회의 후에 프로젝트를 수동으로 생성하는 번거로움을 줄입니다. 주요 타겟 사용자는 프로젝트 매니저, 팀 리더, 그리고 회의에서 프로젝트를 관리해야 하는 모든 사람들입니다. 이 도구는 시간을 절약하고, 프로젝트 관리의 효율성을 높이는 가치를 제공합니다.\",\n    \"core_features\": \"1. 자동 파싱 기능: 회의 내용을 자동으로 분석하여 프로젝트의 주요 요소를 추출합니다. 2. 프로젝트 생성 기능: 추출된 요소를 바탕으로 프로젝트를 자동으로 생성합니다. 3. 사용자 맞춤 설정: 사용자가 원하는 방식으로 프로젝트를 커스터마이즈할 수 있습니다. 4. 실시간 협업 기능: 팀원들과 실시간으로 프로젝트를 수정하고 업데이트할 수 있습니다.\",\n    \"user_experience\": \"사용자는 회의가 끝난 후, 회의 내용을 시스템에 업로드합니다. 시스템은 자동으로 내용을 분석하고 프로젝트를 생성합니다. 사용자는 생성된 프로젝트를 검토하고 필요한 부분을 수정할 수 있습니다. 주요 페르소나는 프로젝트 매니저로, 이들은 직관적이고 사용하기 쉬운 UI를 통해 빠르게 프로젝트를 관리할 수 있습니다.\",\n    \"technical_architecture\": \"시스템은 클라우드 기반으로 설계되어 있으며, 데이터 모델은 회의 내용과 프로젝트 요소 간의 관계를 명확히 정의합니다. API는 외부 시스템과의 통합을 지원하며, 인프라는 확장성과 안정성을 고려하여 설계되었습니다.\",\n    \"development_roadmap\": \"MVP 단계에서는 자동 파싱 및 프로젝트 생성 기능을 중심으로 개발이 진행됩니다. 이후 사용자 맞춤 설정 및 실시간 협업 기능이 추가될 예정입니다. 각 단계는 사용자 피드백을 반영하여 개선됩니다.\",\n    \"logical_dependency_chain\": \"초기에는 자동 파싱 기능이 개발되어야 하며, 그 후 프로젝트 생성 기능이 이어집니다. 이후 사용자 맞춤 설정과 실시간 협업 기능이 단계적으로 추가됩니다.\",\n    \"risks_and_mitigations\": \"기술적 도전은 자연어 처리의 정확성입니다. 이를 위해 최신 NLP 기술을 도입하고, MVP는 핵심 기능에 집중하여 자원 제약을 최소화합니다.\",\n    \"appendix\": \"추가 정보로는 NLP 기술 관련 연구 자료와 시스템 아키텍처 다이어그램이 포함됩니다.\"\n}\n```",
  "quality_metrics": {
    "final_score": 6.0,
    "is_production_ready": true,
    "iterations_used": 3,
    "is_high_quality": false
  },
  "metadata": {
    "source_file": "../batch_triplet_results\\result_ES2005d\\05_final_result.json",
    "utterance_count": 227,
    "transcript_length": 7253,
    "speakers": [
      "Speaker_A",
      "Speaker_B",
      "Speaker_D",
      "Speaker_C"
    ],
    "dataset_type": "train",
    "processing_date": "2025-07-31T12:07:25.266888"
  }
}