{
  "id": "train_118",
  "source_dir": "result_ES2009b",
  "notion_output": "```json\n{\n    \"project_name\": \"패션 리모컨 혁신 프로젝트\",\n    \"project_purpose\": \"전자제품에 패션을 더한 혁신적인 리모컨 개발\",\n    \"project_period\": \"2025.01.01 ~ 2025.03.31\",\n    \"project_manager\": \"Speaker_A\",\n    \"core_objectives\": [\n        \"목표 1: 사용자 친화적인 인터페이스 설계 및 간단한 조작성 제공\",\n        \"목표 2: 플라스틱 재질을 활용한 경량화 및 신호 수신 개선\",\n        \"목표 3: 터치스크린 및 다양한 스킨 적용 가능성 탐색\",\n        \"목표 4: 에너지원 최적화 및 효율적인 배터리 사용\"\n    ],\n    \"core_idea\": \"전자제품에 패션을 더한 세련되고 간단한 리모컨 개발\",\n    \"idea_description\": \"리모컨의 기본 기능을 유지하면서 사용자 경험을 향상시키기 위해 터치스크린과 다양한 스킨을 적용할 수 있는 인터페이스를 개발합니다. 플라스틱 재질을 사용하여 경량화하고 신호 수신 문제를 최소화합니다. 또한, 배터리 및 태양열과 같은 에너지원의 효율성을 높여 지속 가능한 사용을 목표로 합니다.\",\n    \"execution_plan\": \"1단계: 사용자 인터페이스 설계 및 프로토타입 제작 (2025.01.01 ~ 2025.01.31)\\n2단계: 재질 선택 및 신호 수신 테스트 (2025.02.01 ~ 2025.02.15)\\n3단계: 에너지원 최적화 연구 및 배터리 효율성 테스트 (2025.02.16 ~ 2025.02.28)\\n4단계: 터치스크린 및 스킨 적용 가능성 연구 (2025.03.01 ~ 2025.03.15)\\n5단계: 최종 제품 개발 및 테스트 (2025.03.16 ~ 2025.03.31)\",\n    \"expected_effects\": [\n        \"기대효과 1: 사용자 경험 향상으로 인한 시장 점유율 증가\",\n        \"기대효과 2: 경량화된 제품으로 인한 생산 및 물류 비용 절감\",\n        \"기대효과 3: 혁신적인 디자인으로 브랜드 이미지 강화\",\n        \"기대효과 4: 에너지 효율성을 통한 지속 가능한 제품 개발\"\n    ],\n    \"technical_details\": {\n        \"signal_reception\": \"적외선 신호를 사용하는 리모컨의 신호 수신 문제를 플라스틱 재질로 개선\",\n        \"energy_source\": \"배터리 및 태양열을 에너지원으로 사용하여 지속 가능한 사용 가능\",\n        \"interface_design\": \"간단한 디스플레이와 버튼 수를 줄여 사용자가 조작하기 쉬운 인터페이스 제공\"\n    }\n}\n```",
  "prd_output": "```json\n{\n    \"overview\": \"파싱된 프로젝트는 회의 내용을 기반으로 프로젝트를 관리하고 추적하는 도구입니다. 이 프로젝트는 회의에서 논의된 내용을 효율적으로 파악하고 이를 기반으로 프로젝트를 체계적으로 관리하고자 하는 사용자들을 대상으로 합니다. 주요 가치 제안은 회의 내용을 자동으로 파싱하여 프로젝트의 핵심 아이디어와 실행 계획을 도출하고, 이를 통해 프로젝트의 목표를 명확히 하여 성공적인 프로젝트 수행을 지원하는 것입니다.\",\n    \"core_features\": \"1. 회의 내용 파싱: 회의에서 논의된 내용을 자동으로 분석하여 핵심 아이디어와 실행 계획을 도출합니다. 2. 프로젝트 관리: 파싱된 내용을 기반으로 프로젝트의 목표를 설정하고, 진행 상황을 추적할 수 있는 기능을 제공합니다. 3. 협업 도구 통합: 다양한 협업 도구와의 통합을 통해 팀원 간의 원활한 소통을 지원합니다.\",\n    \"user_experience\": \"사용자는 회의 내용을 입력하거나 업로드하면 시스템이 자동으로 내용을 분석하여 프로젝트의 핵심 아이디어와 실행 계획을 제시합니다. 페르소나는 프로젝트 매니저와 팀 리더로 설정되며, 주요 플로우는 회의 내용 입력 -> 자동 파싱 -> 프로젝트 생성 및 관리입니다. UI/UX는 직관적이고 사용하기 쉽게 설계됩니다.\",\n    \"technical_architecture\": \"시스템은 클라우드 기반으로 설계되며, 주요 구성 요소는 데이터 파싱 엔진, 프로젝트 관리 모듈, 협업 도구 통합 API입니다. 데이터 모델은 회의 내용, 프로젝트 목표, 실행 계획 등을 포함하며, API는 외부 협업 도구와의 통합을 지원합니다.\",\n    \"development_roadmap\": \"MVP 요구사항은 회의 내용 파싱 및 기본적인 프로젝트 관리 기능 구현입니다. 향후 개선사항으로는 고급 분석 기능과 추가 협업 도구 통합이 있으며, 단계별 개발 범위는 초기 MVP -> 기능 확장 -> 사용자 피드백 반영으로 진행됩니다.\",\n    \"logical_dependency_chain\": \"개발 순서는 회의 내용 파싱 기능을 먼저 구현하고, 그 후 프로젝트 관리 기능을 개발합니다. 기초 기능 우선순위는 파싱 엔진 개발 -> 프로젝트 관리 모듈 개발 -> 협업 도구 통합 순입니다.\",\n    \"risks_and_mitigations\": \"기술적 도전은 정확한 회의 내용 파싱 알고리즘 개발이며, 이를 위해 머신러닝 기술을 활용합니다. MVP 정의는 기본적인 파싱 및 프로젝트 관리 기능으로 설정되며, 자원 제약사항은 개발 인력과 시간입니다.\",\n    \"appendix\": \"추가 정보로는 회의 내용 파싱을 위한 최신 연구 결과와 기술 사양이 포함됩니다. 또한, 유사한 프로젝트 사례 연구와 시장 분석 자료가 제공됩니다.\"\n}\n```",
  "quality_metrics": {
    "final_score": 6.0,
    "is_production_ready": true,
    "iterations_used": 2,
    "is_high_quality": false
  },
  "metadata": {
    "source_file": "../batch_triplet_results\\result_ES2009b\\05_final_result.json",
    "utterance_count": 173,
    "transcript_length": 5842,
    "speakers": [
      "Speaker_B",
      "Speaker_D",
      "Speaker_C",
      "Speaker_A"
    ],
    "dataset_type": "train",
    "processing_date": "2025-07-31T13:11:14.912287"
  }
}