{
  "id": "train_098",
  "source_dir": "result_TS3008c",
  "notion_output": "```json\n{\n    \"project_name\": \"다채로운 사용자 경험을 위한 혁신적 리모컨 디자인 프로젝트\",\n    \"project_purpose\": \"사용자 경험을 극대화하고 시장 트렌드를 선도하는 새로운 리모컨 디자인 개발\",\n    \"project_period\": \"2024.01.01 ~ 2024.06.30\",\n    \"project_manager\": \"Speaker_A\",\n    \"core_objectives\": [\n        \"목표 1: 다양한 색상(노란색, 검은색, 투톤 등)과 소재(플라스틱, 티타늄, 고무)를 활용한 리모컨 디자인 개발\",\n        \"목표 2: 사용자 편의성을 고려한 버튼 레이아웃 최적화 및 기본 기능 강화\",\n        \"목표 3: 시장 트렌드를 반영한 혁신적 기능(예: 컬러 LCD, 반응형 TV 기능) 추가\"\n    ],\n    \"core_idea\": \"기존 리모컨의 한계를 극복하고, 다양한 색상과 소재를 통해 시각적 매력을 더한 새로운 사용자 경험을 제공하는 디자인 개발\",\n    \"idea_description\": \"이 프로젝트는 다양한 색상과 소재를 활용하여 시각적으로 매력적인 리모컨을 개발하는 것을 목표로 합니다. 또한, 사용자 편의성을 고려한 버튼 레이아웃을 최적화하고, 최신 기술을 반영한 혁신적 기능을 추가하여 시장에서 경쟁력을 확보하고자 합니다.\",\n    \"execution_plan\": [\n        \"1단계: 시장 조사 및 트렌드 분석 (2024.01.01 ~ 2024.02.15) - 다양한 색상과 소재에 대한 시장 조사 및 사용자 선호도 분석, 특히 노란색과 검은색의 조합과 플라스틱, 티타늄, 고무 소재의 활용 가능성 탐색\",\n        \"2단계: 디자인 컨셉 개발 및 시안 제작 (2024.02.16 ~ 2024.03.31) - 알레시 스타일의 만화 같은 디자인과 다양한 색상 및 소재를 반영한 시안 개발, 특히 투톤 컬러와 플라스틱 케이스, 고무 패드, 조명 포함\",\n        \"3단계: 프로토타입 제작 및 사용자 테스트 (2024.04.01 ~ 2024.05.15) - 다양한 버튼 레이아웃과 기능 테스트를 통해 사용자 피드백 수집, 특히 큰 버튼 두 개로 단순한 조작 가능성 검토\",\n        \"4단계: 최종 디자인 확정 및 생산 준비 (2024.05.16 ~ 2024.06.30) - 사용자 피드백을 반영한 최종 디자인 확정 및 생산 준비, 특히 컬러 LCD와 반응형 TV 기능의 구현 가능성 평가\"\n    ],\n    \"expected_effects\": [\n        \"기대효과 1: 사용자 만족도 향상 및 브랜드 이미지 제고\",\n        \"기대효과 2: 시장 점유율 확대 및 매출 증가\",\n        \"기대효과 3: 혁신적 디자인을 통한 경쟁사 대비 차별화\",\n        \"기대효과 4: 트렌디한 디자인을 통한 젊은 소비자층 공략\"\n    ]\n}\n```",
  "prd_output": "```json\n{\n    \"overview\": \"파싱된 프로젝트는 회의 내용을 기반으로 프로젝트를 관리하고 추적하기 위한 솔루션입니다. 이 프로젝트는 회의에서 논의된 내용을 체계적으로 정리하여 프로젝트 관리에 활용할 수 있도록 돕습니다. 타겟 사용자는 프로젝트 매니저, 팀 리더, 그리고 회의에서 나온 아이디어를 실행 가능한 계획으로 전환하고자 하는 모든 사람들입니다. 이 솔루션은 회의 내용을 효과적으로 파악하고 관리하여 프로젝트의 효율성을 높이는 가치를 제공합니다.\",\n    \"core_features\": \"1. 회의 내용 자동 파싱: 회의 기록을 자동으로 분석하여 주요 내용을 추출합니다.\\n2. 프로젝트 생성 및 관리: 파싱된 내용을 기반으로 프로젝트를 생성하고 관리할 수 있습니다.\\n3. 목표 설정 및 추적: 핵심 목표를 설정하고 진행 상황을 추적할 수 있습니다.\\n4. 협업 도구 통합: 다양한 협업 도구와 연동하여 팀원들과의 원활한 소통을 지원합니다.\",\n    \"user_experience\": \"사용자는 회의가 끝난 후, 자동으로 생성된 프로젝트 개요를 확인하고, 필요한 경우 수동으로 수정할 수 있습니다. 주요 페르소나는 프로젝트 매니저이며, 이들은 직관적인 대시보드를 통해 프로젝트의 진행 상황을 한눈에 파악할 수 있습니다. UI/UX는 사용자가 쉽게 회의 내용을 프로젝트로 전환할 수 있도록 설계되었습니다.\",\n    \"technical_architecture\": \"시스템은 클라우드 기반으로 설계되며, 데이터 모델은 회의 기록, 프로젝트 정보, 사용자 데이터를 포함합니다. API는 회의 기록을 분석하고 프로젝트를 생성하는 기능을 제공합니다. 인프라는 AWS를 기반으로 하여 확장성과 안정성을 보장합니다.\",\n    \"development_roadmap\": \"MVP 단계에서는 회의 내용 파싱 및 프로젝트 생성 기능을 우선적으로 개발합니다. 이후 협업 도구 통합 및 목표 추적 기능을 추가할 예정입니다. 단계별로 사용자 피드백을 반영하여 지속적으로 개선할 계획입니다.\",\n    \"logical_dependency_chain\": \"초기에는 회의 내용 파싱 기능을 개발하고, 이를 기반으로 프로젝트 생성 기능을 구현합니다. 이후 협업 도구 통합과 목표 추적 기능을 순차적으로 개발합니다.\",\n    \"risks_and_mitigations\": \"기술적 도전은 자연어 처리의 정확성을 높이는 것입니다. MVP 정의는 회의 내용 파싱과 프로젝트 생성 기능으로 설정합니다. 자원 제약사항으로는 개발 인력과 시간 관리가 있습니다.\",\n    \"appendix\": \"추가 정보로는 자연어 처리 기술에 대한 연구 결과와 시스템 요구사항에 대한 기술 사양이 포함됩니다.\"\n}\n```",
  "quality_metrics": {
    "final_score": 6.0,
    "is_production_ready": true,
    "iterations_used": 3,
    "is_high_quality": false
  },
  "metadata": {
    "source_file": "../batch_triplet_results\\result_TS3008c\\05_final_result.json",
    "utterance_count": 239,
    "transcript_length": 8067,
    "speakers": [
      "Speaker_B",
      "Speaker_D",
      "Speaker_C",
      "Speaker_A"
    ],
    "dataset_type": "train",
    "processing_date": "2025-07-31T12:46:30.650191"
  }
}