{
  "id": "train_011",
  "source_dir": "result_Bmr020_processed",
  "notion_output": "```json\n{\n    \"project_name\": \"대화 분석 기반 음성 인식 및 회의 기록 시스템 최적화 프로젝트\",\n    \"project_purpose\": \"대화 분석을 통해 음성 인식 시스템의 정확성을 높이고, 효율적인 회의 기록 및 분석을 지원하는 시스템을 개발하여 업무 효율성을 증대합니다.\",\n    \"project_period\": \"2025.01.01 ~ 2025.03.31\",\n    \"project_manager\": \"제인\",\n    \"team_members\": [\n        {\n            \"name\": \"브라이언\",\n            \"role\": \"대화 분석 및 기술 자문\",\n            \"responsibilities\": \"대화 중 중복 및 일시 정지 패턴 분석, 기술적 자문 제공\"\n        },\n        {\n            \"name\": \"모건\",\n            \"role\": \"음성 인식 시스템 개발자\",\n            \"responsibilities\": \"음성 인식 시스템의 개선 및 테스트\"\n        },\n        {\n            \"name\": \"틸로\",\n            \"role\": \"회의 기록 시스템 통합 담당\",\n            \"responsibilities\": \"회의 기록 및 분석 시스템의 통합 및 최적화\"\n        },\n        {\n            \"name\": \"척\",\n            \"role\": \"데이터 분석 및 시스템 평가\",\n            \"responsibilities\": \"데이터 분석을 통해 시스템 성능 평가 및 개선점 도출\"\n        },\n        {\n            \"name\": \"에밀리\",\n            \"role\": \"프로젝트 코디네이터\",\n            \"responsibilities\": \"프로젝트 일정 관리 및 팀 간 커뮤니케이션 조율\"\n        }\n    ],\n    \"core_objectives\": [\n        \"목표 1: 대화 중 중복 및 일시 정지 패턴 분석을 통해 음성 인식 정확도 15% 향상\",\n        \"목표 2: 다양한 코퍼스를 활용한 회의 기록 및 분석 시스템 개발\",\n        \"목표 3: 음성-비음성 감지 기술을 통해 회의 효율성 증대 및 자동화\"\n    ],\n    \"core_idea\": \"대화 중 중복 및 일시 정지 패턴을 분석하여 음성 인식 시스템의 정확성을 높이고, 회의 기록을 자동화 및 최적화하는 시스템을 개발합니다.\",\n    \"idea_description\": \"대화 분석가들이 연구해온 중복 및 일시 정지 패턴을 활용하여 음성 인식 시스템의 정확성을 높이고, 다양한 코퍼스를 통해 회의 기록을 자동화 및 최적화하는 시스템을 개발합니다. 특히, 음성-비음성 감지 기술을 통해 회의 중 불필요한 부분을 제거하고 효율성을 높입니다.\",\n    \"execution_plan\": [\n        {\n            \"phase\": \"1단계: 대화 분석 및 패턴 식별\",\n            \"duration\": \"2025.01.01 ~ 2025.01.31\",\n            \"tasks\": [\n                \"대화 중 중복 및 일시 정지 패턴 분석\",\n                \"기존 연구 및 회의록을 바탕으로 기술적 접근 방법 도출\",\n                \"회의에서 논의된 기술적 접근 방법 정리 및 적용\"\n            ],\n            \"resources\": \"대화 분석가, 기술 자문\"\n        },\n        {\n            \"phase\": \"2단계: 음성 인식 시스템 개선 및 테스트\",\n            \"duration\": \"2025.02.01 ~ 2025.02.28\",\n            \"tasks\": [\n                \"음성 인식 시스템의 알고리즘 개선\",\n                \"테스트 환경 구축 및 성능 테스트\",\n                \"회의록에서 제안된 개선 사항 반영\"\n            ],\n            \"resources\": \"음성 인식 시스템 개발자, 테스트 엔지니어\"\n        },\n        {\n            \"phase\": \"3단계: 회의 기록 및 분석 시스템 통합\",\n            \"duration\": \"2025.03.01 ~ 2025.03.31\",\n            \"tasks\": [\n                \"회의 기록 시스템과 음성 인식 시스템의 통합\",\n                \"최종 성능 평가 및 피드백 반영\",\n                \"회의록에서 언급된 시스템 통합 방법 적용\"\n            ],\n            \"resources\": \"시스템 통합 담당, QA 팀\"\n        }\n    ],\n    \"expected_effects\": [\n        \"기대효과 1: 음성 인식 시스템의 정확도 15% 향상\",\n        \"기대효과 2: 회의 기록 및 분석 시간 40% 단축\",\n        \"기대효과 3: 대화 중 중복 및 일시 정지 패턴에 대한 이해도 향상\"\n    ]\n}\n```",
  "prd_output": "```json\n{\n    \"overview\": \"파싱된 프로젝트는 회의 내용을 기반으로 프로젝트를 생성하는 도구입니다. 이 프로젝트는 회의에서 논의된 내용을 자동으로 파싱하여 프로젝트 관리에 필요한 정보를 추출하고 구성합니다. 타겟 사용자는 프로젝트 매니저, 팀 리더 및 회의 주최자입니다. 이 도구는 시간을 절약하고, 정보의 누락을 방지하며, 프로젝트 관리의 효율성을 높이는 가치를 제공합니다.\",\n    \"core_features\": \"1. 회의 내용 자동 파싱: 음성 또는 텍스트로 입력된 회의 내용을 자동으로 분석하여 프로젝트의 핵심 정보를 추출합니다. 2. 프로젝트 생성: 추출된 정보를 바탕으로 자동으로 프로젝트를 생성하고, 관련된 작업 항목을 구성합니다. 3. 실시간 업데이트: 회의 중 실시간으로 정보를 업데이트하여, 즉각적인 피드백과 수정이 가능합니다.\",\n    \"user_experience\": \"사용자는 회의 내용을 입력하거나 녹음 파일을 업로드하여 프로젝트를 생성합니다. 페르소나는 프로젝트 매니저로, 주요 플로우는 회의 내용 입력 -> 자동 파싱 -> 프로젝트 생성 -> 검토 및 수정입니다. UI/UX는 직관적이고 사용하기 쉬운 인터페이스를 제공하여, 사용자가 최소한의 노력으로 최대한의 결과를 얻을 수 있도록 설계됩니다.\",\n    \"technical_architecture\": \"시스템은 음성 인식 API와 자연어 처리(NLP) 엔진을 사용하여 회의 내용을 분석합니다. 데이터 모델은 프로젝트, 작업 항목, 사용자 정보로 구성됩니다. 인프라는 클라우드 기반으로, 확장성과 안정성을 고려하여 설계됩니다.\",\n    \"development_roadmap\": \"MVP는 회의 내용 자동 파싱 및 프로젝트 생성 기능을 포함합니다. 향후 개선사항으로는 다국어 지원, 고급 분석 기능, 사용자 맞춤형 대시보드 등이 있습니다. 개발은 3단계로 나누어 진행되며, 각 단계마다 기능을 점진적으로 확장합니다.\",\n    \"logical_dependency_chain\": \"기초 기능으로 회의 내용 파싱 엔진 개발이 우선이며, 그 후 프로젝트 생성 모듈이 개발됩니다. 이후 실시간 업데이트 기능과 사용자 인터페이스가 추가됩니다. 점진적 개발 방식으로 각 기능을 독립적으로 테스트하고 통합합니다.\",\n    \"risks_and_mitigations\": \"기술적 도전으로는 음성 인식의 정확도와 NLP의 정밀도가 있으며, 이를 위해 최신 기술과 알고리즘을 연구하고 적용합니다. MVP 정의는 핵심 기능의 구현에 중점을 두며, 자원 제약사항은 클라우드 인프라 비용과 개발 인력의 확보입니다.\",\n    \"appendix\": \"추가 정보로는 음성 인식 및 NLP 관련 최신 연구 결과와 기술 사양이 포함됩니다. 또한, 프로젝트 관리 도구와의 통합 가능성에 대한 연구 자료도 제공됩니다.\"\n}\n```",
  "quality_metrics": {
    "final_score": 6.0,
    "is_production_ready": true,
    "iterations_used": 3,
    "is_high_quality": false
  },
  "metadata": {
    "source_file": "../batch_triplet_results\\result_Bmr020_processed\\05_final_result.json",
    "utterance_count": 478,
    "transcript_length": 15776,
    "speakers": [
      "Speaker_F",
      "Speaker_A",
      "Speaker_G",
      "Speaker_B",
      "Speaker_E",
      "Speaker_D",
      "Speaker_C"
    ],
    "dataset_type": "train",
    "processing_date": "2025-07-31T11:02:42.291395"
  }
}