{
  "id": "train_161",
  "source_dir": "result_TS3005d",
  "notion_output": "```json\n{\n    \"project_name\": \"사용자 중심의 혁신적 리모컨 디자인 프로젝트\",\n    \"project_purpose\": \"모든 연령층이 쉽게 사용할 수 있는 직관적이고 혁신적인 리모컨을 설계하여 사용자 편의성을 극대화하고 환경 보호에 기여하는 것\",\n    \"project_period\": \"2024.01.01 ~ 2024.06.30\",\n    \"project_manager\": \"Speaker_A\",\n    \"core_objectives\": [\n        \"목표 1: 혁신적인 디자인과 기능을 갖춘 리모컨 개발\",\n        \"목표 2: 모든 연령층이 쉽게 사용할 수 있는 사용자 인터페이스 구현\",\n        \"목표 3: 친환경적인 소재와 에너지 효율적인 기술 적용\"\n    ],\n    \"core_idea\": \"사용자 중심의 혁신적 리모컨 디자인\",\n    \"idea_description\": \"리모컨은 LCD 터치스크린, 마이크, 스크롤 기능, 텔레텍스트 옵션 등 다양한 기능을 포함하며, 사용자의 편리성을 극대화하기 위해 직관적인 인터페이스를 제공한다. 또한, 친환경 소재를 사용하여 지속 가능한 제품을 목표로 한다.\",\n    \"execution_plan\": [\n        \"1단계: 시장 조사 및 사용자 요구 분석 (2024.01.01 ~ 2024.02.15) - Speaker_B\",\n        \"2단계: 디자인 및 프로토타입 개발 (2024.02.16 ~ 2024.03.31) - Speaker_C\",\n        \"3단계: 사용자 테스트 및 피드백 수집 (2024.04.01 ~ 2024.04.30) - Speaker_D\",\n        \"4단계: 최종 디자인 수정 및 생산 준비 (2024.05.01 ~ 2024.05.31) - Speaker_A\",\n        \"5단계: 제품 출시 및 마케팅 (2024.06.01 ~ 2024.06.30) - Speaker_A\"\n    ],\n    \"specific_design_elements\": [\n        \"LCD 터치스크린\",\n        \"마이크\",\n        \"스크롤 기능\",\n        \"텔레텍스트 옵션\",\n        \"다양한 색상 옵션\",\n        \"고무 및 나무 소재 사용\"\n    ],\n    \"evaluation_criteria\": [\n        \"디자인의 혁신성\",\n        \"사용 편의성\",\n        \"환경 친화성\",\n        \"다양한 연령층의 접근성\"\n    ],\n    \"expected_effects\": [\n        \"기대효과 1: 사용자 만족도 향상 - 직관적인 디자인과 다양한 기능으로 사용자 경험을 개선\",\n        \"기대효과 2: 시장 점유율 확대 - 혁신적인 제품으로 경쟁 우위를 확보하여 시장 점유율 증가\",\n        \"기대효과 3: 환경 보호 기여 - 친환경 소재 사용으로 환경에 미치는 영향을 최소화\"\n    ]\n}\n```",
  "prd_output": "```json\n{\n    \"overview\": \"파싱된 프로젝트는 회의 내용을 기반으로 한 프로젝트로, 회의에서 논의된 사항들을 체계적으로 정리하고 관리할 수 있는 솔루션을 제공합니다. 주로 회의를 자주 진행하는 기업이나 팀을 타겟으로 하며, 효율적인 회의 관리와 정보 파악을 통해 업무 생산성을 높이는 것을 목표로 합니다.\",\n    \"core_features\": \"1. 회의 내용 자동 파싱: 회의 내용을 자동으로 텍스트로 변환하고 요약합니다. 2. 프로젝트 생성 및 관리: 파싱된 내용을 기반으로 프로젝트를 생성하고 관리할 수 있습니다. 3. 알림 및 리마인더: 중요한 일정이나 마감일에 대한 알림 기능을 제공합니다.\",\n    \"user_experience\": \"사용자는 회의 내용을 업로드하면 자동으로 파싱된 정보를 확인할 수 있습니다. 주요 페르소나는 프로젝트 매니저와 팀 리더로, 이들은 직관적인 UI를 통해 쉽게 프로젝트를 생성하고 관리할 수 있습니다. UI/UX는 간결하고 사용자가 필요한 정보를 빠르게 파악할 수 있도록 설계되었습니다.\",\n    \"technical_architecture\": \"시스템은 클라우드 기반으로 운영되며, 데이터 모델은 회의 내용, 프로젝트 정보, 사용자 데이터를 포함합니다. API는 외부 서비스와의 연동을 지원하며, 인프라는 확장성을 고려하여 설계되었습니다.\",\n    \"development_roadmap\": \"MVP에서는 회의 내용 파싱과 프로젝트 생성 기능을 우선적으로 개발합니다. 이후 사용자 피드백을 반영하여 알림 기능과 UI 개선을 진행할 예정입니다.\",\n    \"logical_dependency_chain\": \"초기에는 회의 내용 파싱 기능을 개발하고, 이를 기반으로 프로젝트 생성 기능을 구현합니다. 이후 알림 기능을 추가하며, 점진적으로 UI/UX를 개선합니다.\",\n    \"risks_and_mitigations\": \"기술적 도전으로는 음성 인식의 정확도가 있으며, 이를 위해 최신 음성 인식 기술을 도입합니다. MVP는 핵심 기능에 집중하여 개발 시간을 단축하고, 자원 제약사항은 클라우드 서비스를 활용하여 완화합니다.\",\n    \"appendix\": \"추가 정보로는 음성 인식 기술에 대한 연구 결과와 기술 사양이 포함됩니다.\"\n}\n```",
  "quality_metrics": {
    "final_score": 6.0,
    "is_production_ready": true,
    "iterations_used": 2,
    "is_high_quality": false
  },
  "metadata": {
    "source_file": "../batch_triplet_results\\result_TS3005d\\05_final_result.json",
    "utterance_count": 576,
    "transcript_length": 17376,
    "speakers": [
      "Speaker_A",
      "Speaker_B",
      "Speaker_D",
      "Speaker_C"
    ],
    "dataset_type": "train",
    "processing_date": "2025-07-31T14:05:34.676590"
  }
}