{
  "id": "train_070",
  "source_dir": "result_IS1007b",
  "notion_output": "```json\n{\n    \"project_name\": \"미래형 리모컨 개발 프로젝트\",\n    \"project_purpose\": \"디지털화된 TV 환경에 맞춘 혁신적인 리모컨 개발\",\n    \"project_period\": \"2025.01.01 ~ 2025.06.30\",\n    \"project_manager\": \"Speaker_A\",\n    \"core_objectives\": [\n        \"목표 1: 사용자 친화적인 인터페이스를 갖춘 리모컨 디자인\",\n        \"목표 2: 블루투스 및 적외선 통신 기능을 통한 원활한 기기 연결\",\n        \"목표 3: FPGA를 활용한 프로그래머블 기능 구현\"\n    ],\n    \"core_idea\": \"디지털 TV 환경에 최적화된 리모컨 개발\",\n    \"idea_description\": \"리모컨은 블루투스 및 적외선 통신을 통해 TV와 연결되며, FPGA를 사용하여 사용자가 원하는 기능을 프로그래밍할 수 있도록 설계됩니다. 또한, 직관적인 사용자 인터페이스를 통해 사용 편의성을 극대화합니다.\",\n    \"execution_plan\": \"1단계: 시장 조사 및 요구 사항 분석 (2025.01.01 ~ 2025.01.31)\\n2단계: 디자인 및 프로토타입 개발 (2025.02.01 ~ 2025.03.31)\\n3단계: 기능 테스트 및 수정 (2025.04.01 ~ 2025.04.30)\\n4단계: 최종 제품 개발 및 출시 준비 (2025.05.01 ~ 2025.06.30)\",\n    \"expected_effects\": [\n        \"기대효과 1: 사용자 경험 향상으로 인한 고객 만족도 증가\",\n        \"기대효과 2: 프로그래머블 기능을 통한 다양한 사용자 요구 충족\",\n        \"기대효과 3: 디지털화된 TV 환경에 맞춘 제품으로 시장 경쟁력 강화\"\n    ]\n}\n```",
  "prd_output": "```json\n{\n    \"overview\": \"파싱된 프로젝트는 회의 내용을 기반으로 프로젝트를 관리하는 도구입니다. 이 프로젝트는 회의 중 논의된 내용을 효과적으로 정리하고, 이를 바탕으로 프로젝트를 체계적으로 관리할 수 있도록 돕습니다. 타겟 사용자는 주로 프로젝트 매니저, 팀 리더, 그리고 회의 주최자들입니다. 이 도구는 회의 후속 작업을 자동화하고, 프로젝트의 진행 상황을 명확하게 파악할 수 있는 가치를 제공합니다.\",\n    \"core_features\": \"1. 회의 내용 자동 파싱: 회의 중 논의된 내용을 자동으로 텍스트로 변환하고, 주요 항목을 추출합니다.\\n2. 프로젝트 생성 및 관리: 파싱된 내용을 기반으로 새로운 프로젝트를 생성하고, 관련 작업을 관리합니다.\\n3. 알림 및 리마인더: 프로젝트 진행 상황에 따라 사용자에게 알림을 보내고, 중요한 마일스톤을 리마인드합니다.\",\n    \"user_experience\": \"사용자는 회의 종료 후 자동으로 파싱된 내용을 확인하고, 이를 기반으로 프로젝트를 생성할 수 있습니다. 주요 페르소나는 프로젝트 매니저로, 회의 후속 작업을 빠르게 처리하고 팀원들에게 명확한 지시를 내릴 수 있습니다. UI/UX는 직관적이고 사용하기 쉽게 설계되어, 최소한의 클릭으로 원하는 작업을 수행할 수 있도록 합니다.\",\n    \"technical_architecture\": \"시스템은 클라우드 기반으로 구축되며, 주요 구성 요소는 파싱 엔진, 데이터베이스, 사용자 인터페이스입니다. 데이터 모델은 회의 내용, 프로젝트, 작업 항목을 중심으로 설계됩니다. API는 외부 서비스와의 연동을 지원하며, 인프라는 AWS를 기반으로 합니다.\",\n    \"development_roadmap\": \"MVP에서는 회의 내용 파싱과 프로젝트 생성 기능을 우선적으로 개발합니다. 이후, 사용자 피드백을 반영하여 알림 기능과 UI 개선을 진행합니다. 단계별 개발은 3개월 단위로 계획됩니다.\",\n    \"logical_dependency_chain\": \"초기에는 파싱 엔진 개발이 우선이며, 이후 데이터베이스 설계와 사용자 인터페이스 개발이 진행됩니다. 각 단계는 이전 단계의 완성도를 기반으로 점진적으로 진행됩니다.\",\n    \"risks_and_mitigations\": \"기술적 도전은 자연어 처리의 정확도이며, 이를 위해 최신 NLP 기술을 활용합니다. MVP 정의는 핵심 기능에 집중하며, 자원 제약사항은 클라우드 비용 관리와 개발 인력 확보입니다.\",\n    \"appendix\": \"추가 정보로는 최신 NLP 기술 연구 결과와 AWS 인프라 설계 가이드가 포함됩니다.\"\n}\n```",
  "quality_metrics": {
    "final_score": 6.0,
    "is_production_ready": true,
    "iterations_used": 1,
    "is_high_quality": false
  },
  "metadata": {
    "source_file": "../batch_triplet_results\\result_IS1007b\\05_final_result.json",
    "utterance_count": 157,
    "transcript_length": 5068,
    "speakers": [
      "Speaker_B",
      "Speaker_D",
      "Speaker_C",
      "Speaker_A"
    ],
    "dataset_type": "train",
    "processing_date": "2025-07-31T12:12:17.184132"
  }
}