{
  "id": "train_197",
  "source_dir": "result_ES2006b",
  "notion_output": "```json\n{\n    \"project_name\": \"차세대 텔레비전 리모컨 개발 프로젝트\",\n    \"project_purpose\": \"사용자 친화적이고 스타일리시한 텔레비전 리모컨 개발\",\n    \"project_period\": \"2025.01.01 ~ 2025.03.31\",\n    \"project_manager\": \"Speaker_C\",\n    \"core_objectives\": [\n        \"목표 1: 타겟 그룹 설정 및 그에 맞는 디자인 개발\",\n        \"목표 2: 리모컨의 기능을 단순화하여 텔레비전 사용에 최적화\",\n        \"목표 3: 사용자 경험을 개선하기 위한 기술적 기능 추가\"\n    ],\n    \"core_idea\": \"텔레비전 전용 리모컨의 단순화와 스타일리시한 디자인\",\n    \"idea_description\": \"리모컨의 기능을 텔레비전 사용에 국한하고, 젊은층을 타겟으로 한 독특한 디자인을 통해 시장 경쟁력을 확보한다. 기술적으로는 적외선 수신기를 활용하고, 사용자 인터페이스를 직관적으로 설계하여 사용성을 높인다.\",\n    \"execution_plan\": \"1단계: 타겟 그룹 및 요구 사항 분석 (2025.01.01 ~ 2025.01.15)\\n2단계: 디자인 및 기능 설계 (2025.01.16 ~ 2025.02.15)\\n3단계: 프로토타입 개발 및 테스트 (2025.02.16 ~ 2025.03.15)\\n4단계: 최종 검토 및 출시 준비 (2025.03.16 ~ 2025.03.31)\",\n    \"expected_effects\": [\n        \"기대효과 1: 젊은층의 높은 수요로 인한 시장 점유율 증가\",\n        \"기대효과 2: 단순화된 기능으로 인한 사용자 만족도 향상\",\n        \"기대효과 3: 스타일리시한 디자인을 통한 브랜드 이미지 강화\"\n    ]\n}\n```",
  "prd_output": "```json\n{\n    \"overview\": \"파싱된 프로젝트는 회의 내용을 기반으로 프로젝트를 생성하고 관리하는 도구입니다. 이 프로젝트는 회의에서 논의된 내용을 자동으로 파싱하여 프로젝트로 변환함으로써, 사용자가 회의 후 즉시 프로젝트를 시작할 수 있도록 돕습니다. 타겟 사용자는 회의를 자주 진행하는 팀 리더와 프로젝트 매니저이며, 이 도구는 시간 절약과 효율적인 프로젝트 관리라는 가치를 제공합니다.\",\n    \"core_features\": \"1. 회의 내용 파싱: 회의 기록을 분석하여 주요 항목을 자동으로 추출합니다. 2. 프로젝트 생성: 파싱된 데이터를 기반으로 자동으로 프로젝트를 생성합니다. 3. 목표 설정: 사용자가 프로젝트의 핵심 목표를 설정할 수 있습니다. 4. 실행 계획 수립: 자동으로 실행 계획을 제안하고 사용자 정의가 가능합니다.\",\n    \"user_experience\": \"사용자는 회의 후 기록을 업로드하면, 시스템이 자동으로 프로젝트를 생성합니다. 주요 페르소나는 프로젝트 매니저로, 회의 후 빠르게 프로젝트를 시작하고 관리할 수 있습니다. UI/UX는 직관적이고 사용자가 쉽게 목표와 계획을 수정할 수 있도록 설계됩니다.\",\n    \"technical_architecture\": \"시스템은 자연어 처리(NLP) 모듈을 사용하여 회의 내용을 파싱합니다. 데이터 모델은 프로젝트, 목표, 실행 계획 등의 엔티티로 구성됩니다. API는 외부 회의 기록 시스템과의 통합을 지원하며, 클라우드 기반 인프라를 통해 확장성을 제공합니다.\",\n    \"development_roadmap\": \"MVP는 회의 내용 파싱 및 기본 프로젝트 생성 기능을 포함합니다. 향후 개선사항으로는 사용자 정의 목표 설정 및 고급 분석 기능이 포함됩니다. 단계별로 기능을 확장하여 최종적으로 완전한 프로젝트 관리 도구로 발전시킵니다.\",\n    \"logical_dependency_chain\": \"1. 회의 내용 파싱 모듈 개발 2. 프로젝트 생성 기능 구현 3. 목표 설정 및 실행 계획 수립 기능 추가 4. 사용자 피드백 기반 개선 및 고급 기능 개발\",\n    \"risks_and_mitigations\": \"기술적 도전으로는 자연어 처리의 정확성이 있으며, 이를 위해 최신 NLP 기술을 도입합니다. MVP 정의는 기본 파싱 및 프로젝트 생성으로 제한하며, 자원 제약사항은 클라우드 인프라를 활용하여 완화합니다.\",\n    \"appendix\": \"추가 정보로는 NLP 기술 연구 결과와 클라우드 인프라 사양이 포함됩니다. 또한, 유사 프로젝트 사례 연구가 참고 자료로 제공됩니다.\"\n}\n```",
  "quality_metrics": {
    "final_score": 6.0,
    "is_production_ready": true,
    "iterations_used": 1,
    "is_high_quality": false
  },
  "metadata": {
    "source_file": "../batch_triplet_results\\result_ES2006b\\05_final_result.json",
    "utterance_count": 231,
    "transcript_length": 7943,
    "speakers": [
      "Speaker_A",
      "Speaker_B",
      "Speaker_D",
      "Speaker_C"
    ],
    "dataset_type": "train",
    "processing_date": "2025-07-31T14:49:35.900451"
  }
}