{
  "id": "train_202",
  "source_dir": "result_Bmr014_processed",
  "notion_output": "```json\n{\n    \"project_name\": \"차세대 무선 오디오 시스템 및 회의 관리 최적화 프로젝트\",\n    \"project_purpose\": \"무선 오디오 시스템의 성능을 최적화하고, 회의 관리의 효율성을 극대화하여 사용자 경험을 향상시키는 것\",\n    \"project_period\": \"2024.01.01 ~ 2024.03.31\",\n    \"project_manager\": \"Speaker_B\",\n    \"core_objectives\": [\n        \"목표 1: 무선 마이크 시스템의 채널 수 확장 및 안정성 확보를 위한 구체적인 기술적 해결 방안 마련\",\n        \"목표 2: 오디오 모니터링 시스템의 구체적인 문제점 분석 및 개선 방안 실행\",\n        \"목표 3: 웹 기반 회의 관리 시스템의 보안 강화 및 사용자 인터페이스 개선\"\n    ],\n    \"core_idea\": \"무선 오디오 시스템의 성능을 최적화하고, 회의 관리의 효율성을 높이기 위한 종합 솔루션 제공\",\n    \"idea_description\": \"무선 마이크 시스템의 채널 확장 및 안정성을 확보하기 위해 구체적인 기술적 해결 방안을 마련하고, 오디오 모니터링 시스템의 문제점을 분석하여 개선합니다. 또한, 웹 기반 회의 관리 시스템을 구축하여 보안을 강화하고 사용자 인터페이스를 개선하여 사용자들이 쉽게 회의 내용을 접근하고 관리할 수 있도록 합니다.\",\n    \"execution_plan\": [\n        \"1단계 (2024.01.01 ~ 2024.01.31): 무선 마이크 시스템의 현황 분석 및 채널 확장을 위한 기술적 해결 방안 수립\",\n        \"2단계 (2024.02.01 ~ 2024.02.28): 오디오 모니터링 시스템의 문제점 분석 및 개선 방안 실행\",\n        \"3단계 (2024.03.01 ~ 2024.03.31): 웹 기반 회의 관리 시스템 개발, 보안 강화 및 사용자 인터페이스 개선\"\n    ],\n    \"expected_effects\": [\n        \"기대효과 1: 무선 마이크 시스템의 채널 확장으로 회의 중 오디오 품질이 크게 향상됨\",\n        \"기대효과 2: 오디오 모니터링 시스템의 개선으로 인해 발생하는 오디오 문제의 현저한 감소\",\n        \"기대효과 3: 웹 기반 회의 관리 시스템을 통한 사용자 접근성 및 관리 효율성 증대, 보안 강화로 인한 데이터 보호 강화\"\n    ],\n    \"technical_details\": {\n        \"wireless_microphone_system\": {\n            \"current_setup\": \"기지국 1개, 무선 마이크 6개\",\n            \"expansion_plan\": \"기지국 추가 구매 및 무선 마이크 추가 구매로 채널 수 확장\",\n            \"cost_estimation\": \"기지국 비용 약 900달러, 채널당 800달러\",\n            \"technical_challenges\": \"현재 최대 6개 채널로 제한된 시스템을 확장하기 위한 기술적 해결 방안 필요\"\n        },\n        \"audio_monitoring_system\": {\n            \"identified_issues\": \"녹음 중 특정 사항에 대한 큰 급증 발생\",\n            \"improvement_plan\": \"오디오 모니터링 시스템의 문제점 분석 및 필터링 기술 적용\",\n            \"technical_approach\": \"필터링 기술을 통해 특정 주파수의 급증을 완화하고, 오디오 품질을 개선\"\n        },\n        \"web_based_management_system\": {\n            \"security_concerns\": \"비밀번호 배포의 보안 문제\",\n            \"enhancement_plan\": \"보안 강화 및 사용자 인터페이스 개선, 웹 기반 접근성 향상\",\n            \"specific_features\": \"사용자별 비밀번호 관리 시스템 도입 및 웹 인터페이스의 직관적 디자인 개선\"\n        }\n    }\n}\n```",
  "prd_output": "```json\n{\n    \"overview\": \"파싱된 프로젝트는 회의 내용을 기반으로 프로젝트를 생성하고 관리하는 시스템입니다. 이 프로젝트는 회의에서 논의된 내용을 자동으로 파싱하여 프로젝트 관리에 필요한 정보를 제공함으로써, 사용자들이 회의 후 빠르게 프로젝트를 시작하고 관리할 수 있도록 돕습니다. 타겟 사용자는 주로 프로젝트 매니저, 팀 리더, 그리고 회의에서 프로젝트를 기획하는 모든 사람들입니다. 이 시스템은 회의 후 프로젝트 관리의 효율성을 크게 향상시킬 수 있는 가치를 제공합니다.\",\n    \"core_features\": \"1. 자동 파싱 기능: 회의 내용을 자동으로 분석하여 프로젝트의 주요 요소를 추출합니다.\\n2. 프로젝트 생성: 파싱된 데이터를 기반으로 프로젝트를 자동 생성합니다.\\n3. 목표 설정 및 추적: 사용자가 설정한 목표를 기반으로 프로젝트 진행 상황을 추적합니다.\\n각 기능은 사용자가 회의 후 빠르게 프로젝트를 시작하고 관리할 수 있도록 설계되었습니다.\",\n    \"user_experience\": \"사용자는 회의 내용을 시스템에 업로드하고, 자동으로 생성된 프로젝트를 검토하여 필요한 수정 사항을 반영할 수 있습니다. 주요 페르소나는 프로젝트 매니저로, 회의 후 빠르게 프로젝트를 설정하고 팀원들과 공유하는 것이 주요 플로우입니다. UI/UX는 직관적이고 사용자가 쉽게 접근할 수 있도록 설계됩니다.\",\n    \"technical_architecture\": \"시스템은 클라우드 기반으로 설계되며, 데이터 파싱을 위한 자연어 처리(NLP) 모듈과 프로젝트 관리 시스템을 통합합니다. 데이터 모델은 회의 내용, 프로젝트 목표, 진행 상황 등을 포함하며, API를 통해 외부 시스템과의 연동을 지원합니다. 인프라는 AWS 또는 Azure와 같은 클라우드 서비스를 활용하여 확장성을 제공합니다.\",\n    \"development_roadmap\": \"MVP에서는 자동 파싱 기능과 기본적인 프로젝트 생성 기능을 포함합니다. 이후 단계에서는 목표 추적 기능과 사용자 피드백 기반의 개선 사항을 추가할 예정입니다. 각 단계는 사용자 피드백을 반영하여 점진적으로 개발 범위를 확장합니다.\",\n    \"logical_dependency_chain\": \"개발은 자동 파싱 기능을 우선적으로 구현하고, 이후 프로젝트 생성 및 목표 추적 기능을 순차적으로 개발합니다. 초기 단계에서는 기초 기능을 안정적으로 구현하는 것이 중요하며, 이후 점진적으로 고급 기능을 추가합니다.\",\n    \"risks_and_mitigations\": \"기술적 도전은 자연어 처리의 정확성 확보와 시스템 확장성입니다. MVP는 핵심 기능에 집중하여 빠르게 시장에 출시하는 것을 목표로 하며, 자원 제약사항은 클라우드 인프라를 활용하여 완화합니다.\",\n    \"appendix\": \"추가 정보로는 자연어 처리 기술에 대한 연구 결과와 시스템 설계에 대한 기술 사양이 포함됩니다.\"\n}\n```",
  "quality_metrics": {
    "final_score": 6.0,
    "is_production_ready": true,
    "iterations_used": 3,
    "is_high_quality": false
  },
  "metadata": {
    "source_file": "../batch_triplet_results\\result_Bmr014_processed\\05_final_result.json",
    "utterance_count": 502,
    "transcript_length": 18259,
    "speakers": [
      "Speaker_F",
      "Speaker_A",
      "Speaker_B",
      "Speaker_E",
      "Speaker_D",
      "Speaker_C"
    ],
    "dataset_type": "train",
    "processing_date": "2025-07-31T14:54:06.241429"
  }
}