{
  "id": "train_051",
  "source_dir": "result_TS3007a",
  "notion_output": "```json\n{\n    \"project_name\": \"트렌디한 다목적 리모컨 개발 프로젝트\",\n    \"project_purpose\": \"새로운 디자인과 기능을 갖춘 리모컨을 개발하여 시장에서 차별화된 제품을 출시\",\n    \"project_period\": \"2024.01.01 ~ 2024.06.30\",\n    \"project_manager\": \"대니 울프스\",\n    \"core_objectives\": [\n        \"목표 1: 독창적이고 트렌디한 디자인의 리모컨 개발\",\n        \"목표 2: 다목적 사용이 가능한 기능 추가\",\n        \"목표 3: 무선 주파수 및 블루투스 기술을 활용한 혁신적인 제품 출시\"\n    ],\n    \"core_idea\": \"기존 리모컨과 차별화된 디자인과 기능을 통해 시장에서 경쟁력을 갖춘 제품 개발\",\n    \"idea_description\": \"사용자 인터페이스와 산업 디자인을 결합하여 트렌디한 외관과 다목적 기능을 갖춘 리모컨을 개발. 무선 주파수 및 블루투스 기술을 활용하여 사용자 편의성을 극대화.\",\n    \"execution_plan\": \"1단계: 시장 조사 및 디자인 컨셉 개발 (2024.01.01 ~ 2024.02.15)\\n2단계: 기술 개발 및 프로토타입 제작 (2024.02.16 ~ 2024.04.15)\\n3단계: 사용자 테스트 및 피드백 반영 (2024.04.16 ~ 2024.05.15)\\n4단계: 최종 제품 개발 및 출시 준비 (2024.05.16 ~ 2024.06.30)\",\n    \"expected_effects\": [\n        \"기대효과 1: 시장에서의 차별화된 제품으로 인한 매출 증가\",\n        \"기대효과 2: 사용자 편의성을 높인 혁신적 제품으로 브랜드 이미지 강화\",\n        \"기대효과 3: 국제 시장 진출을 통한 글로벌 경쟁력 확보\"\n    ]\n}\n```",
  "prd_output": "```json\n{\n    \"overview\": \"파싱된 프로젝트는 회의 내용을 기반으로 프로젝트를 관리하는 시스템입니다. 이 프로젝트는 회의에서 논의된 내용을 체계적으로 정리하고, 이를 기반으로 프로젝트를 생성 및 관리할 수 있는 기능을 제공합니다. 타겟 사용자는 주로 프로젝트 매니저와 팀원들로, 회의 내용을 효율적으로 관리하고 프로젝트 진행 상황을 추적하는 데 가치를 제공합니다.\",\n    \"core_features\": \"1. 회의 내용 파싱: 회의에서 논의된 내용을 자동으로 파싱하여 프로젝트로 변환합니다. 2. 프로젝트 생성 및 관리: 파싱된 내용을 기반으로 프로젝트를 생성하고, 진행 상황을 관리할 수 있습니다. 3. 실시간 협업: 팀원들이 실시간으로 프로젝트에 기여할 수 있는 협업 기능을 제공합니다.\",\n    \"user_experience\": \"사용자는 회의 내용을 시스템에 입력하거나 업로드하여 자동으로 프로젝트를 생성할 수 있습니다. 주요 페르소나는 프로젝트 매니저이며, 주요 플로우는 회의 내용 입력 -> 프로젝트 생성 -> 진행 상황 추적입니다. UI/UX는 직관적이고 사용하기 쉽게 설계되어야 합니다.\",\n    \"technical_architecture\": \"시스템은 클라이언트-서버 아키텍처로 구성되며, 데이터 모델은 회의 내용과 프로젝트 정보를 저장할 수 있도록 설계됩니다. API는 회의 내용 파싱 및 프로젝트 생성 기능을 지원하며, 인프라는 클라우드 기반으로 확장성을 고려하여 설계됩니다.\",\n    \"development_roadmap\": \"MVP 요구사항은 회의 내용 파싱 및 프로젝트 생성 기능의 구현입니다. 향후 개선사항으로는 실시간 협업 기능과 고급 분석 기능이 포함됩니다. 단계별 개발 범위는 초기 MVP 개발 -> 기능 확장 -> 사용자 피드백 반영입니다.\",\n    \"logical_dependency_chain\": \"기초 기능으로 회의 내용 파싱 기능이 우선 개발되어야 하며, 이후 프로젝트 생성 및 관리 기능이 개발됩니다. 점진적으로 실시간 협업 기능이 추가됩니다.\",\n    \"risks_and_mitigations\": \"기술적 도전은 자연어 처리 기술의 정확도이며, 이를 위해 최신 NLP 기술을 활용합니다. MVP 정의는 회의 내용 파싱 및 프로젝트 생성 기능으로, 자원 제약사항은 개발 인력과 시간입니다.\",\n    \"appendix\": \"추가 정보로는 회의 내용 파싱을 위한 NLP 기술 연구 결과와 기술 사양이 포함됩니다.\"\n}\n```",
  "quality_metrics": {
    "final_score": 6.0,
    "is_production_ready": true,
    "iterations_used": 1,
    "is_high_quality": false
  },
  "metadata": {
    "source_file": "../batch_triplet_results\\result_TS3007a\\05_final_result.json",
    "utterance_count": 221,
    "transcript_length": 6801,
    "speakers": [
      "Speaker_B",
      "Speaker_D",
      "Speaker_C",
      "Speaker_A"
    ],
    "dataset_type": "train",
    "processing_date": "2025-07-31T11:45:30.241330"
  }
}