{
  "id": "train_155",
  "source_dir": "result_IS1000c",
  "notion_output": "```json\n{\n    \"project_name\": \"차세대 사용자 경험 리모컨 개발 프로젝트\",\n    \"project_purpose\": \"기술적 혁신과 사용자 편의성을 극대화한 차세대 리모컨 개발\",\n    \"project_period\": \"2024.01.01 ~ 2024.06.30\",\n    \"project_manager\": \"매튜\",\n    \"core_objectives\": [\n        \"목표 1: 사용자 친화적인 인터페이스 설계 및 직관적인 사용법 제공\",\n        \"목표 2: 혁신적인 기술 적용을 통한 제품 차별화 및 비용 효율성 확보\",\n        \"목표 3: 다양한 기능을 통합한 칩 설계로 생산 비용 절감\"\n    ],\n    \"core_idea\": \"사용자 경험을 극대화하는 혁신적 리모컨 디자인\",\n    \"idea_description\": \"리모컨의 외관과 기능을 혁신적으로 개선하여 사용자가 직관적으로 사용할 수 있도록 하고, 다양한 기능을 하나의 FPGA 칩으로 통합하여 생산 비용을 절감합니다.\",\n    \"execution_plan\": [\n        \"1단계: 시장 조사 및 사용자 요구 분석 (2024.01.01 ~ 2024.02.15)\",\n        \"2단계: 개념 설계 및 프로토타입 제작 (2024.02.16 ~ 2024.03.31)\",\n        \"3단계: 프로토타입 테스트 및 피드백 수집 (2024.04.01 ~ 2024.04.30)\",\n        \"4단계: 최종 디자인 확정 및 생산 준비 (2024.05.01 ~ 2024.05.31)\",\n        \"5단계: 제품 출시 및 마케팅 (2024.06.01 ~ 2024.06.30)\"\n    ],\n    \"technical_details\": [\n        \"FPGA 칩을 사용하여 스크롤 휠과 LCD 디스플레이를 통합\",\n        \"다양한 질감의 커버 옵션 제공 (스펀지, 부드러운 질감 등)\",\n        \"배터리 잔량 표시 기능 및 색상 변화 기능 포함\",\n        \"프로토타입 두 가지 디자인 제작: 기본형과 고급형\"\n    ],\n    \"expected_effects\": [\n        \"기대효과 1: 사용자 만족도 향상 - 직관적인 사용법과 혁신적인 디자인으로 사용자 만족도를 높입니다.\",\n        \"기대효과 2: 시장 점유율 확대 - 차별화된 제품으로 경쟁력을 강화하여 시장 점유율을 확대합니다.\",\n        \"기대효과 3: 비용 절감 - 통합 칩 사용으로 생산 비용을 절감하여 가격 경쟁력을 확보합니다.\"\n    ],\n    \"responsibilities\": {\n        \"매튜\": \"프로젝트 매니저로서 전체 프로젝트 진행 관리 및 팀 간 조율\",\n        \"팀원 A\": \"개념 설계 및 사용자 인터페이스 디자인\",\n        \"팀원 B\": \"기술적 세부사항 구현 및 프로토타입 제작\",\n        \"팀원 C\": \"시장 조사 및 사용자 요구 분석\",\n        \"팀원 D\": \"프로토타입 테스트 및 피드백 수집\"\n    }\n}\n```",
  "prd_output": "```json\n{\n    \"overview\": \"파싱된 프로젝트는 회의 내용을 기반으로 한 프로젝트로, 회의 기록을 효율적으로 관리하고 분석할 수 있는 솔루션을 제공합니다. 이 프로젝트는 회의 내용을 자동으로 파싱하여 유용한 정보를 추출하고, 이를 통해 사용자들이 회의 후속 작업을 보다 쉽게 수행할 수 있도록 돕습니다. 타겟 사용자는 주로 기업의 회의 주최자 및 참석자이며, 이 솔루션은 회의 효율성을 높이고, 정보 접근성을 개선하는 가치를 제공합니다.\",\n    \"core_features\": \"1. 자동 파싱 기능: 회의 내용을 자동으로 텍스트로 변환하고, 핵심 정보를 추출합니다. 2. 정보 요약: 추출된 정보를 기반으로 회의 요약을 생성합니다. 3. 작업 할당: 회의에서 논의된 작업을 자동으로 할당하고 추적할 수 있습니다. 4. 통합 캘린더: 회의 일정과 작업 마감일을 통합하여 관리합니다.\",\n    \"user_experience\": \"사용자는 회의가 끝난 후 자동으로 생성된 요약 보고서를 받게 됩니다. 페르소나는 주로 회의 주최자와 참석자이며, 이들은 회의 후속 작업을 쉽게 관리할 수 있습니다. 주요 플로우는 회의 녹음 업로드, 자동 파싱, 정보 요약, 작업 할당 순으로 진행됩니다. UI/UX는 직관적이고 사용하기 쉬운 인터페이스를 제공하여 사용자 경험을 최적화합니다.\",\n    \"technical_architecture\": \"시스템은 클라우드 기반으로 구성되며, 음성 인식 API를 사용하여 회의 녹음을 텍스트로 변환합니다. 데이터 모델은 회의 정보, 사용자 정보, 작업 정보를 포함하며, RESTful API를 통해 클라이언트 애플리케이션과 통신합니다. 인프라는 AWS를 기반으로 하여 확장성과 안정성을 보장합니다.\",\n    \"development_roadmap\": \"MVP 요구사항은 자동 파싱 기능과 정보 요약 기능을 포함하며, 향후 개선사항으로는 작업 할당 기능과 통합 캘린더 기능이 있습니다. 단계별 개발 범위는 초기에는 핵심 기능 구현에 집중하고, 이후 사용자 피드백을 반영하여 기능을 확장합니다.\",\n    \"logical_dependency_chain\": \"개발 순서는 자동 파싱 기능을 먼저 구현하고, 그 다음으로 정보 요약 기능을 개발합니다. 이후 작업 할당 기능과 통합 캘린더 기능을 순차적으로 개발합니다. 기초 기능 우선순위는 자동 파싱과 정보 요약에 있습니다.\",\n    \"risks_and_mitigations\": \"기술적 도전은 음성 인식의 정확도와 정보 추출의 정확성입니다. 이를 위해 최신 음성 인식 알고리즘을 사용하고, 지속적인 모델 학습을 통해 정확도를 개선합니다. MVP 정의는 자동 파싱과 정보 요약 기능을 포함하며, 자원 제약사항은 클라우드 인프라 비용과 개발 인력입니다.\",\n    \"appendix\": \"추가 정보로는 음성 인식 기술에 대한 연구 결과와 기술 사양이 포함됩니다. 또한, 시장 조사 결과와 사용자 피드백을 기반으로 한 기능 개선 계획이 포함됩니다.\"\n}\n```",
  "quality_metrics": {
    "final_score": 6.0,
    "is_production_ready": true,
    "iterations_used": 2,
    "is_high_quality": false
  },
  "metadata": {
    "source_file": "../batch_triplet_results\\result_IS1000c\\05_final_result.json",
    "utterance_count": 276,
    "transcript_length": 9720,
    "speakers": [
      "Speaker_B",
      "Speaker_D",
      "Speaker_C",
      "Speaker_A"
    ],
    "dataset_type": "train",
    "processing_date": "2025-07-31T13:56:37.899931"
  }
}