{
  "id": "train_074",
  "source_dir": "result_Buw001_processed",
  "notion_output": "```json\n{\n    \"project_name\": \"다양한 회의 유형에 맞춘 데이터 수집 및 요약 시스템 개발 프로젝트\",\n    \"project_purpose\": \"회의록의 정확성과 효율성을 높이고, 다양한 회의 유형에 맞춘 데이터 수집 및 요약 시스템을 통해 정보의 중복을 줄이며, 데이터 기반 의사결정을 지원합니다.\",\n    \"project_period\": \"2024.01.01 ~ 2024.06.30\",\n    \"project_manager\": \"Speaker_C\",\n    \"core_objectives\": [\n        \"목표 1: 다양한 회의 유형에 맞춘 데이터 수집 및 요약 방법론 개발\",\n        \"목표 2: 자동 요약 알고리즘을 통해 주요 발언 및 결정을 추출\",\n        \"목표 3: 회의 참석자들의 역할과 책임을 명확히 하여 데이터 수집 및 요약의 효율성 증대\",\n        \"목표 4: 회의록 작성 및 요약의 자동화를 위한 사용자 인터페이스 설계\"\n    ],\n    \"core_idea\": \"회의 데이터를 효율적으로 수집하고 요약하여 정보의 중복을 줄이고, 회의의 생산성을 높이는 시스템을 개발합니다.\",\n    \"idea_description\": \"회의 중 발생하는 다양한 데이터를 자동으로 수집하고, 이를 요약하여 제공함으로써 회의 후에도 주요 내용을 쉽게 파악할 수 있도록 지원합니다. 이를 통해 회의의 효율성을 높이고, 데이터 기반의 의사결정이 가능하도록 합니다. 특히, 다양한 회의 유형에 맞춘 수집 및 요약 방법론을 개발하여 포괄성을 강화합니다.\",\n    \"execution_plan\": [\n        \"1단계 (2024.01.01 ~ 2024.02.28): 다양한 회의 유형에 맞춘 데이터 수집 방법론 설계 및 개발, 구체적인 데이터 수집 방법(녹음, 사진 촬영, 메모 작성 등) 테스트\",\n        \"2단계 (2024.03.01 ~ 2024.04.30): 요약 알고리즘 개발 및 다양한 회의 유형에 대한 테스트, 알고리즘 조정 및 최적화\",\n        \"3단계 (2024.05.01 ~ 2024.06.30): 사용자 인터페이스 개발 및 시스템 통합, 회의 참석자들의 역할 및 책임 명확화, 교육 및 피드백 수집\"\n    ],\n    \"expected_effects\": [\n        \"기대효과 1: 회의 데이터의 체계적인 수집 및 관리로 인한 정보 중복 감소\",\n        \"기대효과 2: 요약된 정보를 통해 회의 후 주요 내용 파악 시간 단축\",\n        \"기대효과 3: 데이터 기반 의사결정을 통한 조직의 생산성 향상\",\n        \"기대효과 4: 다양한 회의 유형에 대한 맞춤형 데이터 수집 및 요약으로 포괄성 강화\"\n    ],\n    \"additional_details\": {\n        \"data_collection_methods\": \"회의 중 녹음, 사진 촬영, 메모 작성 등을 통해 다양한 데이터를 수집하며, 회의 유형에 따라 맞춤형 수집 방법을 적용합니다.\",\n        \"summary_algorithm\": \"자동 요약 알고리즘은 회의의 주요 발언 및 결정을 추출하여 요약을 생성하며, 다양한 회의 유형에 따라 알고리즘을 조정합니다.\",\n        \"roles_and_responsibilities\": \"회의 참석자들은 데이터 수집 및 요약에 필요한 역할을 명확히 하여, 각자의 책임을 다하도록 합니다. 메모 작성자, 요약 담당자 등을 지정합니다.\",\n        \"discussion_points\": [\n            \"회의록에서 논의된 데이터 수집의 구체적인 방법\",\n            \"회의록에서 언급된 다양한 회의 유형과 그에 따른 요약 방법\",\n            \"회의 참석자들의 구체적인 역할과 책임\"\n        ]\n    }\n}\n```",
  "prd_output": "```json\n{\n    \"overview\": \"파싱된 프로젝트는 회의 내용을 기반으로 프로젝트를 관리하고 추적하는 시스템입니다. 이 프로젝트는 회의에서 논의된 내용을 체계적으로 정리하고, 이를 바탕으로 프로젝트를 생성 및 관리하는 문제를 해결합니다. 타겟 사용자는 기업 내 프로젝트 매니저 및 팀원들이며, 이 시스템을 통해 회의에서 나온 아이디어와 결정을 효과적으로 관리할 수 있습니다.\",\n    \"core_features\": \"1. 회의 내용 자동 파싱: 회의 중 논의된 내용을 자동으로 파싱하여 프로젝트로 변환합니다. 2. 프로젝트 생성 및 관리: 파싱된 내용을 바탕으로 프로젝트를 생성하고, 할당된 작업을 관리합니다. 3. 실시간 업데이트: 회의 내용이 변경될 때마다 프로젝트 상태를 실시간으로 업데이트합니다.\",\n    \"user_experience\": \"사용자는 회의가 끝난 후 자동으로 생성된 프로젝트를 확인하고, 필요에 따라 수정할 수 있습니다. 주요 페르소나는 프로젝트 매니저이며, UI는 직관적이고 사용하기 쉽게 설계되어 있습니다. 주요 플로우는 회의 내용 입력 -> 자동 파싱 -> 프로젝트 생성 -> 사용자 검토 및 수정입니다.\",\n    \"technical_architecture\": \"시스템은 클라우드 기반으로 설계되며, 주요 구성 요소는 프론트엔드, 백엔드 서버, 데이터베이스로 이루어져 있습니다. 데이터 모델은 회의 내용, 프로젝트, 작업 항목으로 구성되며, API는 회의 내용 파싱 및 프로젝트 관리 기능을 제공합니다. 인프라는 AWS를 기반으로 구축됩니다.\",\n    \"development_roadmap\": \"MVP 단계에서는 회의 내용 파싱 및 기본적인 프로젝트 생성 기능을 제공합니다. 이후 단계에서는 사용자 피드백을 반영하여 기능을 개선하고, 팀 협업 기능을 추가할 예정입니다.\",\n    \"logical_dependency_chain\": \"1. 회의 내용 파싱 기능 개발 2. 프로젝트 생성 기능 개발 3. 사용자 인터페이스 개발 4. 실시간 업데이트 기능 추가\",\n    \"risks_and_mitigations\": \"기술적 도전은 자연어 처리(NLP) 기술을 활용한 회의 내용 파싱입니다. 이를 위해 외부 NLP 라이브러리를 활용하고, MVP는 기본적인 파싱 기능만을 포함합니다. 자원 제약사항으로는 개발 인력의 부족이 있으며, 이를 해결하기 위해 외부 개발자와의 협업을 고려합니다.\",\n    \"appendix\": \"프로젝트 관련 추가 정보 및 연구 결과는 별도의 문서로 제공됩니다. 기술 사양은 시스템 설계 문서에 포함되어 있습니다.\"\n}\n```",
  "quality_metrics": {
    "final_score": 6.0,
    "is_production_ready": true,
    "iterations_used": 3,
    "is_high_quality": false
  },
  "metadata": {
    "source_file": "../batch_triplet_results\\result_Buw001_processed\\05_final_result.json",
    "utterance_count": 823,
    "transcript_length": 28613,
    "speakers": [
      "Speaker_D",
      "Speaker_F",
      "Speaker_A",
      "Speaker_H",
      "Speaker_G",
      "Speaker_B",
      "Speaker_E",
      "Speaker_C"
    ],
    "dataset_type": "train",
    "processing_date": "2025-07-31T12:17:39.387057"
  }
}