{
  "id": "train_173",
  "source_dir": "result_Bdb001_processed",
  "notion_output": "```json\n{\n    \"project_name\": \"XML 기반의 다중 데이터 타입 지원 데이터 관리 시스템 개발\",\n    \"project_purpose\": \"효율적인 데이터 저장, 검색 및 공유를 위한 XML 기반 데이터 관리 시스템 구축\",\n    \"project_period\": \"2025.01.01 ~ 2025.03.31\",\n    \"project_manager\": \"Speaker_D\",\n    \"core_objectives\": [\n        \"목표 1: XML 형식을 활용한 유연하고 확장 가능한 데이터베이스 구조 설계 및 구현\",\n        \"목표 2: 다양한 데이터 타입과 파일 형식을 지원하는 시스템 개발 및 최적화\",\n        \"목표 3: 타임라인 및 발언 태그를 통한 데이터의 체계적 관리 및 검색 기능 강화\"\n    ],\n    \"core_idea\": \"XML을 기반으로 한 데이터베이스 및 파일 형식 개발을 통해 다양한 데이터 타입을 효율적으로 관리\",\n    \"idea_description\": \"XML 형식을 활용하여 데이터를 구조화하고, 다양한 데이터 타입을 지원하는 파일 형식을 개발하여 효율적인 데이터 저장, 검색 및 공유를 가능하게 합니다. 이를 통해 데이터 무결성과 신뢰성을 확보합니다.\",\n    \"execution_plan\": [\n        {\n            \"phase\": \"1단계: XML 형식 설계 및 프로토타입 개발\",\n            \"duration\": \"2025.01.01 ~ 2025.01.31\",\n            \"tasks\": [\n                \"XML 형식의 기술적 세부사항 정의: 타임라인 및 발언 태그 구조 설계\",\n                \"프로토타입 개발 및 초기 테스트 수행: XML 파서 및 Perl 스크립트 활용\",\n                \"기존 도구와의 호환성 테스트: Perl 및 기타 도구와의 통합 테스트\"\n            ],\n            \"responsible\": \"Speaker_D\"\n        },\n        {\n            \"phase\": \"2단계: 파일 형식 개발 및 테스트\",\n            \"duration\": \"2025.02.01 ~ 2025.02.28\",\n            \"tasks\": [\n                \"다양한 데이터 타입 지원을 위한 파일 형식 개발: 정수형, 실수형, 부동 소수점 등\",\n                \"파일 형식의 테스트 및 성능 최적화: 대용량 데이터 처리 및 성능 테스트\",\n                \"기존 시스템과의 호환성 테스트: 다양한 운영 체제 및 파일 시스템과의 호환성 확인\"\n            ],\n            \"responsible\": \"Speaker_E\"\n        },\n        {\n            \"phase\": \"3단계: 시스템 통합 및 최종 검토\",\n            \"duration\": \"2025.03.01 ~ 2025.03.31\",\n            \"tasks\": [\n                \"XML 기반 데이터 관리 시스템 통합: 전체 시스템 통합 및 기능 테스트\",\n                \"최종 검토 및 사용자 피드백 수집: 사용자 테스트 및 피드백 반영\",\n                \"시스템 안정성 및 성능 최종 점검: 시스템 안정성 및 성능 최적화\"\n            ],\n            \"responsible\": \"Speaker_F\"\n        }\n    ],\n    \"expected_effects\": [\n        \"기대효과 1: 데이터 저장 및 검색의 효율성 향상\",\n        \"기대효과 2: 다양한 데이터 타입 지원으로 인한 유연성 증가\",\n        \"기대효과 3: 체계적인 데이터 관리로 인한 데이터 무결성 및 신뢰성 향상\",\n        \"기대효과 4: 학습 곡선 완화로 인한 사용자 접근성 향상\"\n    ],\n    \"technical_details\": {\n        \"xml_format\": \"타임라인 및 발언 태그를 포함한 XML 구조 설계\",\n        \"data_types_support\": \"정수형, 실수형, 부동 소수점 등 다양한 데이터 타입 지원\",\n        \"tools_and_compatibility\": \"Perl 스크립트 및 기존 도구와의 호환성 고려\",\n        \"additional_technical_approach\": \"프레임 수준에서의 바이너리 인코딩 사용 및 XML 파서 최적화\"\n    }\n}\n```",
  "prd_output": "```json\n{\n    \"overview\": \"파싱된 프로젝트는 회의 내용을 기반으로 한 프로젝트로, 회의에서 논의된 사항을 체계적으로 정리하고 관리하는 것을 목표로 합니다. 이 프로젝트는 회의의 효율성을 높이고, 중요한 정보를 놓치지 않도록 도와줍니다. 타겟 사용자는 주로 기업의 팀 리더, 프로젝트 매니저, 그리고 회의 주최자들입니다. 이 프로젝트는 회의 기록을 자동으로 파싱하여 중요한 정보를 추출하고, 이를 기반으로 프로젝트를 생성하는 가치를 제공합니다.\",\n    \"core_features\": \"1. 회의 내용 자동 파싱: 회의 내용을 텍스트로 입력하면 자동으로 중요한 정보를 추출하여 프로젝트를 생성합니다.\\n2. 프로젝트 생성 및 관리: 파싱된 정보를 바탕으로 프로젝트를 생성하고, 이를 관리할 수 있는 기능을 제공합니다.\\n3. 알림 및 리마인더: 중요한 마일스톤이나 작업 기한에 대한 알림을 제공합니다.\",\n    \"user_experience\": \"사용자는 회의가 끝난 후, 회의 내용을 입력하거나 업로드합니다. 시스템은 자동으로 내용을 분석하여 프로젝트를 생성합니다. 사용자는 생성된 프로젝트를 검토하고, 필요에 따라 수정할 수 있습니다. 주요 플로우는 '회의 내용 입력 -> 자동 파싱 -> 프로젝트 생성 -> 검토 및 수정'입니다. UI/UX는 직관적이고 사용하기 쉬운 인터페이스를 제공하여 사용자가 쉽게 접근할 수 있도록 설계됩니다.\",\n    \"technical_architecture\": \"시스템은 클라우드 기반으로 운영되며, 주요 구성 요소로는 데이터 파싱 모듈, 프로젝트 관리 모듈, 사용자 인터페이스가 있습니다. 데이터 모델은 회의 내용, 프로젝트 정보, 사용자 정보 등을 포함합니다. API는 외부 시스템과의 연동을 지원하며, 인프라는 AWS를 기반으로 구축됩니다.\",\n    \"development_roadmap\": \"MVP 요구사항은 회의 내용 파싱 및 기본적인 프로젝트 생성 기능입니다. 이후에는 사용자 피드백을 반영하여 기능을 개선하고, 알림 및 리마인더 기능을 추가할 예정입니다. 단계별로 기능을 확장하여 최종적으로는 완전한 프로젝트 관리 솔루션을 제공합니다.\",\n    \"logical_dependency_chain\": \"초기에는 회의 내용 파싱 기능을 개발하고, 그 다음으로 프로젝트 생성 기능을 구현합니다. 이후에는 사용자 인터페이스를 개발하고, 마지막으로 알림 및 리마인더 기능을 추가합니다. 각 단계는 이전 단계의 기능이 완성된 후에 진행됩니다.\",\n    \"risks_and_mitigations\": \"기술적 도전으로는 자연어 처리의 정확도가 있으며, 이를 위해 최신 NLP 기술을 활용합니다. MVP는 기본적인 파싱 및 프로젝트 생성 기능으로 정의되며, 자원 제약사항은 개발 인력과 시간입니다. 이를 해결하기 위해 우선순위를 명확히 하고, 점진적으로 기능을 확장합니다.\",\n    \"appendix\": \"추가 정보로는 자연어 처리 기술에 대한 연구 결과와 프로젝트 관리 도구의 시장 분석 자료가 포함됩니다. 기술 사양으로는 사용된 NLP 라이브러리와 API 명세서가 제공됩니다.\"\n}\n```",
  "quality_metrics": {
    "final_score": 6.0,
    "is_production_ready": true,
    "iterations_used": 3,
    "is_high_quality": false
  },
  "metadata": {
    "source_file": "../batch_triplet_results\\result_Bdb001_processed\\05_final_result.json",
    "utterance_count": 420,
    "transcript_length": 15743,
    "speakers": [
      "Speaker_F",
      "Speaker_A",
      "Speaker_B",
      "Speaker_E",
      "Speaker_D",
      "Speaker_C"
    ],
    "dataset_type": "train",
    "processing_date": "2025-07-31T14:24:33.062027"
  }
}