{
  "id": "train_110",
  "source_dir": "result_ES2010a",
  "notion_output": "```json\n{\n    \"project_name\": \"트렌디 리모컨 개발 프로젝트\",\n    \"project_purpose\": \"독창적이고 트렌디하면서도 사용하기 편리한 새로운 리모컨 개발\",\n    \"project_period\": \"2024.01.01 ~ 2024.06.30\",\n    \"project_manager\": \"맨디\",\n    \"core_objectives\": [\n        \"목표 1: 사용자가 쉽게 사용할 수 있는 직관적인 디자인 개발\",\n        \"목표 2: 다양한 기기와 호환 가능한 범용 리모컨 제작\",\n        \"목표 3: 사용자 요구사항을 반영한 명확한 사용 설명서 작성\"\n    ],\n    \"core_idea\": \"하나의 리모컨으로 모든 기기를 제어할 수 있는 범용 리모컨\",\n    \"idea_description\": \"범용 리모컨은 다양한 기기와 호환되며, 사용자가 쉽게 이해할 수 있는 인터페이스를 제공하여 사용자 경험을 극대화하는 것을 목표로 합니다. 또한, 배터리 교체가 용이하고, 화려한 조명과 간단한 디자인을 결합하여 시각적 만족감을 제공합니다.\",\n    \"execution_plan\": \"1. 초기 디자인 및 프로토타입 개발 (2024.01.01 ~ 2024.02.28)\\n2. 사용자 요구사항 분석 및 반영 (2024.03.01 ~ 2024.03.31)\\n3. 제품 개발 및 테스트 (2024.04.01 ~ 2024.05.15)\\n4. 마케팅 전략 수립 및 실행 (2024.05.16 ~ 2024.06.15)\\n5. 최종 제품 출시 및 피드백 수집 (2024.06.16 ~ 2024.06.30)\",\n    \"expected_effects\": [\n        \"기대효과 1: 사용자 편의성을 높여 고객 만족도 향상\",\n        \"기대효과 2: 다양한 기기와의 호환성으로 시장 점유율 확대\",\n        \"기대효과 3: 혁신적인 디자인으로 브랜드 이미지 강화\"\n    ]\n}\n```",
  "prd_output": "```json\n{\n    \"overview\": \"파싱된 프로젝트는 회의 내용을 기반으로 한 프로젝트로, 회의에서 논의된 사항들을 체계적으로 정리하고 관리하는 것을 목표로 합니다. 이 프로젝트는 회의 참가자들이 회의 내용을 쉽게 파악하고, 후속 조치를 효율적으로 수행할 수 있도록 돕습니다. 타겟 사용자는 주로 기업의 회의 주최자 및 참가자들로, 회의의 효율성을 높이고자 하는 모든 조직이 포함됩니다. 가치 제안은 회의 내용의 자동화된 파싱 및 정리, 그리고 이를 기반으로 한 프로젝트 관리의 용이성입니다.\",\n    \"core_features\": \"1. 회의 내용 자동 파싱: 회의 내용을 자동으로 텍스트로 변환하고 주요 항목을 추출합니다.\\n2. 프로젝트 생성 및 관리: 파싱된 내용을 기반으로 프로젝트를 생성하고 관리할 수 있습니다.\\n3. 알림 및 후속 조치: 파싱된 내용을 기반으로 후속 조치가 필요한 항목에 대해 알림을 제공합니다.\",\n    \"user_experience\": \"사용자는 회의가 끝난 후, 자동으로 생성된 회의 요약과 프로젝트를 확인할 수 있습니다. 주요 사용자 페르소나는 기업의 프로젝트 매니저와 팀 리더들입니다. 주요 플로우는 회의 내용 업로드 -> 자동 파싱 -> 프로젝트 생성 -> 후속 조치 알림입니다. UI/UX는 직관적이고 사용자가 쉽게 접근할 수 있도록 설계됩니다.\",\n    \"technical_architecture\": \"시스템은 클라우드 기반으로 구성되며, 데이터 모델은 회의 내용, 프로젝트 항목, 사용자 알림 등을 포함합니다. API는 회의 내용 업로드 및 파싱 결과를 제공하는 기능을 포함합니다. 인프라 요구사항은 안정적인 클라우드 서비스와 데이터 보안이 포함됩니다.\",\n    \"development_roadmap\": \"MVP 요구사항은 회의 내용 자동 파싱 및 프로젝트 생성 기능입니다. 향후 개선사항으로는 다국어 지원 및 AI 기반의 회의 내용 분석 기능이 포함됩니다. 단계별 개발 범위는 초기 파싱 기능 개발, 프로젝트 관리 기능 추가, 알림 시스템 구축입니다.\",\n    \"logical_dependency_chain\": \"개발 순서는 회의 내용 파싱 기능을 먼저 개발하고, 이후 프로젝트 생성 및 관리 기능을 추가합니다. 기초 기능 우선순위는 파싱 기능이며, 점진적으로 프로젝트 관리 및 알림 기능을 개발합니다.\",\n    \"risks_and_mitigations\": \"기술적 도전은 정확한 회의 내용 파싱과 데이터 보안입니다. MVP 정의는 파싱 기능과 기본 프로젝트 관리 기능입니다. 자원 제약사항은 개발 인력과 시간입니다.\",\n    \"appendix\": \"추가 정보로는 회의 파싱 기술 관련 연구 결과와 기술 사양이 포함됩니다.\"\n}\n```",
  "quality_metrics": {
    "final_score": 6.0,
    "is_production_ready": true,
    "iterations_used": 1,
    "is_high_quality": false
  },
  "metadata": {
    "source_file": "../batch_triplet_results\\result_ES2010a\\05_final_result.json",
    "utterance_count": 79,
    "transcript_length": 2791,
    "speakers": [
      "Speaker_B",
      "Speaker_D",
      "Speaker_C",
      "Speaker_A"
    ],
    "dataset_type": "train",
    "processing_date": "2025-07-31T12:58:59.882453"
  }
}