{
  "id": "train_263",
  "source_dir": "result_ES2006a",
  "notion_output": "```json\n{\n    \"project_name\": \"트렌디한 사용자 친화적 TV 리모컨 디자인 프로젝트\",\n    \"project_purpose\": \"독창적이고 트렌디하며 사용자 친화적인 TV 리모컨을 설계하고 제작하여 시장에 출시\",\n    \"project_period\": \"2024.01.01 ~ 2024.03.31\",\n    \"project_manager\": \"젠\",\n    \"core_objectives\": [\n        \"목표 1: 기능적 디자인을 통해 사용자 요구 사항을 충족하는 리모컨 설계\",\n        \"목표 2: 개념 설계 단계에서 트렌드를 반영한 혁신적 아이디어 도출\",\n        \"목표 3: 생산 비용을 12.5유로 이하로 유지하여 25유로에 판매 가능하도록 설계\"\n    ],\n    \"core_idea\": \"전자제품에 패션을 더하여 세련되고 스타일리시하면서도 기능적인 리모컨을 개발\",\n    \"idea_description\": \"리모컨의 인터페이스를 간소화하여 사용자가 직관적으로 조작할 수 있도록 하며, 트렌디한 디자인 요소를 접목하여 시장에서 차별화된 제품을 제공\",\n    \"execution_plan\": \"1단계: 기능적 디자인 및 사용자 요구 사항 분석 (2024.01.01 ~ 2024.01.31)\\n2단계: 개념 설계 및 트렌드 분석 (2024.02.01 ~ 2024.02.28)\\n3단계: 상세 설계 및 제품 평가 (2024.03.01 ~ 2024.03.31)\",\n    \"expected_effects\": [\n        \"기대효과 1: 사용자 친화적 디자인을 통해 고객 만족도 향상\",\n        \"기대효과 2: 트렌디한 디자인으로 젊은 층의 관심 유도 및 시장 점유율 확대\",\n        \"기대효과 3: 비용 효율적 생산을 통해 높은 이익률 달성\"\n    ]\n}\n```",
  "prd_output": "```json\n{\n    \"overview\": \"파싱된 프로젝트는 회의 내용을 기반으로 프로젝트를 생성하고 관리하는 시스템입니다. 이 프로젝트는 회의에서 논의된 내용을 효과적으로 파악하고 이를 기반으로 프로젝트를 자동으로 생성하여 관리의 효율성을 높이는 것을 목표로 합니다. 타겟 사용자는 기업의 프로젝트 관리자 및 팀원들로, 회의 내용을 통해 즉각적인 프로젝트 생성 및 관리를 원하는 사용자들입니다. 이 시스템은 회의 후 프로젝트 관리의 번거로움을 줄이고, 실시간으로 프로젝트 진행 상황을 파악할 수 있는 가치를 제공합니다.\",\n    \"core_features\": \"1. 회의 내용 파싱: 회의 중 기록된 내용을 자동으로 분석하여 프로젝트의 주요 요소를 추출합니다. 2. 자동 프로젝트 생성: 파싱된 데이터를 기반으로 프로젝트를 자동으로 생성하고, 관련된 태스크 및 마일스톤을 설정합니다. 3. 실시간 업데이트: 프로젝트 진행 상황을 실시간으로 업데이트하고, 관련된 이해관계자에게 알림을 제공합니다. 4. 협업 도구 통합: 기존의 협업 도구와 통합하여 프로젝트 관리의 효율성을 높입니다.\",\n    \"user_experience\": \"사용자는 회의가 끝난 후 시스템에 회의 내용을 업로드하면 자동으로 프로젝트가 생성됩니다. 페르소나는 프로젝트 관리자와 팀원으로, 이들은 각자의 역할에 맞게 프로젝트를 관리하고 업데이트할 수 있습니다. 주요 플로우는 회의 내용 업로드, 프로젝트 생성, 태스크 관리, 진행 상황 모니터링입니다. UI/UX는 직관적이고 사용하기 쉬운 인터페이스를 제공하여 사용자가 쉽게 적응할 수 있도록 설계됩니다.\",\n    \"technical_architecture\": \"시스템은 클라우드 기반으로 구성되며, 데이터 모델은 회의 내용, 프로젝트, 태스크, 사용자 정보를 포함합니다. API는 회의 내용 파싱, 프로젝트 생성, 업데이트 기능을 제공합니다. 인프라 요구사항으로는 안정적인 클라우드 서비스와 데이터 보안이 포함됩니다.\",\n    \"development_roadmap\": \"MVP 요구사항은 회의 내용 파싱 및 프로젝트 자동 생성 기능입니다. 향후 개선사항으로는 다양한 회의 형식 지원, 고급 데이터 분석 기능 추가, 협업 도구와의 심화 통합이 포함됩니다. 단계별 개발 범위는 초기 MVP 개발, 사용자 피드백 수집, 기능 개선 및 확장입니다.\",\n    \"logical_dependency_chain\": \"개발 순서는 회의 내용 파싱 기능 개발, 프로젝트 생성 기능 개발, 실시간 업데이트 기능 개발 순으로 진행됩니다. 기초 기능 우선순위는 파싱 및 생성 기능이며, 점진적으로 협업 도구 통합 및 고급 분석 기능을 추가합니다.\",\n    \"risks_and_mitigations\": \"기술적 도전으로는 다양한 회의 형식 지원 및 정확한 파싱 알고리즘 개발이 있습니다. MVP 정의는 핵심 기능인 회의 내용 파싱 및 프로젝트 생성에 집중합니다. 자원 제약사항으로는 개발 인력 및 시간 제한이 있으며, 이를 위해 우선순위를 명확히 하고 단계별로 개발을 진행합니다.\",\n    \"appendix\": \"추가 정보로는 회의 내용 파싱 알고리즘 연구 결과, 기술 사양서, 경쟁 제품 분석 자료가 포함됩니다.\"\n}\n```",
  "quality_metrics": {
    "final_score": 6.0,
    "is_production_ready": true,
    "iterations_used": 1,
    "is_high_quality": false
  },
  "metadata": {
    "source_file": "../batch_triplet_results\\result_ES2006a\\05_final_result.json",
    "utterance_count": 127,
    "transcript_length": 4650,
    "speakers": [
      "Speaker_A",
      "Speaker_B",
      "Speaker_D",
      "Speaker_C"
    ],
    "dataset_type": "train",
    "processing_date": "2025-07-31T16:07:50.232176"
  }
}