{
  "id": "train_243",
  "source_dir": "result_Bed016_processed",
  "notion_output": "```json\n{\n    \"project_name\": \"관광 분야의 현대적 형식주의 및 환유적 접근법 연구 및 적용 프로젝트\",\n    \"project_purpose\": \"현대적 형식주의와 환유적 접근법을 관광 분야에 적용하여 관광객에게 새로운 경험을 제공하고, 관광 산업의 경쟁력을 강화하는 것\",\n    \"project_period\": \"2025.01.01 ~ 2025.03.31\",\n    \"project_manager\": \"Speaker_I\",\n    \"core_objectives\": [\n        \"목표 1: 현대적 형식주의와 환유적 접근법의 이론적 기반 연구 및 적용 가능성 분석\",\n        \"목표 2: 관광객의 만족도를 높이기 위한 체계적 피드백 시스템 구축 및 운영\",\n        \"목표 3: 현대적 형식주의와 환유적 접근법을 적용한 관광 프로그램의 경제적 효과 분석\"\n    ],\n    \"core_idea\": \"현대적 형식주의와 환유적 접근법을 관광 분야에 적용하여 새로운 경험을 제공\",\n    \"idea_description\": \"관광객의 만족도를 높이기 위해 현대적 형식주의와 환유적 접근법을 적용한 프로그램을 개발하고, 이를 통해 관광 산업의 경쟁력을 강화\",\n    \"execution_plan\": [\n        \"1단계: 현대적 형식주의와 환유적 접근법의 이론적 연구 및 적용 가능성 분석 (2025.01.01 ~ 2025.01.31)\",\n        \"2단계: 현대적 형식주의와 환유적 접근법을 적용한 관광 프로그램 개발 (2025.02.01 ~ 2025.02.28)\",\n        \"3단계: 프로그램 시범 운영 및 피드백 수집 (2025.03.01 ~ 2025.03.15)\",\n        \"4단계: 피드백을 반영한 프로그램 개선 및 최종 보고서 작성 (2025.03.16 ~ 2025.03.31)\"\n    ],\n    \"expected_effects\": [\n        \"기대효과 1: 관광객의 만족도 증가로 인한 재방문율 상승\",\n        \"기대효과 2: 현대적 형식주의와 환유적 접근법 적용으로 인한 관광 프로그램의 차별화 및 경쟁력 강화\",\n        \"기대효과 3: 관광 산업의 경제적 효과 증대 및 지역 경제 활성화\"\n    ],\n    \"additional_notes\": [\n        \"회의에서 현대적 형식주의와 환유적 접근법이 관광 분야에 어떻게 적용될 수 있는지에 대한 논의가 있었으며, 이와 관련된 다양한 사례와 전략이 제시됨\",\n        \"프로젝트의 실행 계획은 회의에서 논의된 내용을 기반으로 구체화되었으며, 각 단계에서의 목표와 방법이 명확히 정의됨\",\n        \"프로젝트의 구체적인 담당자는 Speaker_I로 지정되었으며, 회의에서의 역할과 책임이 명확히 설명됨\",\n        \"회의록에서 Wolfgang Wahlster와의 만남 및 관련 논의가 있었으며, 이는 프로젝트의 이론적 기반 연구에 반영될 예정임\"\n    ]\n}\n```",
  "prd_output": "```json\n{\n    \"overview\": \"파싱된 프로젝트는 회의 내용을 기반으로 하여 프로젝트를 관리하고 추적할 수 있는 솔루션을 제공합니다. 이 프로젝트는 회의에서 논의된 사항을 자동으로 파싱하여 프로젝트로 변환함으로써, 사용자가 회의 내용을 효율적으로 관리할 수 있도록 돕습니다. 타겟 사용자는 프로젝트 관리자, 팀 리더, 그리고 회의에서 중요한 결정을 내리는 모든 사람들입니다. 이 솔루션은 회의에서 논의된 내용을 놓치지 않고 체계적으로 관리할 수 있는 가치를 제공합니다.\",\n    \"core_features\": \"1. 회의 내용 자동 파싱: 회의에서 논의된 내용을 실시간으로 파싱하여 프로젝트로 변환합니다. 2. 프로젝트 생성 및 관리: 파싱된 내용을 기반으로 프로젝트를 자동 생성하고 관리할 수 있습니다. 3. 알림 및 리마인더: 중요한 마일스톤이나 일정에 대한 알림을 제공합니다. 4. 협업 도구 통합: 다양한 협업 도구와의 통합을 통해 효율적인 팀워크를 지원합니다.\",\n    \"user_experience\": \"사용자는 회의가 끝난 후 자동으로 생성된 프로젝트를 확인하고, 필요한 경우 수동으로 수정할 수 있습니다. 페르소나는 프로젝트 관리자와 팀 리더로 설정되며, 주요 플로우는 회의 내용 입력 -> 자동 파싱 -> 프로젝트 생성 -> 관리 및 추적입니다. UI/UX는 직관적이고 사용하기 쉬운 인터페이스를 제공합니다.\",\n    \"technical_architecture\": \"시스템은 클라우드 기반으로 구축되며, 주요 구성 요소로는 데이터 파싱 모듈, 프로젝트 관리 모듈, 알림 시스템 등이 포함됩니다. 데이터 모델은 회의 내용, 프로젝트 정보, 사용자 정보 등을 포함하며, API는 외부 협업 도구와의 통합을 지원합니다. 인프라 요구사항은 안정적인 클라우드 서비스와 데이터 보안입니다.\",\n    \"development_roadmap\": \"MVP 요구사항은 회의 내용 파싱 및 프로젝트 생성 기능입니다. 향후 개선사항으로는 AI 기반의 파싱 정확도 향상, 다양한 협업 도구와의 추가 통합 등이 포함됩니다. 단계별 개발 범위는 초기 MVP 개발, 사용자 피드백 수집, 기능 개선 및 확장입니다.\",\n    \"logical_dependency_chain\": \"개발 순서는 회의 내용 파싱 기능 개발 -> 프로젝트 생성 기능 개발 -> 알림 시스템 개발 -> 협업 도구 통합입니다. 기초 기능은 파싱과 프로젝트 생성이며, 점진적으로 알림 및 통합 기능을 추가합니다.\",\n    \"risks_and_mitigations\": \"기술적 도전은 파싱 정확도와 데이터 보안입니다. MVP 정의는 핵심 기능의 안정적인 구현이며, 자원 제약사항으로는 개발 인력과 시간입니다. 이를 완화하기 위해 초기 MVP에 집중하고, 사용자 피드백을 통해 개선점을 파악합니다.\",\n    \"appendix\": \"추가 정보로는 시장 조사 결과, 유사 제품 분석, 기술 사양 등이 포함됩니다. 연구 결과는 사용자의 필요와 시장의 요구를 반영하며, 기술 사양은 시스템의 안정성과 확장성을 고려합니다.\"\n}\n```",
  "quality_metrics": {
    "final_score": 6.0,
    "is_production_ready": true,
    "iterations_used": 3,
    "is_high_quality": false
  },
  "metadata": {
    "source_file": "../batch_triplet_results\\result_Bed016_processed\\05_final_result.json",
    "utterance_count": 505,
    "transcript_length": 16079,
    "speakers": [
      "Speaker_F",
      "Speaker_A",
      "Speaker_J",
      "Speaker_H",
      "Speaker_G",
      "Speaker_B",
      "Speaker_E",
      "Speaker_I",
      "Speaker_D",
      "Speaker_C"
    ],
    "dataset_type": "train",
    "processing_date": "2025-07-31T15:35:16.675165"
  }
}