{
  "id": "train_244",
  "source_dir": "result_TS3005b",
  "notion_output": "```json\n{\n    \"project_name\": \"차세대 LCD 리모컨 개발 프로젝트: 젊은 세대와 노년층을 위한 혁신\",\n    \"project_purpose\": \"40세 미만의 고객을 대상으로 직관적이고 사용하기 쉬운 LCD 리모컨을 개발하여 새로운 시장에 진출하고, 노년층의 사용 편의성도 동시에 고려\",\n    \"project_period\": \"2025.01.01 ~ 2025.03.31\",\n    \"project_manager\": \"Speaker_A\",\n    \"core_objectives\": [\n        \"목표 1: 40세 미만 고객을 위한 사용자 친화적인 LCD 리모컨 개발\",\n        \"목표 2: 리모컨의 디자인을 개선하여 젊은 세대의 선호도 증가\",\n        \"목표 3: 리모컨의 기능을 단순화하여 사용 편의성 향상\",\n        \"목표 4: 노년층도 쉽게 사용할 수 있는 기능 제공\",\n        \"목표 5: 리모컨의 내구성과 배터리 효율성 강화\"\n    ],\n    \"core_idea\": \"LCD 화면을 활용한 직관적이고 사용하기 쉬운 리모컨 개발\",\n    \"idea_description\": \"LCD 화면을 통해 버튼의 수를 줄이고, 필요한 기능만을 표시하여 사용자가 쉽게 조작할 수 있도록 설계. 젊은 세대의 기술적 이해도를 고려하여 직관적인 인터페이스 제공. 노년층도 고려하여 사용하기 쉬운 버튼과 디자인 제공.\",\n    \"execution_plan\": [\n        \"1단계: 시장 조사 및 요구사항 분석 (2025.01.01 ~ 2025.01.15)\",\n        \"   - 젊은 세대와 노년층의 리모컨 사용 패턴 조사\",\n        \"   - LCD 화면과 관련된 사용자 피드백 수집\",\n        \"   - 기술적 세부사항에 대한 요구사항 정의\",\n        \"2단계: 디자인 및 프로토타입 개발 (2025.01.16 ~ 2025.02.15)\",\n        \"   - 다양한 디자인 시안 개발 및 내부 평가\",\n        \"   - LCD 화면의 직관적 인터페이스 설계\",\n        \"   - 내구성이 높은 소재와 배터리 효율성 고려\",\n        \"3단계: 사용자 테스트 및 피드백 수집 (2025.02.16 ~ 2025.03.01)\",\n        \"   - 젊은 세대와 노년층을 대상으로 한 사용자 테스트 진행\",\n        \"   - 피드백을 바탕으로 디자인 및 기능 개선\",\n        \"4단계: 최종 제품 개발 및 출시 준비 (2025.03.02 ~ 2025.03.31)\",\n        \"   - 최종 디자인 확정 및 대량 생산 준비\",\n        \"   - 마케팅 전략 수립 및 실행\"\n    ],\n    \"expected_effects\": [\n        \"기대효과 1: 젊은 세대의 구매 증가로 인한 매출 증대\",\n        \"기대효과 2: 사용 편의성 향상으로 인한 고객 만족도 증가\",\n        \"기대효과 3: 새로운 시장 진출로 인한 브랜드 인지도 향상\",\n        \"기대효과 4: 노년층의 사용 편의성 증가로 인한 추가 매출\"\n    ],\n    \"technical_details\": [\n        \"기술적 세부사항 1: LCD 화면을 통해 버튼의 수를 줄이고, 직관적 인터페이스 제공\",\n        \"기술적 세부사항 2: 적외선 신호를 감지하는 센서 탑재\",\n        \"기술적 세부사항 3: 고무 버튼 대신 내구성이 높은 소재 사용\",\n        \"기술적 세부사항 4: 배터리 효율성을 고려한 전력 사용 최적화\",\n        \"기술적 세부사항 5: 젊은 세대의 피드백을 반영한 기능 개선\"\n    ],\n    \"marketing_strategy\": [\n        \"마케팅 전략 1: 젊은 세대를 대상으로 한 소셜 미디어 캠페인\",\n        \"마케팅 전략 2: 노년층을 위한 사용 설명회 및 체험 이벤트\",\n        \"마케팅 전략 3: 브랜드 인지도를 높이기 위한 협력 마케팅\",\n        \"마케팅 전략 4: 다양한 색상과 디자인 옵션 제공으로 소비자 선택 폭 확대\"\n    ]\n}\n```",
  "prd_output": "```json\n{\n    \"overview\": \"파싱된 프로젝트는 회의 내용을 기반으로 프로젝트를 관리하는 시스템입니다. 이 프로젝트는 회의에서 논의된 내용을 체계적으로 정리하고 이를 바탕으로 프로젝트를 생성 및 관리하는 문제를 해결합니다. 타겟 사용자는 회의를 자주 진행하는 팀이나 조직으로, 회의 후 후속 조치를 효율적으로 관리하고자 하는 사용자들입니다. 이 프로젝트는 회의 내용을 자동으로 파싱하여 프로젝트로 변환함으로써 사용자에게 시간 절약과 효율적인 관리라는 가치를 제공합니다.\",\n    \"core_features\": \"1. 회의 내용 파싱: 회의 내용을 자동으로 분석하여 프로젝트로 변환합니다. 2. 프로젝트 생성 및 관리: 파싱된 내용을 기반으로 프로젝트를 생성하고, 이를 관리할 수 있는 기능을 제공합니다. 3. 알림 및 추적: 프로젝트 진행 상황을 추적하고 사용자에게 알림을 제공합니다. 각 기능은 사용자 편의성을 높이고 프로젝트 관리의 효율성을 극대화하는 데 중점을 둡니다.\",\n    \"user_experience\": \"사용자는 회의가 끝난 후 시스템에 회의 내용을 업로드합니다. 시스템은 이를 자동으로 파싱하여 프로젝트를 생성합니다. 주요 사용자 페르소나는 프로젝트 매니저와 팀 리더로 설정되며, 이들은 직관적인 UI를 통해 프로젝트를 쉽게 관리할 수 있습니다. UI/UX는 간결하고 사용자가 쉽게 이해할 수 있도록 설계됩니다.\",\n    \"technical_architecture\": \"시스템은 클라우드 기반으로 구축되며, 주요 구성 요소로는 데이터 파싱 모듈, 프로젝트 관리 모듈, 알림 모듈이 포함됩니다. 데이터 모델은 회의 내용, 프로젝트 정보, 사용자 데이터를 포함하며, API는 외부 시스템과의 통합을 지원합니다. 인프라는 AWS를 기반으로 하여 확장성과 안정성을 보장합니다.\",\n    \"development_roadmap\": \"MVP 단계에서는 회의 내용 파싱 및 기본 프로젝트 생성 기능을 구현합니다. 이후 단계에서는 고급 관리 기능과 사용자 맞춤형 알림 기능을 추가할 계획입니다. 각 단계는 사용자 피드백을 반영하여 점진적으로 개선됩니다.\",\n    \"logical_dependency_chain\": \"1. 데이터 파싱 모듈 개발 2. 프로젝트 생성 기능 구현 3. 알림 시스템 구축 4. UI/UX 개선 5. 고급 관리 기능 추가. 기초 기능을 우선 개발하여 점진적으로 기능을 확장합니다.\",\n    \"risks_and_mitigations\": \"기술적 도전으로는 자연어 처리의 정확도가 있으며, 이를 위해 최신 NLP 기술을 도입합니다. MVP는 핵심 기능에 집중하여 자원 제약을 최소화합니다. 자원 제약사항은 클라우드 인프라 비용과 개발 인력으로, 이를 효율적으로 관리합니다.\",\n    \"appendix\": \"추가 정보로는 회의 내용 파싱을 위한 NLP 연구 결과와 기술 사양이 포함됩니다. 이를 통해 프로젝트의 기술적 기반을 강화합니다.\"\n}\n```",
  "quality_metrics": {
    "final_score": 6.0,
    "is_production_ready": true,
    "iterations_used": 3,
    "is_high_quality": false
  },
  "metadata": {
    "source_file": "../batch_triplet_results\\result_TS3005b\\05_final_result.json",
    "utterance_count": 403,
    "transcript_length": 13900,
    "speakers": [
      "Speaker_A",
      "Speaker_B",
      "Speaker_D",
      "Speaker_C"
    ],
    "dataset_type": "train",
    "processing_date": "2025-07-31T15:36:36.454975"
  }
}