{
  "id": "train_180",
  "source_dir": "result_제22대국회 제418회(정기회) 제12차 과학기술정보방송통신위원회(전체회의) (2024.11.05.)",
  "notion_output": "```json\n{\n    \"project_name\": \"한국방송공사 사장후보자 인사청문회 프로젝트\",\n    \"project_purpose\": \"한국방송공사 사장후보자의 자질과 능력을 검증하여 공영방송의 독립성과 중립성을 확보\",\n    \"project_period\": \"2023.11.18 ~ 2023.11.19\",\n    \"project_manager\": \"위원장 최민희\",\n    \"core_objectives\": [\n        \"목표 1: 후보자의 업무수행능력과 도덕성을 철저히 검증\",\n        \"목표 2: 공영방송의 역할과 책임에 대한 후보자의 이해도 평가\",\n        \"목표 3: 청문회를 통해 국민의 알 권리를 충족하고 투명성을 제고\"\n    ],\n    \"core_idea\": \"인사청문회를 통해 후보자의 자질을 검증하고 공영방송의 책임성을 강화\",\n    \"idea_description\": \"청문회를 통해 후보자의 자질을 검증함으로써 공영방송의 독립성과 중립성을 확보하고, 국민의 신뢰를 회복\",\n    \"execution_plan\": \"1. 11월 13일까지 서면질의서 제출\\n2. 11월 17일까지 구두질의 요지서 제출\\n3. 11월 18일: 후보자에 대한 집중 질의 및 답변\\n4. 11월 19일: 증인 및 참고인 출석을 통한 추가 검증\",\n    \"expected_effects\": [\n        \"기대효과 1: 후보자의 자질과 능력에 대한 철저한 검증을 통해 공영방송의 신뢰성 강화\",\n        \"기대효과 2: 청문회 과정을 통해 국민의 알 권리 충족 및 투명성 제고\",\n        \"기대효과 3: 공영방송의 독립성과 중립성 확보로 인한 사회적 신뢰 회복\"\n    ]\n}\n```",
  "prd_output": "```json\n{\n    \"overview\": \"파싱된 프로젝트는 회의 내용을 기반으로 프로젝트를 관리하는 시스템입니다. 이 프로젝트는 회의에서 논의된 내용을 자동으로 파싱하여 프로젝트 관리에 필요한 정보를 추출하고, 이를 통해 프로젝트의 진행 상황을 효율적으로 관리할 수 있도록 합니다. 타겟 사용자는 프로젝트 매니저, 팀 리더, 그리고 회의에 참여하는 모든 팀원들입니다. 이 시스템은 회의 내용을 자동으로 정리하여 프로젝트 관리의 효율성을 높이고, 팀원 간의 의사소통을 원활하게 하는 가치를 제공합니다.\",\n    \"core_features\": \"1. 회의 내용 파싱 기능: 회의에서 논의된 내용을 자동으로 텍스트로 변환하고, 이를 분석하여 프로젝트 관리에 필요한 정보를 추출합니다. 2. 프로젝트 진행 상황 대시보드: 파싱된 데이터를 기반으로 프로젝트의 진행 상황을 시각적으로 보여줍니다. 3. 알림 및 리마인더: 중요한 마일스톤이나 작업 기한이 다가올 때 사용자에게 알림을 제공합니다.\",\n    \"user_experience\": \"사용자는 회의가 끝난 후 시스템에 회의 녹음을 업로드합니다. 시스템은 이를 자동으로 텍스트로 변환하고, 중요한 정보를 추출하여 프로젝트 관리 대시보드에 반영합니다. 주요 페르소나는 프로젝트 매니저와 팀 리더로, 이들은 대시보드를 통해 프로젝트의 전반적인 진행 상황을 확인하고, 팀원들에게 필요한 조치를 지시할 수 있습니다. UI/UX는 직관적이고 사용하기 쉬운 인터페이스를 제공하여 사용자가 쉽게 정보를 확인하고 조작할 수 있도록 설계됩니다.\",\n    \"technical_architecture\": \"시스템은 음성 인식 API를 사용하여 회의 녹음을 텍스트로 변환합니다. 변환된 텍스트는 자연어 처리(NLP) 알고리즘을 통해 분석되어 프로젝트 관리에 필요한 정보로 구조화됩니다. 데이터는 클라우드 기반의 데이터베이스에 저장되며, 대시보드는 웹 애플리케이션으로 구현되어 사용자에게 제공됩니다. 인프라는 확장성을 고려하여 클라우드 플랫폼을 기반으로 설계됩니다.\",\n    \"development_roadmap\": \"MVP는 회의 녹음의 텍스트 변환 및 기본적인 정보 추출 기능을 포함합니다. 이후 단계에서는 고급 NLP 기능을 추가하여 더 정교한 정보 추출을 지원하고, 사용자 맞춤형 대시보드 기능을 개발할 예정입니다. 단계별로 기능을 확장하여 최종적으로는 완전한 프로젝트 관리 솔루션을 제공합니다.\",\n    \"logical_dependency_chain\": \"개발은 음성 인식 및 텍스트 변환 기능을 먼저 구현하고, 이후 NLP 알고리즘을 개발합니다. 기본적인 데이터베이스 구조를 설계한 후, 대시보드 웹 애플리케이션을 구축합니다. 각 단계는 이전 단계의 결과물을 기반으로 하여 점진적으로 발전시킵니다.\",\n    \"risks_and_mitigations\": \"기술적 도전은 음성 인식의 정확도와 NLP 알고리즘의 성능입니다. 이를 위해 최신 기술을 연구하고, 다양한 테스트를 통해 정확도를 높이는 방안을 모색합니다. MVP는 기본적인 기능에 집중하여 빠르게 시장에 출시하고, 사용자 피드백을 통해 개선점을 반영합니다. 자원 제약사항은 클라우드 비용과 개발 인력으로, 초기에는 최소한의 인프라로 시작하여 점진적으로 확장합니다.\",\n    \"appendix\": \"추가 정보로는 음성 인식 및 NLP 관련 최신 연구 결과와 기술 사양이 포함됩니다. 또한, 사용자 인터뷰 및 설문조사를 통해 수집한 요구사항 분석 결과도 제공합니다.\"\n}\n```",
  "quality_metrics": {
    "final_score": 6.0,
    "is_production_ready": true,
    "iterations_used": 1,
    "is_high_quality": false
  },
  "metadata": {
    "source_file": "../batch_triplet_results\\result_제22대국회 제418회(정기회) 제12차 과학기술정보방송통신위원회(전체회의) (2024.11.05.)\\05_final_result.json",
    "utterance_count": 272,
    "transcript_length": 14130,
    "speakers": [
      "김현 위원",
      "노종면 위원",
      "이정헌 위원",
      "한민수 위원",
      "최형두 위원",
      "박정훈 위원",
      "이상휘 위원",
      "이해민 위원",
      "위원장 최민희",
      "신성범 위원",
      "수석전문위원 김건오"
    ],
    "dataset_type": "train",
    "processing_date": "2025-07-31T14:28:57.054712"
  }
}