{
  "id": "train_216",
  "source_dir": "result_TS3011a",
  "notion_output": "```json\n{\n    \"project_name\": \"스마트 리모컨 개발 프로젝트\",\n    \"project_purpose\": \"사용자 친화적인 스마트 리모컨 개발을 통해 글로벌 시장에서의 경쟁력 강화\",\n    \"project_period\": \"2024.01.01 ~ 2024.06.30\",\n    \"project_manager\": \"Speaker_A\",\n    \"core_objectives\": [\n        \"목표 1: 사용자 편의성을 고려한 리모컨 기능 설계\",\n        \"목표 2: 비용 효율적인 생산 및 배터리 수명 최적화\",\n        \"목표 3: 글로벌 시장 진출을 위한 다국어 지원 및 디자인\"\n    ],\n    \"core_idea\": \"스마트 리모컨의 혁신적 설계 및 글로벌 시장 진출\",\n    \"idea_description\": \"리모컨의 기능 설계, 개념 설계, 세부 설계를 통해 사용자 경험을 극대화하고, 비용 효율성을 고려한 제품을 개발하여 글로벌 시장에 진출\",\n    \"execution_plan\": \"1단계: 기능 설계 (2024.01.01 ~ 2024.02.15) - 사용자 요구사항 분석 및 기능 정의\\n2단계: 개념 설계 (2024.02.16 ~ 2024.03.31) - 디자인 및 프로토타입 제작\\n3단계: 세부 설계 (2024.04.01 ~ 2024.05.15) - 기술적 구현 및 테스트\\n4단계: 시장 출시 준비 (2024.05.16 ~ 2024.06.30) - 마케팅 전략 수립 및 제품 출시\",\n    \"expected_effects\": [\n        \"기대효과 1: 사용자 편의성 증대 및 고객 만족도 향상\",\n        \"기대효과 2: 비용 절감 및 수익 증대 (예상 수익 5천만 유로)\",\n        \"기대효과 3: 글로벌 시장에서의 브랜드 인지도 향상\"\n    ]\n}\n```",
  "prd_output": "```json\n{\n    \"overview\": \"파싱된 프로젝트는 회의 내용을 기반으로 한 프로젝트로, 사용자가 회의에서 논의된 내용을 효율적으로 관리하고 활용할 수 있도록 지원합니다. 이 프로젝트는 회의 기록을 자동으로 파싱하여 중요한 정보를 추출하고, 이를 기반으로 프로젝트 관리에 필요한 데이터를 제공합니다. 타겟 사용자는 회의를 자주 진행하는 팀이나 조직으로, 회의 후속 조치를 체계적으로 관리하고자 하는 사용자들입니다. 이 프로젝트는 회의 후속 조치의 효율성을 높이고, 회의 내용의 가시성을 향상시킵니다.\",\n    \"core_features\": \"1. 회의 내용 자동 파싱: 회의 기록을 자동으로 분석하여 주요 의사결정, 할 일, 책임자 등을 추출합니다.\\n2. 프로젝트 관리 통합: 파싱된 데이터를 프로젝트 관리 도구와 연동하여 후속 조치를 자동으로 생성하고 관리합니다.\\n3. 알림 및 리마인더: 중요한 마감일이나 할 일에 대해 사용자에게 알림을 제공합니다.\",\n    \"user_experience\": \"사용자는 회의가 끝난 후 기록을 업로드하면, 시스템이 자동으로 파싱하여 중요한 정보를 추출합니다. 주요 페르소나는 프로젝트 매니저와 팀 리더로, 이들은 회의 후속 조치를 빠르게 파악하고 팀원들에게 할 일을 할당할 수 있습니다. UI/UX는 직관적이고 사용하기 쉽게 설계되어, 최소한의 클릭으로 필요한 정보를 얻을 수 있도록 합니다.\",\n    \"technical_architecture\": \"시스템은 클라우드 기반으로 설계되며, 주요 구성요소는 데이터 파싱 모듈, 프로젝트 관리 통합 모듈, 알림 시스템입니다. 데이터 모델은 회의 기록, 할 일, 책임자 등의 엔티티로 구성되며, RESTful API를 통해 외부 시스템과 연동됩니다. 인프라는 AWS를 기반으로 하여 확장성과 안정성을 보장합니다.\",\n    \"development_roadmap\": \"MVP는 회의 내용 파싱 및 기본적인 프로젝트 관리 통합 기능을 포함합니다. 이후 단계에서는 고급 분석 기능, 다양한 프로젝트 관리 도구와의 연동, 사용자 맞춤형 알림 기능을 추가할 예정입니다.\",\n    \"logical_dependency_chain\": \"개발은 회의 내용 파싱 기능을 먼저 구현한 후, 프로젝트 관리 통합 기능을 개발합니다. 이후 알림 시스템을 구축하고, 최종적으로 다양한 도구와의 연동을 진행합니다.\",\n    \"risks_and_mitigations\": \"기술적 도전은 자연어 처리의 정확도와 다양한 회의 형식 지원입니다. MVP는 기본적인 파싱 정확도를 목표로 하며, 자원 제약사항은 클라우드 비용과 데이터 처리 속도입니다. 이를 위해 초기에는 소규모 파일을 대상으로 테스트를 진행합니다.\",\n    \"appendix\": \"추가 정보로는 자연어 처리 기술에 대한 연구 결과와 프로젝트 관리 도구 API 사양이 포함됩니다.\"\n}\n```",
  "quality_metrics": {
    "final_score": 6.0,
    "is_production_ready": true,
    "iterations_used": 1,
    "is_high_quality": false
  },
  "metadata": {
    "source_file": "../batch_triplet_results\\result_TS3011a\\05_final_result.json",
    "utterance_count": 126,
    "transcript_length": 4367,
    "speakers": [
      "Speaker_A",
      "Speaker_B",
      "Speaker_D",
      "Speaker_C"
    ],
    "dataset_type": "train",
    "processing_date": "2025-07-31T15:08:44.894036"
  }
}