{
  "id": "train_152",
  "source_dir": "result_Bed005_processed",
  "notion_output": "```json\n{\n    \"project_name\": \"JavaBayes 시스템 기술적 개선 및 사용자 맞춤형 도구 개발 프로젝트\",\n    \"project_purpose\": \"JavaBayes 시스템의 데이터 처리 및 분석 기능을 기술적으로 개선하고, 사용자 맞춤형 도구를 개발하여 사용자 경험을 극대화하는 것\",\n    \"project_period\": \"2024.01.01 ~ 2024.06.30\",\n    \"project_manager\": \"Speaker_C\",\n    \"core_objectives\": [\n        \"목표 1: JavaBayes 시스템의 데이터 파서 기능 및 XML 구조 변환 최적화\",\n        \"목표 2: 사용자 요구에 기반한 커스터마이즈 가능한 데이터 분석 도구 개발\",\n        \"목표 3: 시스템의 기술적 안정성과 유지보수 용이성 향상\"\n    ],\n    \"core_idea\": \"JavaBayes 시스템의 기술적 개선과 사용자 맞춤형 도구 개발을 통해 데이터 처리의 효율성을 높이고, 다양한 비즈니스 요구를 충족시킴\",\n    \"idea_description\": \"JavaBayes의 데이터 파서 및 XML 구조 변환 기능을 최적화하여 데이터 처리 속도와 정확성을 높인다. 또한, 사용자 요구에 맞춘 커스터마이즈 가능한 분석 도구를 개발하여 사용자 경험을 개선한다. 이를 통해 시스템의 유지보수 용이성을 높이고, 기술적 안정성을 강화한다.\",\n    \"execution_plan\": \"1단계: JavaBayes 시스템의 현재 상태 분석 및 기술적 개선점 도출 (2024.01.01 ~ 2024.02.28)\\n2단계: 데이터 파서 및 XML 구조 변환 기능 최적화 (2024.03.01 ~ 2024.04.15)\\n3단계: 사용자 요구 분석 및 맞춤형 도구 개발 (2024.04.16 ~ 2024.05.31)\\n4단계: 시스템 통합, 테스트 및 사용자 피드백 반영 (2024.06.01 ~ 2024.06.30)\",\n    \"expected_effects\": [\n        \"기대효과 1: 데이터 처리 속도 25% 향상\",\n        \"기대효과 2: 사용자 만족도 35% 증가\",\n        \"기대효과 3: 시스템 유지보수 비용 20% 절감\"\n    ],\n    \"technical_details\": [\n        \"JavaBayes의 데이터 파서 기능을 개선하여 XML 구조 변환의 정확성을 높임\",\n        \"XML 구조 생성 시 발생하는 오류를 최소화하기 위한 새로운 알고리즘 적용\",\n        \"사용자 요구 분석을 통해 맞춤형 데이터 분석 도구의 기능적 요구사항 정의\",\n        \"JavaBayes의 기존 기능을 기반으로 새로운 사용자 인터페이스 설계\"\n    ],\n    \"meeting_insights\": [\n        \"XML 구조 변환의 구체적인 기술적 문제점과 해결 방안 논의\",\n        \"JavaBayes의 결합 함수 및 데이터 처리 로직에 대한 개선 필요성 확인\",\n        \"사용자 맞춤형 도구 개발을 위한 구체적인 요구사항 수집 및 분석\"\n    ]\n}\n```",
  "prd_output": "```json\n{\n    \"overview\": \"파싱된 프로젝트는 회의 내용을 기반으로 한 프로젝트로, 회의에서 논의된 사항들을 체계적으로 정리하고 관리할 수 있는 솔루션을 제공합니다. 주로 기업 내 회의 참석자와 프로젝트 관리자들이 타겟 사용자이며, 이 솔루션은 회의 후속 작업의 효율성을 높이고 정보 손실을 최소화하는 가치를 제안합니다.\",\n    \"core_features\": \"1. 회의 내용 자동 파싱: 회의 중 기록된 내용을 자동으로 파싱하여 주요 항목을 추출합니다. 2. 프로젝트 생성 및 관리: 파싱된 내용을 기반으로 프로젝트를 생성하고, 관련 작업을 관리할 수 있습니다. 3. 알림 및 리마인더: 프로젝트 진행 상황에 따라 알림과 리마인더를 설정할 수 있습니다.\",\n    \"user_experience\": \"사용자는 회의 후 간단한 인터페이스를 통해 회의 내용을 업로드하고, 자동으로 생성된 프로젝트를 확인할 수 있습니다. 주요 사용자 페르소나는 프로젝트 관리자와 팀 리더이며, 직관적인 UI/UX를 통해 빠르게 프로젝트를 관리할 수 있도록 설계되었습니다.\",\n    \"technical_architecture\": \"시스템은 클라우드 기반으로 구축되며, 데이터 모델은 회의 내용, 프로젝트, 작업 항목 간의 관계를 중심으로 설계됩니다. API는 외부 회의 기록 도구와의 통합을 지원하며, 인프라는 확장성을 고려하여 설계됩니다.\",\n    \"development_roadmap\": \"MVP는 회의 내용 파싱 및 기본 프로젝트 생성 기능을 포함합니다. 이후 단계에서는 알림 기능, 외부 도구 통합, 사용자 맞춤형 대시보드 등이 추가될 예정입니다.\",\n    \"logical_dependency_chain\": \"초기에는 회의 내용 파싱 기능이 개발의 우선순위이며, 이후 프로젝트 생성 및 관리 기능이 개발됩니다. 점진적으로 알림 기능과 외부 통합 기능이 추가됩니다.\",\n    \"risks_and_mitigations\": \"기술적 도전으로는 자연어 처리의 정확도가 있으며, 이를 위해 최신 NLP 기술을 활용합니다. MVP 정의는 기본 파싱 및 프로젝트 생성 기능으로 명확히 하며, 자원 제약사항은 클라우드 인프라를 통해 완화합니다.\",\n    \"appendix\": \"추가 정보로는 NLP 기술 연구 결과와 클라우드 인프라 사양이 포함됩니다.\"\n}\n```",
  "quality_metrics": {
    "final_score": 6.0,
    "is_production_ready": true,
    "iterations_used": 2,
    "is_high_quality": false
  },
  "metadata": {
    "source_file": "../batch_triplet_results\\result_Bed005_processed\\05_final_result.json",
    "utterance_count": 512,
    "transcript_length": 17816,
    "speakers": [
      "Speaker_F",
      "Speaker_A",
      "Speaker_B",
      "Speaker_E",
      "Speaker_D",
      "Speaker_C"
    ],
    "dataset_type": "train",
    "processing_date": "2025-07-31T13:54:29.036935"
  }
}