{
  "id": "train_126",
  "source_dir": "result_Bmr018_processed",
  "notion_output": "```json\n{\n    \"project_name\": \"혼합 신호 처리 및 강제 정렬 개선 프로젝트 - IBM 협력 강화\",\n    \"project_purpose\": \"혼합 신호 처리의 정확성을 높이고 강제 정렬 프로세스를 개선하여 음성 인식의 효율성을 증대시키며, IBM과의 협력을 통해 시스템의 견고성을 강화\",\n    \"project_period\": \"2024.01.01 ~ 2024.06.30\",\n    \"project_manager\": \"Speaker_D (회의에서 주도적으로 논의 참여)\",\n    \"core_objectives\": [\n        \"목표 1: 혼합 신호의 정확한 처리 및 분석을 위한 새로운 알고리즘 개발\",\n        \"목표 2: 강제 정렬 프로세스의 효율성 향상 및 구체적인 개선 방법 도출\",\n        \"목표 3: IBM 및 기타 협력사와의 협력을 통해 시스템의 견고성 강화\"\n    ],\n    \"core_idea\": \"혼합 신호의 정확한 처리 및 강제 정렬의 효율성 개선을 통해 음성 인식 시스템의 전반적인 성능을 향상시킴\",\n    \"idea_description\": \"혼합 신호의 처리 정확성을 높이기 위해 새로운 알고리즘을 개발하고, 강제 정렬 프로세스를 개선하여 음성 인식 시스템의 전반적인 성능을 향상시킵니다. 이를 통해 IBM과 같은 협력사와의 협력을 강화하고, 시스템의 견고성을 높입니다.\",\n    \"execution_plan\": [\n        \"1단계 (2024.01.01 ~ 2024.02.28): 기존 혼합 신호 처리 시스템 분석 및 문제점 도출. IBM과의 협력 방안 구체화\",\n        \"2단계 (2024.03.01 ~ 2024.04.30): 새로운 알고리즘 개발 및 테스트. IBM과의 공동 테스트 진행\",\n        \"3단계 (2024.05.01 ~ 2024.06.30): 강제 정렬 프로세스 개선 및 시스템 통합. IBM과의 피드백을 반영하여 최종 조정\"\n    ],\n    \"expected_effects\": [\n        \"기대효과 1: 음성 인식 정확도 향상으로 인한 사용자 만족도 증가\",\n        \"기대효과 2: 강제 정렬 프로세스의 효율성 증가로 인한 처리 시간 단축\",\n        \"기대효과 3: IBM과의 협력 강화 및 시장 경쟁력 확보\"\n    ],\n    \"detailed_technical_discussion\": [\n        \"혼합 신호 처리에서의 오류율 감소를 위한 새로운 알고리즘 제안\",\n        \"강제 정렬 프로세스에서의 시간 단축을 위한 구체적인 방법론 논의\",\n        \"IBM과의 협력에서 얻은 피드백을 바탕으로 한 시스템 개선 방안\"\n    ],\n    \"collaboration_with_ibm\": [\n        \"IBM과의 정기적인 회의 및 피드백 세션 계획\",\n        \"공동 테스트 및 결과 분석을 통한 지속적인 개선\",\n        \"IBM의 기술적 지원을 통한 시스템 견고성 강화\"\n    ]\n}\n```",
  "prd_output": "```json\n{\n    \"overview\": \"파싱된 프로젝트는 회의 내용을 기반으로 프로젝트를 관리하고 조직화하는 도구입니다. 이 프로젝트는 회의에서 논의된 내용을 체계적으로 정리하고, 이를 바탕으로 프로젝트를 생성 및 관리하는 문제를 해결합니다. 타겟 사용자는 회의에서 논의된 내용을 효과적으로 관리하고자 하는 팀과 조직입니다. 이 프로젝트는 회의 내용을 자동으로 파싱하여 프로젝트와 연계함으로써 시간 절약과 효율성을 제공합니다.\",\n    \"core_features\": \"1. 회의 내용 파싱: 음성 또는 텍스트로 입력된 회의 내용을 자동으로 파싱하여 주요 항목을 추출합니다. 2. 프로젝트 생성: 파싱된 내용을 기반으로 자동으로 프로젝트를 생성하고, 관련된 작업 항목을 생성합니다. 3. 일정 관리: 생성된 프로젝트의 일정을 자동으로 관리하고, 팀원들에게 알림을 제공합니다.\",\n    \"user_experience\": \"사용자는 회의 종료 후, 회의 내용을 시스템에 입력합니다. 시스템은 이를 자동으로 파싱하여 프로젝트를 생성합니다. 주요 페르소나는 프로젝트 매니저와 팀 리더로, 이들은 회의 후 즉시 프로젝트를 관리할 수 있습니다. UI/UX는 직관적이고 사용자 친화적으로 설계되어, 최소한의 클릭으로 프로젝트를 생성할 수 있도록 합니다.\",\n    \"technical_architecture\": \"시스템은 클라우드 기반으로 설계되며, 음성 인식 API와 자연어 처리(NLP) 엔진을 사용하여 회의 내용을 파싱합니다. 데이터 모델은 프로젝트, 작업 항목, 일정 등의 엔티티로 구성됩니다. API는 RESTful 방식으로 설계되어 외부 시스템과의 연동이 용이합니다.\",\n    \"development_roadmap\": \"MVP는 회의 내용 파싱 및 프로젝트 생성 기능을 포함합니다. 향후 개선사항으로는 일정 관리 기능과 팀원 알림 기능이 포함됩니다. 단계별 개발 범위는 초기 파싱 기능 개발, 이후 프로젝트 생성 및 관리 기능 개발로 나뉩니다.\",\n    \"logical_dependency_chain\": \"개발 순서는 음성 인식 및 NLP 엔진 통합, 회의 내용 파싱, 프로젝트 생성, 일정 관리 기능 순으로 진행됩니다. 기초 기능은 회의 내용 파싱과 프로젝트 생성이며, 이후 점진적으로 일정 관리 기능을 추가합니다.\",\n    \"risks_and_mitigations\": \"기술적 도전으로는 음성 인식의 정확성과 NLP의 정확도가 있으며, 이를 위해 최신 기술을 활용합니다. MVP 정의는 회의 내용 파싱 및 프로젝트 생성 기능으로, 자원 제약사항은 클라우드 인프라 비용과 개발 인력입니다.\",\n    \"appendix\": \"추가 정보로는 음성 인식 및 NLP 관련 최신 연구 결과와 기술 사양이 포함됩니다. 또한, 유사 도구와의 비교 분석 자료가 제공됩니다.\"\n}\n```",
  "quality_metrics": {
    "final_score": 6.0,
    "is_production_ready": true,
    "iterations_used": 3,
    "is_high_quality": false
  },
  "metadata": {
    "source_file": "../batch_triplet_results\\result_Bmr018_processed\\05_final_result.json",
    "utterance_count": 777,
    "transcript_length": 27034,
    "speakers": [
      "Speaker_F",
      "Speaker_A",
      "Speaker_G",
      "Speaker_B",
      "Speaker_E",
      "Speaker_D",
      "Speaker_C"
    ],
    "dataset_type": "train",
    "processing_date": "2025-07-31T13:22:27.434302"
  }
}