{
  "id": "train_165",
  "source_dir": "result_제22대국회 제418회(정기회) 제8차 과학기술정보방송통신위원회(전체회의) (2024.10.15.)",
  "notion_output": "```json\n{\n    \"project_name\": \"국정감사 증인 및 참고인 출석 관리 프로젝트\",\n    \"project_purpose\": \"국정감사에서의 증인 및 참고인 출석 관리를 효율적으로 수행하고, 관련 안건 처리를 원활하게 지원하기 위함\",\n    \"project_period\": \"2024.10.17 ~ 2024.10.25\",\n    \"project_manager\": \"최민희 위원장\",\n    \"core_objectives\": [\n        \"목표 1: 국정감사 증인 및 참고인의 출석 일정을 체계적으로 관리\",\n        \"목표 2: 증인 및 참고인 출석 요구의 변경 및 철회를 신속하게 처리\",\n        \"목표 3: 국정감사 관련 안건을 효과적으로 처리\"\n    ],\n    \"core_idea\": \"국정감사에서 증인 및 참고인의 출석을 체계적으로 관리하여 국정감사의 효율성을 높임\",\n    \"idea_description\": \"국정감사 기간 동안 증인 및 참고인의 출석 일정을 체계적으로 관리하고, 출석 요구의 변경 및 철회를 신속하게 처리하여 국정감사의 효율성을 높인다. 이를 통해 국정감사에서 논의된 안건을 효과적으로 처리하고, 국정감사의 목적을 달성한다.\",\n    \"execution_plan\": \"1. 증인 및 참고인 명단 확정 및 출석 요구 발송 (2024.10.17)\\n2. 출석 일정 관리 및 변경/철회 요청 처리 (2024.10.18 ~ 2024.10.24)\\n3. 국정감사 안건 처리 및 회의 진행 (2024.10.25)\",\n    \"expected_effects\": [\n        \"기대효과 1: 국정감사에서의 증인 및 참고인 출석 관리 효율성 증대\",\n        \"기대효과 2: 국정감사 관련 안건의 원활한 처리\",\n        \"기대효과 3: 국정감사 목적 달성을 통한 국회의 신뢰성 제고\"\n    ]\n}\n```",
  "prd_output": "```json\n{\n    \"overview\": \"파싱된 프로젝트는 회의 내용을 기반으로 프로젝트를 관리하는 솔루션입니다. 이 프로젝트는 회의에서 논의된 내용을 효과적으로 파악하고 이를 기반으로 프로젝트를 생성 및 관리하는 문제를 해결합니다. 타겟 사용자는 프로젝트 매니저, 팀 리더, 그리고 회의에서의 효율성을 높이고자 하는 모든 조직입니다. 이 솔루션은 사용자가 회의 내용을 쉽게 파악하고 이를 바탕으로 프로젝트를 체계적으로 관리할 수 있는 가치를 제공합니다.\",\n    \"core_features\": \"1. 회의 내용 파싱: 회의에서 논의된 내용을 자동으로 파싱하여 프로젝트 생성에 필요한 정보를 추출합니다. 2. 프로젝트 생성: 파싱된 정보를 바탕으로 자동으로 프로젝트를 생성하고 관리할 수 있습니다. 3. 목표 설정 및 추적: 사용자가 설정한 목표를 기반으로 프로젝트의 진행 상황을 추적할 수 있습니다.\",\n    \"user_experience\": \"사용자는 회의가 끝난 후, 자동으로 생성된 프로젝트를 확인하고 필요한 수정 및 목표 설정을 할 수 있습니다. 페르소나는 프로젝트 매니저로, 주요 플로우는 회의 내용 확인 -> 프로젝트 생성 -> 목표 설정 -> 진행 상황 추적입니다. UI/UX는 직관적이고 사용자가 쉽게 접근할 수 있도록 설계됩니다.\",\n    \"technical_architecture\": \"시스템은 회의 내용을 파싱하는 모듈, 프로젝트 관리 모듈, 목표 추적 모듈로 구성됩니다. 데이터 모델은 회의 내용, 프로젝트 정보, 목표 정보로 나뉘며, API는 외부 회의 도구와의 연동을 지원합니다. 인프라는 클라우드 기반으로 확장성을 고려하여 설계됩니다.\",\n    \"development_roadmap\": \"MVP는 회의 내용 파싱 및 프로젝트 생성 기능을 포함합니다. 향후 개선사항으로는 목표 추적 기능 강화 및 사용자 맞춤형 대시보드 제공이 있습니다. 단계별 개발 범위는 초기 MVP 개발, 기능 개선, 사용자 피드백 반영 순으로 진행됩니다.\",\n    \"logical_dependency_chain\": \"개발 순서는 회의 내용 파싱 기능을 먼저 구현하고, 이후 프로젝트 생성 기능을 개발합니다. 기초 기능 우선순위는 파싱 정확도 향상, 프로젝트 생성 자동화, 목표 추적 기능 강화입니다. 점진적 개발 방식으로 각 기능을 단계적으로 개선합니다.\",\n    \"risks_and_mitigations\": \"기술적 도전으로는 회의 내용의 정확한 파싱과 다양한 회의 형식 지원이 있습니다. MVP 정의는 핵심 기능인 회의 내용 파싱 및 프로젝트 생성에 집중합니다. 자원 제약사항으로는 초기 개발 인력과 시간 제한이 있습니다.\",\n    \"appendix\": \"추가 정보로는 회의 내용 파싱 기술에 대한 연구 결과와 관련 기술 사양이 포함됩니다.\"\n}\n```",
  "quality_metrics": {
    "final_score": 6.0,
    "is_production_ready": true,
    "iterations_used": 1,
    "is_high_quality": false
  },
  "metadata": {
    "source_file": "../batch_triplet_results\\result_제22대국회 제418회(정기회) 제8차 과학기술정보방송통신위원회(전체회의) (2024.10.15.)\\05_final_result.json",
    "utterance_count": 30,
    "transcript_length": 1633,
    "speakers": [
      "위원장 최민희",
      "출석 전문위원"
    ],
    "dataset_type": "train",
    "processing_date": "2025-07-31T14:11:14.247897"
  }
}