{
  "id": "train_054",
  "source_dir": "result_TS3012b",
  "notion_output": "```json\n{\n    \"project_name\": \"스마트 리모컨 개발 프로젝트\",\n    \"project_purpose\": \"사용자 친화적이고 기능적으로 향상된 스마트 리모컨 개발\",\n    \"project_period\": \"2024.01.01 ~ 2024.06.30\",\n    \"project_manager\": \"Speaker_A\",\n    \"core_objectives\": [\n        \"목표 1: 사용자 경험을 개선하기 위한 직관적인 버튼 배치와 디자인 구현\",\n        \"목표 2: 충전식 배터리와 LCD 화면을 포함한 기술적 기능 강화\",\n        \"목표 3: 다양한 TV 모델과 호환 가능한 범용 리모컨 개발\"\n    ],\n    \"core_idea\": \"사용자 중심의 직관적이고 효율적인 리모컨 디자인\",\n    \"idea_description\": \"리모컨의 버튼을 사용자가 자주 사용하는 기능 위주로 배치하고, 충전식 배터리와 LCD 화면을 통해 사용 편의성을 높이며, 다양한 TV 모델과의 호환성을 확보하여 시장 경쟁력을 강화\",\n    \"execution_plan\": [\n        \"1단계 (2024.01.01 ~ 2024.02.28): 시장 조사 및 사용자 요구 분석\",\n        \"2단계 (2024.03.01 ~ 2024.04.15): 디자인 및 기술 사양 확정\",\n        \"3단계 (2024.04.16 ~ 2024.05.31): 프로토타입 개발 및 테스트\",\n        \"4단계 (2024.06.01 ~ 2024.06.30): 최종 제품 개발 및 출시 준비\"\n    ],\n    \"expected_effects\": [\n        \"기대효과 1: 사용자 만족도 향상으로 인한 브랜드 이미지 강화\",\n        \"기대효과 2: 충전식 배터리와 LCD 화면 도입으로 인한 제품 차별화 및 시장 점유율 확대\",\n        \"기대효과 3: 범용 리모컨 개발로 인한 다양한 소비자층 확보 및 매출 증대\"\n    ]\n}\n```",
  "prd_output": "```json\n{\n    \"overview\": \"파싱된 프로젝트는 회의 내용을 기반으로 프로젝트를 구성하는 것을 목표로 합니다. 이 프로젝트는 회의에서 논의된 내용을 체계적으로 정리하고 관리할 수 있는 솔루션을 제공합니다. 타겟 사용자는 회의를 자주 진행하는 기업의 팀원들이며, 이 프로젝트는 회의 후속 작업을 효율적으로 관리할 수 있는 가치를 제공합니다.\",\n    \"core_features\": \"1. 회의 내용 자동 파싱: 회의 내용을 자동으로 텍스트로 변환하고 요약합니다. 2. 프로젝트 생성: 파싱된 내용을 기반으로 자동으로 프로젝트를 생성하고 할당합니다. 3. 알림 및 추적: 프로젝트 진행 상황을 실시간으로 추적하고 알림을 제공합니다.\",\n    \"user_experience\": \"사용자는 회의가 끝난 후, 자동으로 생성된 프로젝트를 확인하고 필요한 작업을 할당받습니다. 페르소나는 프로젝트 매니저와 팀원으로, 주요 플로우는 회의 내용 파싱 -> 프로젝트 생성 -> 작업 할당 -> 진행 상황 추적입니다. UI/UX는 직관적이고 사용하기 쉬운 인터페이스를 제공하여 사용자 경험을 향상시킵니다.\",\n    \"technical_architecture\": \"시스템은 음성 인식 API를 통해 회의 내용을 텍스트로 변환하고, 자연어 처리(NLP) 기술을 사용하여 요약합니다. 데이터는 클라우드 기반 데이터베이스에 저장되며, 프로젝트 관리 시스템과 연동됩니다. 인프라는 AWS를 기반으로 하며, 확장성을 고려한 설계를 채택합니다.\",\n    \"development_roadmap\": \"MVP는 회의 내용 파싱 및 프로젝트 생성 기능을 포함합니다. 향후 개선사항으로는 다국어 지원 및 사용자 맞춤형 알림 기능이 있습니다. 단계별 개발 범위는 초기 파싱 기능 개발 -> 프로젝트 생성 및 관리 기능 개발 -> 사용자 경험 개선입니다.\",\n    \"logical_dependency_chain\": \"기초 기능으로 회의 내용 파싱 기능을 우선 개발하고, 이후 프로젝트 생성 기능을 추가합니다. 점진적으로 알림 및 추적 기능을 개발하여 전체 시스템을 완성합니다.\",\n    \"risks_and_mitigations\": \"기술적 도전으로는 음성 인식의 정확도와 자연어 처리의 효율성이 있으며, MVP 정의는 핵심 기능에 집중하여 자원 제약사항을 최소화합니다. 자원 제약사항은 인프라 비용 및 개발 인력입니다.\",\n    \"appendix\": \"추가 정보로는 음성 인식 및 NLP 관련 최신 연구 결과와 기술 사양이 포함됩니다. 참고 자료로는 관련 API 문서와 클라우드 인프라 설계 가이드가 있습니다.\"\n}\n```",
  "quality_metrics": {
    "final_score": 6.0,
    "is_production_ready": true,
    "iterations_used": 1,
    "is_high_quality": false
  },
  "metadata": {
    "source_file": "../batch_triplet_results\\result_TS3012b\\05_final_result.json",
    "utterance_count": 388,
    "transcript_length": 12506,
    "speakers": [
      "Speaker_B",
      "Speaker_D",
      "Speaker_C",
      "Speaker_A"
    ],
    "dataset_type": "train",
    "processing_date": "2025-07-31T11:51:50.763266"
  }
}