{
  "id": "train_048",
  "source_dir": "result_ES2005c",
  "notion_output": "```json\n{\n    \"project_name\": \"트렌디한 모바일 리모컨 개발 프로젝트\",\n    \"project_purpose\": \"사용자 중심의 혁신적 디자인과 기술을 결합한 모바일 리모컨 개발\",\n    \"project_period\": \"2025.01.01 ~ 2025.03.31\",\n    \"project_manager\": \"Speaker_B\",\n    \"core_objectives\": [\n        \"목표 1: 사용자 선호 디자인 및 기능을 반영한 리모컨 개발\",\n        \"목표 2: 시장 조사 결과를 바탕으로 한 제품 차별화 전략 수립\",\n        \"목표 3: 예산 내에서 혁신적인 기술 적용 및 생산 비용 최적화\"\n    ],\n    \"core_idea\": \"사용자 중심의 디자인과 혁신 기술을 결합하여 사용하기 쉬운 모바일 리모컨 개발\",\n    \"idea_description\": \"리모컨 시장 조사 결과, 사용자들은 기능적인 디자인보다 멋진 외관과 사용 편의성을 중시합니다. 이에 따라, 혁신적인 디자인과 기술을 결합하여 사용하기 쉬운 리모컨을 개발하고자 합니다. 다양한 사용자층의 요구를 반영하여 모듈형 디자인을 도입할 계획이며, 특히 25~35세의 트렌디한 사용자를 타겟으로 합니다.\",\n    \"execution_plan\": [\n        {\n            \"step\": \"시장 조사 및 사용자 요구 분석\",\n            \"duration\": \"2025.01.01 ~ 2025.01.15\",\n            \"details\": \"리모컨의 디자인 선호도와 기능적 요구사항을 파악하기 위해 설문조사와 인터뷰를 실시합니다.\"\n        },\n        {\n            \"step\": \"디자인 및 기술 개발\",\n            \"duration\": \"2025.01.16 ~ 2025.02.15\",\n            \"details\": \"사용자 피드백을 바탕으로 디자인 프로토타입을 개발하고, 새로운 기술적 요소(예: 다이너모 충전 시스템)를 통합합니다.\"\n        },\n        {\n            \"step\": \"프로토타입 제작 및 테스트\",\n            \"duration\": \"2025.02.16 ~ 2025.03.01\",\n            \"details\": \"프로토타입을 제작하고, 사용자 테스트를 통해 기능성과 사용성을 검증합니다.\"\n        },\n        {\n            \"step\": \"최종 제품 생산 및 마케팅 전략 수립\",\n            \"duration\": \"2025.03.02 ~ 2025.03.31\",\n            \"details\": \"최종 제품을 생산하고, 25~35세 타겟층을 위한 마케팅 캠페인을 준비합니다.\"\n        }\n    ],\n    \"expected_effects\": [\n        \"기대효과 1: 사용자 만족도 향상 및 시장 점유율 증가\",\n        \"기대효과 2: 혁신적인 디자인과 기술로 브랜드 이미지 강화\",\n        \"기대효과 3: 비용 효율적인 생산으로 수익성 개선\"\n    ],\n    \"additional_considerations\": [\n        \"디자인 요소: 사용자가 선호하는 색상(예: 노란색)과 모양(예: 과일 모양)을 반영한 모듈형 디자인\",\n        \"기술적 고려사항: 다이너모 충전 시스템과 같은 혁신적인 기술 적용\",\n        \"예산 관리: 예산 내에서 최대한의 기술적 혁신을 구현\"\n    ]\n}\n```",
  "prd_output": "```json\n{\n    \"overview\": \"파싱된 프로젝트는 회의 내용을 기반으로 프로젝트를 생성하고 관리하는 시스템입니다. 이 프로젝트는 회의에서 논의된 내용을 구조화하고, 이를 통해 프로젝트를 자동으로 생성하여 관리의 효율성을 높이는 것을 목표로 합니다. 타겟 사용자는 회의를 자주 진행하는 팀 리더와 프로젝트 매니저이며, 이 시스템을 통해 회의 후속 조치의 속도와 정확성을 향상시킬 수 있습니다.\",\n    \"core_features\": \"1. 회의 내용 파싱: 회의 내용을 자동으로 파싱하여 주요 항목을 추출합니다. 2. 프로젝트 생성: 파싱된 데이터를 기반으로 프로젝트를 자동 생성합니다. 3. 진행 상황 추적: 생성된 프로젝트의 진행 상황을 실시간으로 추적할 수 있습니다. 4. 사용자 알림: 프로젝트의 주요 변경 사항에 대해 사용자에게 알림을 제공합니다.\",\n    \"user_experience\": \"사용자는 회의 내용을 입력하거나 업로드하면 시스템이 이를 분석하여 프로젝트를 생성합니다. 페르소나는 주로 프로젝트 매니저로, 주요 플로우는 회의 내용 입력 -> 파싱 결과 확인 -> 프로젝트 생성 -> 진행 상황 모니터링입니다. UI/UX는 직관적이고 사용하기 쉬운 인터페이스를 제공하여 사용자가 최소한의 노력으로 최대한의 결과를 얻을 수 있도록 설계됩니다.\",\n    \"technical_architecture\": \"시스템은 클라우드 기반으로 설계되며, 데이터 파싱 엔진, 프로젝트 관리 모듈, 알림 시스템으로 구성됩니다. 데이터 모델은 회의 내용, 프로젝트 정보, 사용자 데이터를 포함하며, API는 외부 시스템과의 통합을 지원합니다. 인프라는 확장성을 고려하여 설계됩니다.\",\n    \"development_roadmap\": \"MVP는 회의 내용 파싱 및 기본적인 프로젝트 생성 기능을 포함합니다. 향후 개선사항으로는 고급 분석 기능, 사용자 맞춤형 대시보드, 외부 시스템과의 통합 기능이 있습니다. 개발은 단계별로 진행되며, 초기 단계에서는 핵심 기능 구현에 집중합니다.\",\n    \"logical_dependency_chain\": \"개발 순서는 회의 내용 파싱 -> 프로젝트 생성 -> 진행 상황 추적 -> 사용자 알림 기능의 순서로 진행됩니다. 기초 기능은 파싱과 프로젝트 생성이며, 이를 기반으로 점진적으로 기능을 확장합니다.\",\n    \"risks_and_mitigations\": \"기술적 도전은 자연어 처리의 정확도와 시스템의 확장성입니다. MVP는 핵심 기능에 집중하여 빠르게 시장에 출시하는 것을 목표로 하며, 자원 제약사항은 인력과 시간입니다. 이를 완화하기 위해 모듈화된 개발 방식을 채택합니다.\",\n    \"appendix\": \"추가 정보로는 자연어 처리 기술에 대한 연구 결과와 시스템 성능 테스트 결과가 포함됩니다. 기술 사양은 사용된 프로그래밍 언어, 프레임워크, 데이터베이스 정보 등을 포함합니다.\"\n}\n```",
  "quality_metrics": {
    "final_score": 6.0,
    "is_production_ready": true,
    "iterations_used": 2,
    "is_high_quality": false
  },
  "metadata": {
    "source_file": "../batch_triplet_results\\result_ES2005c\\05_final_result.json",
    "utterance_count": 277,
    "transcript_length": 9165,
    "speakers": [
      "Speaker_A",
      "Speaker_B",
      "Speaker_D",
      "Speaker_C"
    ],
    "dataset_type": "train",
    "processing_date": "2025-07-31T11:41:23.208642"
  }
}