{
  "id": "train_087",
  "source_dir": "result_Bro012_processed",
  "notion_output": "```json\n{\n    \"project_name\": \"고급 음성 인식 시스템 최적화 프로젝트\",\n    \"project_purpose\": \"다양한 기술적 접근법을 통해 음성 인식 시스템의 정확도, 효율성 및 사용자 경험을 극대화\",\n    \"project_period\": \"2024.01.01 ~ 2024.06.30\",\n    \"project_manager\": \"Speaker_C\",\n    \"core_objectives\": [\n        \"목표 1: 스펙트럼 빼기 및 분산 정규화를 통해 음성 신호의 잡음 제거 성능 향상\",\n        \"목표 2: HMM 전이 확률 조정 및 실험을 통해 최적의 매개변수 설정\",\n        \"목표 3: 지연 시간을 줄이면서도 음성 인식의 정확도를 유지 및 개선\",\n        \"목표 4: VAD(Voice Activity Detection) 기술을 활용하여 음성 인식의 정확도 향상\",\n        \"목표 5: PLP와 RASTA-PLP 기법을 활용하여 음성 신호 처리의 효율성 증대\"\n    ],\n    \"core_idea\": \"스펙트럼 빼기, 분산 정규화, VAD, PLP 및 RASTA-PLP 등 다양한 기술을 통합하여 음성 인식 시스템의 성능을 최적화\",\n    \"idea_description\": \"스펙트럼 빼기와 분산 정규화 기법을 통해 음성 신호의 잡음을 줄이고, HMM 전이 확률 조정으로 시스템의 매개변수를 최적화합니다. VAD 기술을 활용하여 음성 인식의 정확도를 향상시키고, PLP와 RASTA-PLP 기법을 통해 음성 신호 처리를 개선합니다.\",\n    \"execution_plan\": \"1단계: 스펙트럼 빼기 및 분산 정규화 기법 적용 및 테스트 (2024.01.01 ~ 2024.02.28)\\n2단계: HMM 전이 확률 조정 및 매개변수 최적화 (2024.03.01 ~ 2024.04.30)\\n3단계: VAD 기술 통합 및 성능 평가 (2024.05.01 ~ 2024.05.31)\\n4단계: PLP와 RASTA-PLP 기법 적용 및 통합 시스템 테스트 (2024.06.01 ~ 2024.06.30)\",\n    \"expected_effects\": [\n        \"기대효과 1: 음성 인식 시스템의 잡음 제거 성능이 15% 향상\",\n        \"기대효과 2: 시스템의 지연 시간이 25% 감소하여 사용자 경험 개선\",\n        \"기대효과 3: 다양한 환경에서의 음성 인식 정확도가 7% 향상\",\n        \"기대효과 4: VAD 기술을 통한 음성 인식 정확도 5% 추가 향상\",\n        \"기대효과 5: PLP와 RASTA-PLP 기법을 통한 신호 처리 효율성 증대\"\n    ],\n    \"technical_details\": [\n        \"스펙트럼 빼기와 분산 정규화 외에도 PLP와 RASTA-PLP 기법을 활용하여 음성 신호 처리\",\n        \"HMM 전이 확률 조정 및 실험을 통해 최적의 매개변수 설정\",\n        \"VAD 기술을 통해 음성 구간을 정확히 탐지하여 인식 정확도 향상\",\n        \"다양한 실험 결과에 기반한 시스템 성능 평가 및 개선\",\n        \"자기 루프 전이 확률 조정 및 실험적 검증을 통한 최적화\"\n    ]\n}\n```",
  "prd_output": "```json\n{\n    \"overview\": \"파싱된 프로젝트는 회의 내용을 기반으로 프로젝트를 생성하고 관리하는 솔루션입니다. 이 프로젝트는 회의 중 논의된 내용을 자동으로 파싱하여 프로젝트로 변환함으로써, 사용자의 생산성을 높이고 프로젝트 관리의 효율성을 향상시키는 것을 목표로 합니다. 타겟 사용자는 주로 회의를 자주 진행하는 팀 리더 및 프로젝트 매니저이며, 가치 제안은 회의 내용을 빠르고 정확하게 프로젝트로 전환하여 시간과 노력을 절감하는 것입니다.\",\n    \"core_features\": \"1. 회의 내용 자동 파싱: 회의 중 논의된 내용을 실시간으로 파싱하여 프로젝트로 변환합니다. 2. 프로젝트 생성 및 관리: 파싱된 내용을 기반으로 자동으로 프로젝트를 생성하고, 사용자가 이를 관리할 수 있도록 합니다. 3. 사용자 맞춤형 대시보드: 프로젝트 진행 상황을 한눈에 볼 수 있는 대시보드를 제공합니다. 각 기능은 사용자의 입력을 최소화하고, 자동화된 프로세스를 통해 효율성을 극대화합니다.\",\n    \"user_experience\": \"사용자는 회의가 끝난 후 자동으로 생성된 프로젝트를 확인하고, 필요한 경우 세부사항을 수정할 수 있습니다. 주요 사용자 페르소나는 프로젝트 매니저로, 주요 플로우는 회의 내용 확인 -> 자동 프로젝트 생성 -> 프로젝트 세부사항 수정 -> 진행 상황 모니터링입니다. UI/UX는 직관적이고 사용하기 쉬운 인터페이스를 제공하여 사용자가 빠르게 적응할 수 있도록 설계됩니다.\",\n    \"technical_architecture\": \"시스템은 클라우드 기반으로 설계되며, 주요 구성 요소는 데이터 파싱 엔진, 프로젝트 관리 모듈, 사용자 인터페이스로 구성됩니다. 데이터 모델은 회의 내용과 프로젝트 데이터를 효율적으로 저장하고 검색할 수 있도록 설계됩니다. API는 외부 회의 도구와의 통합을 지원하며, 인프라 요구사항은 확장성과 안정성을 고려하여 설계됩니다.\",\n    \"development_roadmap\": \"MVP 단계에서는 기본적인 회의 내용 파싱 및 프로젝트 생성 기능을 구현합니다. 이후 단계에서는 사용자 맞춤형 대시보드와 외부 도구 통합 기능을 추가할 계획입니다. 각 단계별 개발 범위는 사용자 피드백을 반영하여 조정됩니다.\",\n    \"logical_dependency_chain\": \"개발 순서는 데이터 파싱 엔진 개발 -> 프로젝트 관리 모듈 개발 -> 사용자 인터페이스 개발 순으로 진행됩니다. 기초 기능은 데이터 파싱과 프로젝트 생성에 중점을 두며, 점진적으로 사용자 경험을 개선하는 방식으로 개발이 진행됩니다.\",\n    \"risks_and_mitigations\": \"주요 기술적 도전은 회의 내용을 정확하게 파싱하는 알고리즘 개발입니다. MVP 정의는 기본적인 파싱 및 프로젝트 생성 기능으로 설정되며, 자원 제약사항은 개발 인력과 시간입니다. 이를 해결하기 위해 초기 단계에서의 철저한 계획과 테스트를 통해 리스크를 최소화할 것입니다.\",\n    \"appendix\": \"추가 정보로는 회의 내용 파싱 알고리즘에 대한 연구 결과와 기술 사양이 포함됩니다. 또한, 유사한 프로젝트 사례와 시장 분석 자료가 참고 자료로 제공됩니다.\"\n}\n```",
  "quality_metrics": {
    "final_score": 6.0,
    "is_production_ready": true,
    "iterations_used": 3,
    "is_high_quality": false
  },
  "metadata": {
    "source_file": "../batch_triplet_results\\result_Bro012_processed\\05_final_result.json",
    "utterance_count": 461,
    "transcript_length": 14586,
    "speakers": [
      "Speaker_F",
      "Speaker_A",
      "Speaker_B",
      "Speaker_E",
      "Speaker_D",
      "Speaker_C"
    ],
    "dataset_type": "train",
    "processing_date": "2025-07-31T12:30:25.392765"
  }
}