{
  "id": "train_246",
  "source_dir": "result_TS3009c",
  "notion_output": "```json\n{\n    \"project_name\": \"차세대 사용자 중심 리모컨 디자인 프로젝트\",\n    \"project_purpose\": \"젊은층과 부유층 모두를 겨냥한 혁신적이고 사용자 친화적인 리모컨 디자인 개발\",\n    \"project_period\": \"2024.01.01 ~ 2024.06.30\",\n    \"project_manager\": \"Speaker_A\",\n    \"core_objectives\": [\n        \"목표 1: 다양한 연령층을 타겟으로 한 혁신적이고 트렌디한 디자인 개발\",\n        \"목표 2: 사용자 친화적인 인터페이스 구현 및 학습 용이성 향상\",\n        \"목표 3: 고급 소재와 다양한 색상을 활용한 내구성 있는 제품 개발\"\n    ],\n    \"core_idea\": \"바나나 모양의 과일 패션과 이중 곡선형 케이스를 반영한 리모컨 디자인\",\n    \"idea_description\": \"과일 패션 트렌드를 반영하여 바나나 모양과 이중 곡선형 케이스를 결합한 리모컨을 디자인하고, 사용자 친화적인 인터페이스와 고급 소재를 활용하여 다양한 연령층의 취향을 겨냥한 제품을 개발합니다.\",\n    \"execution_plan\": [\n        {\n            \"단계\": \"1단계: 시장 조사 및 트렌드 분석\",\n            \"기간\": \"2024.01.01 ~ 2024.02.15\",\n            \"책임자\": \"Speaker_B\",\n            \"세부내용\": \"타겟 고객층의 선호도 조사 및 경쟁사 분석, 젊은층과 부유층의 소재 및 디자인 선호도 파악\"\n        },\n        {\n            \"단계\": \"2단계: 디자인 컨셉 개발 및 프로토타입 제작\",\n            \"기간\": \"2024.02.16 ~ 2024.04.15\",\n            \"책임자\": \"Speaker_C\",\n            \"세부내용\": \"바나나 모양과 이중 곡선형 케이스를 반영한 디자인 개발 및 프로토타입 제작, 티타늄과 플라스틱 소재의 구체적인 사용 계획 수립\"\n        },\n        {\n            \"단계\": \"3단계: 사용자 테스트 및 피드백 반영\",\n            \"기간\": \"2024.04.16 ~ 2024.05.15\",\n            \"책임자\": \"Speaker_D\",\n            \"세부내용\": \"사용자 테스트를 통해 인터페이스와 디자인 피드백 수집 및 반영, 구체적인 피드백 반영 방법론 적용\"\n        },\n        {\n            \"단계\": \"4단계: 최종 디자인 확정 및 생산 준비\",\n            \"기간\": \"2024.05.16 ~ 2024.06.30\",\n            \"책임자\": \"Speaker_A\",\n            \"세부내용\": \"최종 디자인 확정 및 생산 준비 완료, 생산 라인 최적화 및 품질 관리 계획 수립\"\n        }\n    ],\n    \"expected_effects\": [\n        \"기대효과 1: 다양한 연령층의 선호도를 반영한 디자인으로 시장 점유율 확대\",\n        \"기대효과 2: 사용자 친화적인 인터페이스로 인한 고객 만족도 증가\",\n        \"기대효과 3: 고급 소재 사용으로 인한 제품의 내구성 향상 및 브랜드 이미지 강화\"\n    ],\n    \"material_plan\": {\n        \"티타늄\": \"뒷면에 사용하여 내구성 강화\",\n        \"플라스틱\": \"앞면에 사용하여 비용 절감 및 다양한 색상 구현\",\n        \"기타\": \"실리콘 칩 및 구리 재질 사용 고려, 실리콘 칩을 통한 기능성 강화\"\n    },\n    \"interface_plan\": {\n        \"사용자 인터페이스\": \"LCD 화면과 상호작용하는 확인 버튼 및 메뉴 탐색 기능 포함\",\n        \"학습 용이성\": \"직관적인 디자인으로 사용자 학습 용이성 향상, 음성 인식 시스템 도입 고려\"\n    }\n}\n```",
  "prd_output": "```json\n{\n    \"overview\": \"파싱된 프로젝트는 회의 내용을 기반으로 프로젝트를 관리하는 도구입니다. 이 프로젝트는 회의에서 논의된 내용을 효율적으로 파악하고 추적할 수 있도록 도와줍니다. 타겟 사용자는 회의를 자주 진행하는 팀이나 조직으로, 이 도구를 통해 회의의 핵심 내용을 쉽게 정리하고 추적할 수 있는 가치를 제공합니다.\",\n    \"core_features\": \"1. 회의 내용 자동 파싱: 회의 내용을 자동으로 파싱하여 핵심 아이디어를 추출합니다. 2. 프로젝트 생성 및 관리: 파싱된 내용을 기반으로 프로젝트를 생성하고 관리할 수 있습니다. 3. 목표 설정 및 추적: 설정된 목표를 추적하고 달성도를 확인할 수 있습니다.\",\n    \"user_experience\": \"사용자는 회의 후 회의록을 업로드하면 자동으로 파싱되어 프로젝트가 생성됩니다. 페르소나는 프로젝트 매니저와 팀 리더로, 주요 플로우는 회의록 업로드, 프로젝트 생성, 목표 설정 및 추적입니다. UI/UX는 직관적이고 사용하기 쉽게 설계됩니다.\",\n    \"technical_architecture\": \"시스템은 클라우드 기반으로 운영되며, 데이터 모델은 회의록 데이터베이스와 프로젝트 관리 데이터베이스로 구성됩니다. API는 외부 회의록 서비스와의 연동을 지원하며, 인프라는 AWS를 기반으로 구축됩니다.\",\n    \"development_roadmap\": \"MVP 요구사항은 회의록 파싱 및 프로젝트 생성 기능입니다. 이후 목표 설정 및 추적 기능을 개선하며, 단계별로 UI/UX를 개선할 예정입니다.\",\n    \"logical_dependency_chain\": \"첫 번째 단계는 회의록 파싱 기능 개발, 두 번째는 프로젝트 생성 기능, 세 번째는 목표 설정 및 추적 기능입니다. 각 단계는 이전 단계의 기능을 기반으로 점진적으로 개발됩니다.\",\n    \"risks_and_mitigations\": \"기술적 도전은 회의록의 다양한 형식을 정확히 파싱하는 것입니다. 이를 위해 MVP 단계에서 특정 형식에 집중하고, 자원 제약사항은 클라우드 비용으로 예상됩니다.\",\n    \"appendix\": \"추가 정보로는 회의록 파싱 알고리즘 연구 결과와 기술 사양이 포함됩니다.\"\n}\n```",
  "quality_metrics": {
    "final_score": 6.0,
    "is_production_ready": true,
    "iterations_used": 3,
    "is_high_quality": false
  },
  "metadata": {
    "source_file": "../batch_triplet_results\\result_TS3009c\\05_final_result.json",
    "utterance_count": 401,
    "transcript_length": 12806,
    "speakers": [
      "Speaker_A",
      "Speaker_B",
      "Speaker_D",
      "Speaker_C"
    ],
    "dataset_type": "train",
    "processing_date": "2025-07-31T15:39:25.226957"
  }
}