{
  "id": "train_057",
  "source_dir": "result_IS1001d",
  "notion_output": "```json\n{\n    \"project_name\": \"바나나 모양 스마트 디바이스 혁신 프로젝트\",\n    \"project_purpose\": \"혁신적이고 사용자 친화적인 바나나 모양 스마트 디바이스 개발을 통해 시장에서 독보적인 위치 확보\",\n    \"project_period\": \"2024.01.01 ~ 2024.06.30\",\n    \"project_manager\": \"Speaker_A\",\n    \"core_objectives\": [\n        \"목표 1: 사용자 요구사항을 충족하고 시장 동향을 반영한 혁신적이고 견고한 디자인 개발\",\n        \"목표 2: 비용 효율적인 생산을 통해 시장 경쟁력 강화 및 수익성 증대\",\n        \"목표 3: 효과적인 마케팅 전략을 통해 제품 인지도 및 고객 만족도 향상\"\n    ],\n    \"core_idea\": \"바나나 모양의 케이스를 가진 스마트 디바이스\",\n    \"idea_description\": \"이 프로젝트는 표준 배터리를 사용하는 바나나 모양의 케이스에 고무 재질을 씌워 스펀지 같은 느낌을 주는 스마트 디바이스를 개발하는 것입니다. 이 제품은 사용하기 쉽고, 독특한 디자인을 가지며, 방에서 쉽게 찾을 수 있는 특징을 가집니다.\",\n    \"execution_plan\": [\n        \"1단계: 디자인 및 프로토타입 개발 (2024.01.01 ~ 2024.02.28)\",\n        \"2단계: 비용 분석 및 생산 계획 수립 (2024.03.01 ~ 2024.03.31)\",\n        \"3단계: 마케팅 전략 수립 및 실행 (2024.04.01 ~ 2024.05.31)\",\n        \"4단계: 제품 출시 및 피드백 수집 (2024.06.01 ~ 2024.06.30)\"\n    ],\n    \"evaluation_criteria\": [\n        \"디자인의 혁신성 및 사용 편의성\",\n        \"생산 비용 대비 수익성\",\n        \"마케팅 전략의 효과 및 시장 반응\"\n    ],\n    \"evaluation_score\": \"평균 5점 (1점에서 7점 사이의 점수 체계)\",\n    \"expected_effects\": [\n        \"기대효과 1: 혁신적인 디자인을 통한 시장 내 차별화\",\n        \"기대효과 2: 비용 효율적인 생산으로 인한 수익성 향상\",\n        \"기대효과 3: 사용자 친화적인 제품으로 고객 만족도 증가\"\n    ],\n    \"additional_notes\": [\n        \"회의에서 논의된 바나나 모양의 케이스는 노란색으로, 고무 재질을 사용하여 스펀지 같은 느낌을 줄 예정\",\n        \"제품의 가격은 25유로로 책정되어 있으며, 이는 경쟁 제품 대비 매력적인 가격으로 평가됨\",\n        \"마케팅 전략은 시장 동향을 반영하여 세부적으로 수립할 예정\"\n    ]\n}\n```",
  "prd_output": "```json\n{\n    \"overview\": \"파싱된 프로젝트는 회의 내용을 기반으로 프로젝트를 체계적으로 관리하고 추적할 수 있는 플랫폼입니다. 이 프로젝트는 회의에서 논의된 사항을 자동으로 파싱하여 프로젝트로 변환함으로써, 사용자들이 회의 후의 업무를 효율적으로 관리할 수 있도록 돕습니다. 타겟 사용자는 주로 프로젝트 매니저, 팀 리더, 그리고 회의 내용을 기반으로 작업을 관리해야 하는 모든 팀원들입니다. 이 플랫폼은 회의 후 작업 관리의 효율성을 높이고, 정보의 손실을 최소화하는 가치를 제공합니다.\",\n    \"core_features\": \"1. 회의 내용 자동 파싱: 회의 녹음이나 텍스트를 분석하여 주요 작업 항목을 자동으로 추출합니다. 2. 프로젝트 생성 및 관리: 파싱된 내용을 바탕으로 프로젝트를 자동 생성하고, 사용자가 이를 관리할 수 있도록 지원합니다. 3. 실시간 협업 기능: 팀원들이 실시간으로 프로젝트에 접근하고 업데이트할 수 있는 기능을 제공합니다.\",\n    \"user_experience\": \"사용자는 회의가 끝난 후, 녹음 파일이나 텍스트를 플랫폼에 업로드합니다. 시스템은 이를 분석하여 주요 작업 항목을 추출하고, 사용자는 이를 검토하여 프로젝트로 변환합니다. 주요 페르소나는 프로젝트 매니저와 팀 리더로, 이들은 주로 프로젝트 생성 및 관리 기능을 사용합니다. UI/UX는 직관적이고 사용하기 쉬운 인터페이스를 제공하여, 사용자가 최소한의 노력으로 최대한의 효율을 얻을 수 있도록 설계됩니다.\",\n    \"technical_architecture\": \"시스템은 클라우드 기반의 서버에서 운영되며, 데이터 모델은 회의 내용, 작업 항목, 프로젝트 정보 등을 포함합니다. API는 외부 회의 캘린더와의 통합을 지원하며, 인프라는 확장 가능하고 안정적인 클라우드 서비스를 기반으로 구축됩니다.\",\n    \"development_roadmap\": \"MVP는 회의 내용 파싱 및 기본적인 프로젝트 생성 기능을 포함합니다. 향후 개선사항으로는 고급 분석 기능, 다양한 회의 플랫폼과의 통합, 사용자 맞춤형 대시보드 등이 있습니다. 개발은 3단계로 나누어 진행되며, 각 단계는 기능의 복잡도와 사용자 피드백을 기반으로 설계됩니다.\",\n    \"logical_dependency_chain\": \"개발 순서는 회의 내용 파싱 기능을 우선적으로 개발하고, 이후 프로젝트 생성 및 관리 기능을 추가합니다. 이후 실시간 협업 기능과 외부 통합 기능을 점진적으로 개발합니다.\",\n    \"risks_and_mitigations\": \"기술적 도전으로는 자연어 처리 기술의 정확성 확보가 있으며, 이를 위해 최신 NLP 알고리즘을 도입합니다. MVP 정의는 핵심 기능에 집중하여, 초기 사용자 피드백을 기반으로 기능을 확장합니다. 자원 제약사항으로는 개발 인력과 시간 관리가 있으며, 이를 위해 애자일 개발 방식을 채택합니다.\",\n    \"appendix\": \"추가 정보로는 시장 조사 결과, 경쟁 분석, 그리고 기술 사양이 포함됩니다. 이 정보는 프로젝트의 방향성을 설정하고, 개발 과정에서의 의사결정에 도움을 줍니다.\"\n}\n```",
  "quality_metrics": {
    "final_score": 6.0,
    "is_production_ready": true,
    "iterations_used": 2,
    "is_high_quality": false
  },
  "metadata": {
    "source_file": "../batch_triplet_results\\result_IS1001d\\05_final_result.json",
    "utterance_count": 124,
    "transcript_length": 3876,
    "speakers": [
      "Speaker_A",
      "Speaker_B",
      "Speaker_D",
      "Speaker_C"
    ],
    "dataset_type": "train",
    "processing_date": "2025-07-31T11:55:48.185825"
  }
}