{
  "id": "train_059",
  "source_dir": "result_제22대국회 제427회(임시회) 제1차 법제사법위원회(법안심사제1소위원회) (2025.07.11.)",
  "notion_output": "```json\n{\n    \"project_name\": \"상법 개정안 공청회 및 법안 심사 프로젝트\",\n    \"project_purpose\": \"상법 개정안에 대한 다양한 의견 수렴 및 법안 심사 참고 자료 확보\",\n    \"project_period\": \"2023.11.01 ~ 2023.12.31\",\n    \"project_manager\": \"김용민 소위원장\",\n    \"core_objectives\": [\n        \"목표 1: 상법 개정안에 대한 다양한 이해관계자의 의견 수렴\",\n        \"목표 2: 집중투표제 및 3% 룰 관련 쟁점 분석\",\n        \"목표 3: 법안 심사 시 참고할 수 있는 자료 및 근거 확보\"\n    ],\n    \"core_idea\": \"상법 개정안의 효율적 심사를 위한 공청회 개최 및 의견 수렴\",\n    \"idea_description\": \"상법 개정안에 대한 다양한 이해관계자의 의견을 수렴하여 법안 심사에 반영함으로써 기업 경영의 투명성과 주주 권익 보호를 강화\",\n    \"execution_plan\": [\n        \"단계 1: 공청회 개최 및 진술인 발표 (2023.11.01 ~ 2023.11.15)\",\n        \"단계 2: 진술인 및 위원 질의응답 진행 (2023.11.16 ~ 2023.11.30)\",\n        \"단계 3: 수렴된 의견 분석 및 법안 심사 자료 작성 (2023.12.01 ~ 2023.12.15)\",\n        \"단계 4: 법안 심사 및 최종 보고서 작성 (2023.12.16 ~ 2023.12.31)\"\n    ],\n    \"expected_effects\": [\n        \"기대효과 1: 상법 개정안에 대한 다양한 의견 수렴으로 법안의 완성도 및 실효성 향상\",\n        \"기대효과 2: 집중투표제 및 3% 룰에 대한 이해관계자의 우려 및 기대사항 명확화\",\n        \"기대효과 3: 법안 심사 시 참고할 수 있는 구체적이고 실질적인 자료 확보\"\n    ]\n}\n```",
  "prd_output": "```json\n{\n    \"overview\": \"파싱된 프로젝트는 회의 내용을 기반으로 프로젝트를 생성하는 시스템입니다. 이 프로젝트는 회의 중 논의된 아이디어와 결정을 체계적으로 정리하여 프로젝트로 전환하는 문제를 해결합니다. 타겟 사용자는 회의 내용을 효과적으로 관리하고 실행 가능한 계획으로 전환하려는 팀과 조직입니다. 이 시스템은 회의의 효율성을 높이고, 정보의 누락을 방지하며, 실행 가능한 계획을 신속하게 수립할 수 있는 가치를 제공합니다.\",\n    \"core_features\": \"1. 회의 내용 자동 파싱: 회의 중 논의된 내용을 자동으로 파싱하여 프로젝트로 전환합니다. 2. 프로젝트 생성: 파싱된 내용을 기반으로 프로젝트의 목표, 실행 계획, 기대 효과 등을 자동 생성합니다. 3. 사용자 커스터마이징: 생성된 프로젝트를 사용자가 필요에 따라 수정 및 보완할 수 있는 기능을 제공합니다.\",\n    \"user_experience\": \"사용자는 회의가 끝난 후 시스템에 회의 내용을 입력하면 자동으로 프로젝트가 생성됩니다. 페르소나는 프로젝트 매니저와 팀 리더로, 주요 플로우는 회의 내용 입력, 자동 파싱, 프로젝트 생성, 사용자 수정입니다. UI/UX는 직관적이고 사용자가 쉽게 접근할 수 있도록 설계됩니다.\",\n    \"technical_architecture\": \"시스템은 클라우드 기반으로 설계되며, 데이터 모델은 회의 내용과 프로젝트 요소를 포함합니다. API는 회의 내용을 입력받고 프로젝트를 생성하는 기능을 제공합니다. 인프라 요구사항은 안정적인 클라우드 서비스와 데이터 보안입니다.\",\n    \"development_roadmap\": \"MVP 요구사항은 회의 내용 파싱 및 프로젝트 자동 생성 기능입니다. 향후 개선사항으로는 사용자 피드백 기반의 기능 개선과 추가적인 커스터마이징 옵션 제공이 있습니다. 단계별 개발 범위는 초기 MVP 개발, 사용자 테스트, 기능 개선 순입니다.\",\n    \"logical_dependency_chain\": \"개발 순서는 회의 내용 파싱 기능을 먼저 개발하고, 그 다음 프로젝트 생성 기능을 개발합니다. 기초 기능 우선순위는 파싱 기능이며, 점진적 개발 방식으로 기능을 확장합니다.\",\n    \"risks_and_mitigations\": \"기술적 도전은 자연어 처리 기술의 정확성입니다. 이를 위해 MVP 정의를 명확히 하고, 초기에는 제한된 범위의 회의 내용을 대상으로 테스트를 진행합니다. 자원 제약사항은 개발 인력과 데이터 처리 용량입니다.\",\n    \"appendix\": \"추가 정보로는 자연어 처리 기술에 대한 연구 결과와 기술 사양 문서가 포함됩니다.\"\n}\n```",
  "quality_metrics": {
    "final_score": 6.0,
    "is_production_ready": true,
    "iterations_used": 1,
    "is_high_quality": false
  },
  "metadata": {
    "source_file": "../batch_triplet_results\\result_제22대국회 제427회(임시회) 제1차 법제사법위원회(법안심사제1소위원회) (2025.07.11.)\\05_final_result.json",
    "utterance_count": 412,
    "transcript_length": 24680,
    "speakers": [
      "진술인 윤태준",
      "박균택 위원",
      "전현희 위원",
      "서영교 위원",
      "소위원장 김용민",
      "진술인 김우찬",
      "진술인 최준선",
      "진술인 정우용",
      "곽규택 위원",
      "주진우 위원",
      "장동혁 위원"
    ],
    "dataset_type": "train",
    "processing_date": "2025-07-31T11:58:40.399587"
  }
}