{
  "id": "train_034",
  "source_dir": "result_IS1009d",
  "notion_output": "```json\n{\n    \"project_name\": \"스마트 리모컨 개발 프로젝트\",\n    \"project_purpose\": \"사용자 친화적인 디자인과 혁신적인 기능을 갖춘 스마트 리모컨을 개발하여 시장에 선보이는 것\",\n    \"project_period\": \"2024.01.01 ~ 2024.06.30\",\n    \"project_manager\": \"Speaker_A\",\n    \"core_objectives\": [\n        \"목표 1: 사용자 편의성을 극대화한 리모컨 디자인 개발\",\n        \"목표 2: 음성 인식 및 다양한 기능 통합\",\n        \"목표 3: 경쟁사보다 빠르게 시장에 출시\"\n    ],\n    \"core_idea\": \"사용자 친화적이고 혁신적인 기능을 갖춘 스마트 리모컨\",\n    \"idea_description\": \"리모컨은 재활용 가능한 소재로 제작되며, 다양한 색상 옵션을 제공한다. 주요 기능으로는 음성 인식, 통합 타이머 및 알람 기능, LED 및 적외선 신호 송출 기능이 포함된다. 디자인은 한 손으로 잡기 쉬운 크기와 조개 모양의 리모컨 홀더를 특징으로 한다.\",\n    \"execution_plan\": \"1단계: 디자인 및 기능 설계 (2024.01.01 ~ 2024.02.28) \\n2단계: 프로토타입 개발 및 테스트 (2024.03.01 ~ 2024.04.30) \\n3단계: 시장 조사 및 피드백 수집 (2024.05.01 ~ 2024.05.31) \\n4단계: 최종 제품 생산 및 출시 준비 (2024.06.01 ~ 2024.06.30)\",\n    \"expected_effects\": [\n        \"기대효과 1: 사용자 경험 개선을 통한 브랜드 이미지 강화\",\n        \"기대효과 2: 혁신적인 기능으로 시장 점유율 확대\",\n        \"기대효과 3: 빠른 시장 진출로 경쟁사 대비 우위 확보\"\n    ]\n}\n```",
  "prd_output": "```json\n{\n    \"overview\": \"파싱된 프로젝트는 회의 내용을 기반으로 프로젝트를 관리하고 추적하는 도구입니다. 이 프로젝트는 회의에서 논의된 내용을 체계적으로 정리하고, 이를 바탕으로 프로젝트를 생성 및 관리하는 문제를 해결합니다. 타겟 사용자는 회의에서 나온 아이디어와 결정을 효과적으로 관리하고자 하는 팀과 조직입니다. 이 도구는 회의에서 나온 정보를 쉽게 파악하고, 이를 기반으로 프로젝트를 효율적으로 관리할 수 있는 가치를 제공합니다.\",\n    \"core_features\": \"1. 회의 내용 자동 파싱: 회의 녹음 또는 텍스트를 입력하면 자동으로 주요 내용을 파싱하여 프로젝트로 변환합니다.\\n2. 프로젝트 생성 및 관리: 파싱된 내용을 기반으로 프로젝트를 생성하고, 할 일 목록과 마일스톤을 설정할 수 있습니다.\\n3. 협업 기능: 팀원들과 실시간으로 프로젝트 진행 상황을 공유하고, 피드백을 주고받을 수 있습니다.\",\n    \"user_experience\": \"사용자는 회의 내용을 업로드하고, 자동으로 생성된 프로젝트를 검토한 후 수정할 수 있습니다. 주요 페르소나는 프로젝트 매니저와 팀 리더로, 이들은 회의 후 프로젝트를 신속하게 설정하고 팀과 공유하는 과정을 거칩니다. UI/UX는 직관적이고 사용하기 쉬운 인터페이스를 제공하여, 사용자가 최소한의 노력으로 프로젝트를 관리할 수 있도록 설계됩니다.\",\n    \"technical_architecture\": \"시스템은 클라우드 기반으로 설계되며, 주요 구성 요소는 사용자 인터페이스, 백엔드 서버, 데이터베이스, 음성 인식 및 자연어 처리 API로 구성됩니다. 데이터 모델은 회의 내용, 프로젝트, 할 일 목록 등을 포함하며, 인프라 요구사항으로는 안정적인 서버와 데이터 저장소가 필요합니다.\",\n    \"development_roadmap\": \"MVP 요구사항은 회의 내용 파싱 및 프로젝트 생성 기능을 포함합니다. 향후 개선사항으로는 AI 기반의 자동 할 일 목록 생성, 다양한 회의 형식 지원 등이 있습니다. 단계별 개발 범위는 초기 MVP 개발, 사용자 피드백 수집, 기능 개선 및 확장으로 나뉩니다.\",\n    \"logical_dependency_chain\": \"개발 순서는 음성 인식 및 자연어 처리 기능 개발, 프로젝트 생성 기능 개발, 협업 기능 개발 순으로 진행됩니다. 기초 기능 우선순위는 회의 내용 파싱과 프로젝트 생성에 중점을 둡니다.\",\n    \"risks_and_mitigations\": \"기술적 도전으로는 음성 인식 및 자연어 처리의 정확성 확보가 있으며, 이를 위해 최신 AI 기술을 도입합니다. MVP 정의는 핵심 기능에 집중하여 빠른 시장 출시를 목표로 합니다. 자원 제약사항으로는 개발 인력과 시간 관리가 있으며, 이를 위해 단계별 개발 계획을 수립합니다.\",\n    \"appendix\": \"추가 정보로는 자연어 처리 기술 연구 결과와 음성 인식 기술 사양이 포함됩니다. 이를 통해 프로젝트의 기술적 기반을 강화합니다.\"\n}\n```",
  "quality_metrics": {
    "final_score": 6.0,
    "is_production_ready": true,
    "iterations_used": 1,
    "is_high_quality": false
  },
  "metadata": {
    "source_file": "../batch_triplet_results\\result_IS1009d\\05_final_result.json",
    "utterance_count": 264,
    "transcript_length": 8916,
    "speakers": [
      "Speaker_A",
      "Speaker_B",
      "Speaker_D",
      "Speaker_C"
    ],
    "dataset_type": "train",
    "processing_date": "2025-07-31T11:28:05.963316"
  }
}