{
  "id": "train_220",
  "source_dir": "result_제22대국회 제426회(임시회) 제2차 산업통상자원중소벤처기업위원회(전체회의) (2025.07.04.)",
  "notion_output": "```json\n{\n    \"project_name\": \"한미관세협의 및 중소벤처기업부장관 인사청문회 준비 프로젝트\",\n    \"project_purpose\": \"한미관세협의의 성공적 추진과 중소벤처기업부장관 인사청문회의 원활한 진행\",\n    \"project_period\": \"2025.06.30 ~ 2025.07.15\",\n    \"project_manager\": \"이철규 위원장\",\n    \"core_objectives\": [\n        \"목표 1: 한미관세협의의 전략적 협상 준비 및 진행\",\n        \"목표 2: 중소벤처기업부장관 인사청문회 계획 수립 및 실행\",\n        \"목표 3: 관련 자료 및 증인 출석 요구의 원활한 처리\"\n    ],\n    \"core_idea\": \"한미관세협의와 인사청문회 준비를 통해 국익을 극대화하고 중소벤처기업부의 리더십을 강화\",\n    \"idea_description\": \"한미관세협의는 미국과의 관세 협상을 통해 경제적 이익을 극대화하고, 인사청문회는 중소벤처기업부장관의 자질을 검증하여 부처의 리더십을 강화하는 것을 목표로 합니다.\",\n    \"execution_plan\": [\n        \"단계 1: 인사청문회 계획서 및 자료 제출 요구안 채택 (2025.06.30)\",\n        \"단계 2: 한미관세협의 준비 및 주요 쟁점 분석 (2025.07.01 ~ 2025.07.04)\",\n        \"단계 3: 한미관세협의 진행 및 협상 결과 분석 (2025.07.05)\",\n        \"단계 4: 인사청문회 증인 및 참고인 출석 요구 준비 (2025.07.06 ~ 2025.07.09)\",\n        \"단계 5: 중소벤처기업부장관 인사청문회 실시 (2025.07.15)\"\n    ],\n    \"expected_effects\": [\n        \"기대효과 1: 한미관세협의를 통한 경제적 이익 증가 (GDP 상승 및 소비자 후생 증가)\",\n        \"기대효과 2: 중소벤처기업부장관의 자질 검증을 통한 부처의 리더십 강화\",\n        \"기대효과 3: 국회와 정부 간의 원활한 협력을 통한 정책 실행력 강화\"\n    ]\n}\n```",
  "prd_output": "```json\n{\n    \"overview\": \"파싱된 프로젝트는 회의 내용을 기반으로 한 프로젝트로, 회의에서 논의된 내용을 체계적으로 정리하고 관리할 수 있는 솔루션을 제공합니다. 이 프로젝트는 회의 후 정보를 쉽게 검색하고 활용할 수 있도록 하여 업무 효율성을 높이고자 합니다. 타겟 사용자는 기업의 팀원, 프로젝트 매니저, 그리고 회의 주최자들로, 이들에게 회의 후속 작업을 간소화하고 정보 접근성을 향상시키는 가치를 제공합니다.\",\n    \"core_features\": \"주요 기능으로는 회의 내용 자동 파싱 및 정리, 키워드 기반 검색 기능, 회의 요약 생성, 그리고 프로젝트 관리 도구와의 통합 기능이 있습니다. 회의 내용 자동 파싱 기능은 음성 인식 및 자연어 처리 기술을 활용하여 회의 내용을 텍스트로 변환하고, 중요 정보를 추출합니다. 키워드 기반 검색 기능은 사용자가 특정 키워드를 입력하면 관련된 회의 내용을 빠르게 찾을 수 있도록 지원합니다. 회의 요약 생성 기능은 회의의 주요 논점을 자동으로 요약하여 제공합니다. 마지막으로, 프로젝트 관리 도구와의 통합 기능은 기존의 프로젝트 관리 시스템과 연동하여 회의에서 논의된 내용을 직접 프로젝트 계획에 반영할 수 있도록 합니다.\",\n    \"user_experience\": \"사용자 경험 설계는 직관적이고 간편한 인터페이스를 중심으로 합니다. 페르소나는 주로 회의를 주최하거나 참여하는 직장인들로, 이들이 회의 후속 작업을 쉽게 처리할 수 있도록 하는 것이 목표입니다. 주요 플로우는 회의 녹음 업로드, 자동 파싱 및 요약 확인, 키워드 검색, 그리고 프로젝트 관리 도구로의 데이터 전송으로 구성됩니다. UI/UX 고려사항으로는 명확한 정보 표시, 쉬운 탐색, 그리고 모바일 및 데스크톱 환경 모두에서의 최적화가 포함됩니다.\",\n    \"technical_architecture\": \"기술 아키텍처는 클라우드 기반의 서비스로, 음성 인식 및 자연어 처리 API를 활용하여 회의 내용을 처리합니다. 데이터 모델은 회의 녹음 파일, 파싱된 텍스트, 요약 정보, 그리고 키워드 인덱스를 포함합니다. API는 회의 데이터 업로드, 파싱 결과 조회, 검색 요청 등을 지원합니다. 인프라 요구사항으로는 안정적인 클라우드 스토리지와 고성능의 데이터 처리 서버가 필요합니다.\",\n    \"development_roadmap\": \"개발 로드맵은 MVP로 회의 내용 자동 파싱 및 요약 기능을 우선 구현하고, 이후 키워드 검색 기능과 프로젝트 관리 도구 통합을 추가하는 방식으로 진행됩니다. 향후 개선사항으로는 다국어 지원, 사용자 맞춤형 요약 기능, 그리고 AI 기반의 회의 분석 기능이 포함됩니다.\",\n    \"logical_dependency_chain\": \"논리적 의존성 체인은 음성 인식 및 자연어 처리 기능 구현을 최우선으로 하고, 이후 데이터 모델 설계 및 API 개발, 그리고 사용자 인터페이스 구축 순으로 진행됩니다. 기초 기능인 자동 파싱이 완료되어야 검색 기능과 통합 기능 개발이 가능합니다.\",\n    \"risks_and_mitigations\": \"위험 요소로는 음성 인식의 정확도, 자연어 처리의 복잡성, 그리고 데이터 보안 문제가 있습니다. 이를 완화하기 위해 최신 음성 인식 기술을 도입하고, 자연어 처리 알고리즘을 지속적으로 개선하며, 데이터 암호화 및 접근 제어를 강화할 계획입니다. MVP 정의는 자동 파싱 및 요약 기능의 안정적 구현으로 설정됩니다. 자원 제약사항으로는 개발 인력과 클라우드 서비스 비용이 있습니다.\",\n    \"appendix\": \"추가 정보 및 참고 자료로는 음성 인식 및 자연어 처리 관련 최신 연구 결과, 유사 프로젝트 사례 연구, 그리고 기술 사양 문서가 포함됩니다.\"\n}\n```",
  "quality_metrics": {
    "final_score": 6.0,
    "is_production_ready": true,
    "iterations_used": 1,
    "is_high_quality": false
  },
  "metadata": {
    "source_file": "../batch_triplet_results\\result_제22대국회 제426회(임시회) 제2차 산업통상자원중소벤처기업위원회(전체회의) (2025.07.04.)\\05_final_result.json",
    "utterance_count": 252,
    "transcript_length": 17123,
    "speakers": [
      "박지혜 위원",
      "정진욱 위원",
      "강승규 위원",
      "김원이 위원",
      "산업통상자원부제1차관 문신학",
      "이언주 위원",
      "서일준 위원",
      "장철민 위원",
      "전재수 위원",
      "구자근 위원",
      "위원장 이철규",
      "송재봉 위원",
      "산업통상자원부통상교섭본부장 여한구",
      "허성무 위원"
    ],
    "dataset_type": "train",
    "processing_date": "2025-07-31T15:11:47.992765"
  }
}