{
  "id": "train_049",
  "source_dir": "result_Bmr012_processed",
  "notion_output": "```json\n{\n    \"project_name\": \"회의 전사 및 음성 인식 시스템 최적화 프로젝트\",\n    \"project_purpose\": \"회의 전사 및 음성 인식 시스템의 정확도와 적응성을 개선하여 다양한 환경에서도 높은 품질의 회의 기록을 제공\",\n    \"project_period\": \"2024.01.01 ~ 2024.06.30\",\n    \"project_manager\": \"Speaker_B (회의에서 기술적 문제와 해결 방안을 주도적으로 논의함)\",\n    \"core_objectives\": [\n        \"목표 1: 음성 인식기의 성능을 개선하여 전사 정확도를 80% 이상으로 향상\",\n        \"목표 2: 회의 전사 과정에서 발생하는 구체적인 버그 및 오류 사례를 해결\",\n        \"목표 3: 다양한 음성 데이터 및 마이크 환경에서의 적응성 강화\"\n    ],\n    \"core_idea\": \"음성 인식 시스템의 알고리즘을 최적화하고, 다양한 마이크 및 음향 환경에서의 적응성을 높여 회의 전사 과정의 효율성을 극대화\",\n    \"idea_description\": \"본 프로젝트는 회의록에서 논의된 구체적인 기술적 문제를 해결하고, 다양한 환경에서의 음성 인식 적응성을 강화하는 것을 목표로 합니다. 이를 통해 전사 정확도를 높이고, 회의 기록의 품질을 개선합니다.\",\n    \"execution_plan\": \"1단계: 현재 시스템의 문제점 분석 및 구체적인 버그 사례 해결 방안 도출 (2024.01.01 ~ 2024.02.28)\\n2단계: 음성 인식 알고리즘 최적화 및 다양한 마이크 환경에서의 테스트 (2024.03.01 ~ 2024.04.30)\\n3단계: 다양한 환경에서의 적응성 테스트 및 피드백 반영 (2024.05.01 ~ 2024.05.31)\\n4단계: 최종 시스템 배포 및 사용자 교육 (2024.06.01 ~ 2024.06.30)\",\n    \"expected_effects\": [\n        \"기대효과 1: 전사 정확도 향상으로 인한 회의 기록 품질 개선\",\n        \"기대효과 2: 다양한 환경에서의 음성 인식 적응성 강화로 사용자 만족도 증가\",\n        \"기대효과 3: 시스템 오류 및 버그 감소로 인한 운영 효율성 향상\"\n    ],\n    \"specific_issues_and_solutions\": [\n        {\n            \"issue\": \"비단조적 동기화 시간으로 인한 버그\",\n            \"solution\": \"스크립트 최적화 및 동기화 알고리즘 개선\"\n        },\n        {\n            \"issue\": \"다운샘플링으로 인한 음질 저하\",\n            \"solution\": \"고급 필터링 기법 도입 및 원본 파형 유지 테스트\"\n        },\n        {\n            \"issue\": \"다양한 마이크 환경에서의 적응성 부족\",\n            \"solution\": \"다양한 마이크 및 음향 환경에서의 테스트 계획 수립 및 실행\"\n        }\n    ]\n}\n```",
  "prd_output": "```json\n{\n    \"overview\": \"파싱된 프로젝트는 회의 내용을 기반으로 프로젝트를 관리하고 실행하는 것을 목적으로 합니다. 이 프로젝트는 회의에서 논의된 내용을 효과적으로 파악하고 이를 바탕으로 프로젝트를 체계적으로 관리하려는 사용자들을 타겟으로 합니다. 주요 가치 제안은 회의 내용을 자동으로 파싱하여 프로젝트 관리에 필요한 정보를 제공함으로써 사용자의 업무 효율성을 높이는 것입니다.\",\n    \"core_features\": \"1. 회의 내용 자동 파싱: 회의 내용을 텍스트로 입력하면 자동으로 주요 내용을 추출합니다. 2. 프로젝트 생성 및 관리: 파싱된 내용을 기반으로 새로운 프로젝트를 생성하고 관리할 수 있습니다. 3. 목표 설정 및 추적: 사용자가 설정한 목표를 추적하고 달성 여부를 확인할 수 있습니다.\",\n    \"user_experience\": \"사용자는 회의 후 회의록을 입력하여 자동으로 프로젝트를 생성할 수 있습니다. 페르소나는 프로젝트 매니저와 팀 리더로, 이들은 회의 내용을 기반으로 프로젝트를 관리하고 팀원들에게 할당할 수 있습니다. 주요 플로우는 회의록 입력 -> 자동 파싱 -> 프로젝트 생성 -> 목표 설정 및 추적입니다. UI/UX는 직관적이고 사용하기 쉽게 설계됩니다.\",\n    \"technical_architecture\": \"시스템은 클라이언트-서버 구조로 구성되며, 데이터 모델은 회의록, 프로젝트, 목표 등의 엔티티로 구성됩니다. API는 회의록 입력, 파싱, 프로젝트 생성 및 관리 기능을 제공합니다. 인프라는 클라우드 기반으로 확장성을 고려하여 설계됩니다.\",\n    \"development_roadmap\": \"MVP 요구사항은 회의록 파싱 및 프로젝트 생성 기능입니다. 향후 개선사항으로는 사용자 맞춤형 알림 기능과 통합된 일정 관리 기능이 포함됩니다. 단계별 개발 범위는 초기 파싱 기능 개발, 프로젝트 관리 기능 추가, 사용자 경험 개선 순으로 진행됩니다.\",\n    \"logical_dependency_chain\": \"개발 순서는 회의록 파싱 기능을 먼저 개발하고, 그 위에 프로젝트 생성 및 관리 기능을 구축합니다. 기초 기능인 파싱 기능이 우선적으로 개발되어야 하며, 이후 점진적으로 프로젝트 관리 기능을 확장합니다.\",\n    \"risks_and_mitigations\": \"기술적 도전은 자연어 처리 기술의 정확성 확보입니다. MVP 정의는 최소한의 파싱 및 프로젝트 생성 기능입니다. 자원 제약사항은 개발 인력과 시간입니다. 이를 완화하기 위해 오픈소스 라이브러리를 활용하고, 초기 MVP에 집중하여 빠른 피드백을 받습니다.\",\n    \"appendix\": \"추가 정보로는 자연어 처리 기술에 대한 연구 결과와 기술 사양이 포함됩니다. 또한, 유사 프로젝트 사례 연구 및 시장 분석 자료가 제공됩니다.\"\n}\n```",
  "quality_metrics": {
    "final_score": 6.0,
    "is_production_ready": true,
    "iterations_used": 2,
    "is_high_quality": false
  },
  "metadata": {
    "source_file": "../batch_triplet_results\\result_Bmr012_processed\\05_final_result.json",
    "utterance_count": 602,
    "transcript_length": 20998,
    "speakers": [
      "Speaker_F",
      "Speaker_A",
      "Speaker_H",
      "Speaker_G",
      "Speaker_B",
      "Speaker_E",
      "Speaker_I",
      "Speaker_D",
      "Speaker_C"
    ],
    "dataset_type": "train",
    "processing_date": "2025-07-31T11:42:48.711825"
  }
}