{
  "id": "train_190",
  "source_dir": "result_제22대국회 제426회(임시회) 제3차 예산결산특별위원회(전체회의) (2025.07.04.)",
  "notion_output": "```json\n{\n    \"project_name\": \"2025년도 제2회 추가경정예산안 및 기금운용계획변경안 프로젝트\",\n    \"project_purpose\": \"경기 진작과 민생 안정을 위한 추가경정예산안 및 기금운용계획의 효과적인 집행\",\n    \"project_period\": \"2025.01.01 ~ 2025.12.31\",\n    \"project_manager\": \"이소영 위원\",\n    \"core_objectives\": [\n        \"목표 1: 민생회복 소비쿠폰 사업의 국비 지원율 조정 및 신속한 배정\",\n        \"목표 2: 무공해차 보급 확대를 위한 예산 증액 및 집행\",\n        \"목표 3: 2025년 APEC 정상회의의 성공적 개최 지원\"\n    ],\n    \"core_idea\": \"추가경정예산을 통해 경기 회복과 민생 안정을 도모\",\n    \"idea_description\": \"이번 프로젝트는 정부가 제출한 30조 5451억원의 추경안에 대해 2조 3721억 원을 증액하고 1조 1258억 원을 감액하여 총 1조 2463억 원이 증액된 수정안을 바탕으로, 민생회복과 경기진작을 위한 다양한 사업을 추진하는 것을 목표로 한다.\",\n    \"execution_plan\": \"1. 2025년 1월: 예산안 확정 및 세부 사업 계획 수립\\n2. 2025년 2월: 민생회복 소비쿠폰 사업 및 무공해차 보급 확대 사업 시작\\n3. 2025년 3월: 각 지방자치단체와 협력하여 예산 집행 및 모니터링\\n4. 2025년 4월~12월: 사업 진행 상황 점검 및 조정, APEC 정상회의 지원 준비\",\n    \"expected_effects\": [\n        \"기대효과 1: 소비쿠폰 사업을 통한 내수 활성화 및 경기 회복\",\n        \"기대효과 2: 무공해차 보급 확대를 통한 환경 개선 및 관련 산업 활성화\",\n        \"기대효과 3: APEC 정상회의의 성공적 개최로 인한 국제적 위상 강화\"\n    ]\n}\n```",
  "prd_output": "```json\n{\n    \"overview\": \"파싱된 프로젝트는 회의 내용을 기반으로 한 프로젝트로, 회의에서 논의된 사항들을 체계적으로 정리하고 관리하는 것을 목표로 합니다. 주 타겟 사용자는 회의 주최자와 참가자이며, 이들에게 회의 내용을 효율적으로 관리하고 추적할 수 있는 가치를 제공합니다.\",\n    \"core_features\": \"1. 회의 내용 자동 파싱: 회의 내용을 자동으로 텍스트로 변환하고 요약합니다. 2. 프로젝트 생성 및 관리: 파싱된 회의 내용을 기반으로 프로젝트를 생성하고 관리할 수 있습니다. 3. 알림 및 리마인더: 프로젝트 진행 상황에 따라 사용자에게 알림을 제공합니다.\",\n    \"user_experience\": \"사용자는 회의가 끝난 후 자동으로 파싱된 내용을 확인하고, 이를 기반으로 프로젝트를 생성할 수 있습니다. 주요 페르소나는 회의 주최자이며, UI/UX는 직관적이고 사용하기 쉽게 설계되어야 합니다.\",\n    \"technical_architecture\": \"시스템은 음성 인식 API를 사용하여 회의 내용을 텍스트로 변환하고, 이를 데이터베이스에 저장합니다. 프론트엔드는 React를 사용하고, 백엔드는 Node.js로 구축됩니다. 클라우드 인프라는 AWS를 사용합니다.\",\n    \"development_roadmap\": \"MVP 단계에서는 회의 내용 파싱과 프로젝트 생성 기능을 우선적으로 개발합니다. 이후 알림 기능과 사용자 관리 기능을 추가할 예정입니다.\",\n    \"logical_dependency_chain\": \"1. 음성 인식 및 파싱 기능 개발 2. 프로젝트 생성 기능 통합 3. 알림 시스템 구축 4. 사용자 관리 기능 추가\",\n    \"risks_and_mitigations\": \"음성 인식의 정확도가 낮을 경우, 수동 수정 기능을 제공하여 문제를 완화합니다. MVP 범위를 명확히 정의하여 초기 개발 리소스를 집중합니다.\",\n    \"appendix\": \"추가 정보로는 음성 인식 기술에 대한 연구 결과와 데이터베이스 설계 사양이 포함됩니다.\"\n}\n```",
  "quality_metrics": {
    "final_score": 6.0,
    "is_production_ready": true,
    "iterations_used": 1,
    "is_high_quality": false
  },
  "metadata": {
    "source_file": "../batch_triplet_results\\result_제22대국회 제426회(임시회) 제3차 예산결산특별위원회(전체회의) (2025.07.04.)\\05_final_result.json",
    "utterance_count": 198,
    "transcript_length": 12647,
    "speakers": [
      "한기호 위원",
      "위원장 한병도",
      "소위원장대리 이소영",
      "박형수 위원",
      "이소영 위원",
      "김용만 위원",
      "임미애 위원",
      "기획재정부장관직무대행 이형일",
      "배준영 위원",
      "조정훈 위원",
      "김위상 위원",
      "기획재정부제2차관 임기근"
    ],
    "dataset_type": "train",
    "processing_date": "2025-07-31T14:44:20.181110"
  }
}