{
  "id": "train_183",
  "source_dir": "result_제22대국회 제426회(임시회) 제1차 과학기술정보방송통신위원회(정보통신방송법안심사소위원회) (2025.06.27.)",
  "notion_output": "```json\n{\n    \"project_name\": \"방송법 및 관련 법률 개정 심화 프로젝트\",\n    \"project_purpose\": \"방송의 독립성과 공정성을 강화하고, 방송사 운영의 투명성을 제고하며, 법률 개정을 통해 방송 환경을 개선\",\n    \"project_period\": \"2024.01.01 ~ 2024.06.30\",\n    \"project_manager\": \"김현 소위원장\",\n    \"core_objectives\": [\n        \"목표 1: 방송문화진흥회법, 방송법, 한국교육방송공사법 등 45건의 법률 개정안 심사 및 통과\",\n        \"목표 2: 방송사 이사회의 구성 및 운영 방식 개선을 통한 투명성 강화\",\n        \"목표 3: 방송 편성의 자유와 독립성 보장 규정 신설 및 강화\",\n        \"목표 4: 방송사 사장 임명 절차의 공정성 확보\"\n    ],\n    \"core_idea\": \"방송사의 독립성과 공정성을 강화하고, 운영의 투명성을 높이기 위한 법률 개정\",\n    \"idea_description\": \"방송사의 이사회 구성 및 운영 방식을 개선하고, 방송 편성의 자유와 독립성을 보장하는 규정을 신설하여 방송의 공정성을 강화하며, 사장 임명 절차의 공정성을 확보\",\n    \"execution_plan\": [\n        {\n            \"phase\": \"1단계\",\n            \"description\": \"법률 개정안 심사 및 수정\",\n            \"period\": \"2024.01.01 ~ 2024.03.31\",\n            \"details\": [\n                \"각 법안의 주요 변경 사항 및 쟁점에 대한 심층 분석\",\n                \"수석전문위원과 정부 측 의견 수렴 및 조정\",\n                \"법안별 심사 및 수정안 작성\"\n            ]\n        },\n        {\n            \"phase\": \"2단계\",\n            \"description\": \"법률 개정안 의결 및 통과\",\n            \"period\": \"2024.04.01 ~ 2024.05.31\",\n            \"details\": [\n                \"각 법안의 최종 심사 및 의결 절차 진행\",\n                \"국회 본회의에서의 법안 통과 추진\"\n            ]\n        },\n        {\n            \"phase\": \"3단계\",\n            \"description\": \"개정 법률 시행 준비 및 홍보\",\n            \"period\": \"2024.06.01 ~ 2024.06.30\",\n            \"details\": [\n                \"개정 법률 시행을 위한 행정적 준비\",\n                \"방송사 및 관련 기관에 대한 교육 및 홍보 활동\"\n            ]\n        }\n    ],\n    \"expected_effects\": [\n        \"기대효과 1: 방송사의 독립성과 공정성 강화로 인한 국민 신뢰도 상승\",\n        \"기대효과 2: 이사회 구성 및 운영의 투명성 제고로 인한 방송사 내부 관리 효율성 향상\",\n        \"기대효과 3: 방송 편성의 자유와 독립성 보장으로 인한 다양한 콘텐츠 제작 가능성 확대\",\n        \"기대효과 4: 사장 임명 절차의 공정성 확보로 인한 경영진의 신뢰성 강화\"\n    ],\n    \"key_discussions\": [\n        \"방송사 이사회의 구성 인원 확대 및 추천 방식 변경\",\n        \"사장후보추천위원회의 구성 및 운영 방식 개선\",\n        \"방송 편성의 자유와 독립성을 보장하기 위한 규정 신설\",\n        \"보도전문채널의 보도책임자 임명 동의제 도입\"\n    ]\n}\n```",
  "prd_output": "```json\n{\n    \"overview\": \"파싱된 프로젝트는 회의 내용을 기반으로 프로젝트를 관리하는 시스템입니다. 이 프로젝트는 회의에서 논의된 내용을 효율적으로 파악하고 관리할 수 있는 도구를 제공하여, 팀의 생산성을 높이고 의사소통을 개선하는 것을 목표로 합니다. 주 타겟 사용자는 프로젝트 매니저와 팀원들로, 회의 후의 업무 흐름을 최적화하고자 하는 사용자들에게 가치를 제공합니다.\",\n    \"core_features\": \"1. 회의 내용 자동 파싱: 음성 인식 및 자연어 처리 기술을 사용하여 회의 내용을 자동으로 텍스트로 변환하고, 주요 항목을 추출합니다. 2. 프로젝트 생성 및 관리: 파싱된 회의 내용을 기반으로 자동으로 프로젝트를 생성하고, 할당된 작업을 관리합니다. 3. 알림 및 리마인더: 중요한 마감일과 작업을 사용자에게 알림으로 제공합니다.\",\n    \"user_experience\": \"사용자는 회의 후 시스템에 접속하여 자동으로 생성된 프로젝트와 작업을 확인할 수 있습니다. 페르소나는 프로젝트 매니저와 팀원으로, 주요 플로우는 회의 내용 파싱, 프로젝트 생성, 작업 할당 및 관리입니다. UI/UX는 직관적이고 사용하기 쉬운 인터페이스를 제공하여 사용자가 쉽게 적응할 수 있도록 설계됩니다.\",\n    \"technical_architecture\": \"시스템은 클라우드 기반으로 구축되며, 음성 인식 및 자연어 처리 API를 통합하여 회의 내용을 파싱합니다. 데이터 모델은 프로젝트, 작업, 사용자 정보를 포함하며, 인프라는 확장성을 고려하여 설계됩니다.\",\n    \"development_roadmap\": \"MVP는 회의 내용 파싱 및 프로젝트 생성 기능을 포함합니다. 이후 단계에서는 사용자 피드백을 반영하여 알림 기능과 UI/UX 개선을 진행할 예정입니다.\",\n    \"logical_dependency_chain\": \"개발 순서는 음성 인식 및 자연어 처리 기능 구현, 프로젝트 생성 기능 개발, 알림 시스템 통합 순으로 진행됩니다. 기초 기능이 완성된 후 점진적으로 추가 기능을 개발합니다.\",\n    \"risks_and_mitigations\": \"기술적 도전은 음성 인식의 정확도와 자연어 처리의 효율성입니다. 이를 위해 최신 기술을 연구하고 테스트를 통해 정확도를 높일 계획입니다. MVP 정의는 핵심 기능에 집중하여 빠르게 시장에 출시하는 것이며, 자원 제약사항은 클라우드 비용과 개발 인력입니다.\",\n    \"appendix\": \"추가 정보로는 음성 인식 및 자연어 처리 기술에 대한 연구 자료와 기술 사양이 포함됩니다.\"\n}\n```",
  "quality_metrics": {
    "final_score": 6.0,
    "is_production_ready": true,
    "iterations_used": 2,
    "is_high_quality": false
  },
  "metadata": {
    "source_file": "../batch_triplet_results\\result_제22대국회 제426회(임시회) 제1차 과학기술정보방송통신위원회(정보통신방송법안심사소위원회) (2025.06.27.)\\05_final_result.json",
    "utterance_count": 351,
    "transcript_length": 18392,
    "speakers": [
      "소위원장 김현",
      "이훈기 위원",
      "노종면 위원",
      "이정헌 위원",
      "한민수 위원",
      "최형두 위원",
      "이상휘 위원",
      "이해민 위원",
      "신성범 위원",
      "수석전문위원 이복우"
    ],
    "dataset_type": "train",
    "processing_date": "2025-07-31T14:33:39.904963"
  }
}