{
  "id": "train_238",
  "source_dir": "result_EN2002b",
  "notion_output": "```json\n{\n    \"project_name\": \"회의 결과 자동 요약 및 시각화 시스템 개발\",\n    \"project_purpose\": \"회의 내용을 자동으로 요약하고 시각화하여 정보 접근성을 향상시키는 시스템 개발\",\n    \"project_period\": \"2024.01.01 ~ 2024.03.31\",\n    \"project_manager\": \"Speaker_D\",\n    \"core_objectives\": [\n        \"목표 1: 회의 결과를 자동으로 요약하고 주제별로 시각화하는 시스템 개발\",\n        \"목표 2: 사용자 친화적인 인터페이스를 통해 회의 결과 접근성 향상\",\n        \"목표 3: 다양한 결과 유형을 색상으로 구분하여 제공\",\n        \"목표 4: Java 및 NITE를 활용한 효율적인 데이터 처리\"\n    ],\n    \"core_idea\": \"회의 결과를 자동으로 요약하고, 주제별 및 요약별로 시각화하여 제공하는 시스템\",\n    \"idea_description\": \"회의에서 논의된 내용을 바탕으로 자동으로 회의 결과를 요약하고, 주제별 및 요약별로 시각화하여 제공하는 시스템을 개발한다. 이를 통해 사용자는 회의 내용을 쉽게 이해하고, 필요한 정보를 빠르게 찾을 수 있다.\",\n    \"execution_plan\": [\n        {\n            \"phase\": \"1단계: 요구사항 분석 및 시스템 설계\",\n            \"duration\": \"2024.01.01 ~ 2024.01.31\",\n            \"details\": \"회의록에서 논의된 구체적인 기술적 접근 방법을 반영하여 요구사항을 분석하고, 시스템 설계를 진행한다. Java와 NITE를 사용한 데이터 처리 방법을 구체화한다.\"\n        },\n        {\n            \"phase\": \"2단계: 시스템 개발 및 테스트\",\n            \"duration\": \"2024.02.01 ~ 2024.02.28\",\n            \"details\": \"Java 및 NITE를 활용하여 시스템 개발을 진행하고, 테스트를 통해 기능을 검증한다. 다양한 결과 유형을 색상으로 구분하여 제공하는 기능을 구현한다.\"\n        },\n        {\n            \"phase\": \"3단계: 사용자 피드백 수집 및 개선\",\n            \"duration\": \"2024.03.01 ~ 2024.03.31\",\n            \"details\": \"사용자 피드백을 수집하여 시스템을 개선하고, 최종 보고서를 작성한다. 회의록에서 언급된 구체적인 실행 일정과 기술적 접근 방법을 반영하여 실무 활용성을 높인다.\"\n        }\n    ],\n    \"expected_effects\": [\n        \"기대효과 1: 회의 결과 관리 시간 단축 및 효율성 증대\",\n        \"기대효과 2: 회의 결과의 시각적 제공을 통한 이해도 향상\",\n        \"기대효과 3: 사용자 피드백을 통한 시스템 지속적 개선 가능\",\n        \"기대효과 4: Java 및 NITE를 활용한 효율적인 데이터 처리로 시스템 성능 향상\"\n    ],\n    \"additional_notes\": [\n        \"회의에서 논의된 Java와 NITE를 활용한 기술적 접근 방법을 시스템 개발에 반영할 것\",\n        \"회의록에서 언급된 다양한 결과 유형을 색상으로 구분하여 제공하는 기능을 포함할 것\",\n        \"회의록에서 결정된 실행 일정과 기술적 접근 방법을 구체적으로 반영하여 실무 활용성을 높일 것\",\n        \"회의에서 논의된 구체적인 내용과 결정사항을 기획안에 반영하여 프로젝트의 실질적 진행을 보장할 것\"\n    ]\n}\n```",
  "prd_output": "```json\n{\n    \"overview\": \"파싱된 프로젝트는 회의 내용을 기반으로 프로젝트를 생성하는 것을 목적으로 합니다. 이 프로젝트는 회의에서 논의된 내용을 체계적으로 정리하여 프로젝트로 변환하는 데 어려움을 겪는 사용자들을 대상으로 하며, 회의 후 프로젝트 관리의 효율성을 높이는 것을 목표로 합니다. 이를 통해 사용자는 회의 내용을 손쉽게 프로젝트로 전환할 수 있으며, 시간과 노력을 절감할 수 있습니다.\",\n    \"core_features\": \"1. 회의 내용 자동 파싱: 회의 내용을 자동으로 분석하여 프로젝트의 주요 요소로 변환합니다. 2. 프로젝트 생성: 파싱된 데이터를 기반으로 프로젝트를 자동 생성합니다. 3. 목표 설정: 사용자가 설정한 목표를 기반으로 프로젝트의 진행 상황을 추적할 수 있습니다.\",\n    \"user_experience\": \"사용자는 회의 내용을 입력하거나 업로드하면, 시스템이 자동으로 이를 분석하여 프로젝트를 생성합니다. 주요 페르소나는 프로젝트 관리자와 팀 리더로, 이들은 회의 후 빠르게 프로젝트를 설정하고 관리할 수 있습니다. UI/UX는 직관적이고 사용하기 쉬운 인터페이스를 제공하여 사용자 경험을 극대화합니다.\",\n    \"technical_architecture\": \"시스템은 자연어 처리(NLP) 엔진을 사용하여 회의 내용을 분석합니다. 데이터 모델은 회의 내용, 프로젝트 목표, 실행 계획 등을 포함하며, API를 통해 외부 시스템과의 통합을 지원합니다. 인프라는 클라우드 기반으로 확장성을 고려하여 설계됩니다.\",\n    \"development_roadmap\": \"MVP 요구사항은 회의 내용 파싱과 기본적인 프로젝트 생성 기능을 포함합니다. 향후 개선사항으로는 고급 분석 기능과 사용자 맞춤형 대시보드 제공이 있습니다. 단계별 개발 범위는 초기 MVP 개발, 사용자 피드백 수집, 기능 개선의 순서로 진행됩니다.\",\n    \"logical_dependency_chain\": \"기초 기능인 회의 내용 파싱이 우선 개발되어야 하며, 이후 프로젝트 생성 기능이 추가됩니다. 점진적 개발 방식으로 각 기능을 단계적으로 구현하여 사용자 피드백을 반영합니다.\",\n    \"risks_and_mitigations\": \"기술적 도전은 자연어 처리의 정확성을 높이는 것이며, 이를 위해 지속적인 모델 학습이 필요합니다. MVP 정의는 최소한의 기능으로 사용자 가치를 제공하는 것이며, 자원 제약사항은 개발 인력과 시간입니다.\",\n    \"appendix\": \"추가 정보로는 자연어 처리 기술에 대한 연구 결과와 기술 사양이 포함됩니다. 또한, 유사 프로젝트 사례 연구 및 시장 분석 자료가 참고 자료로 제공됩니다.\"\n}\n```",
  "quality_metrics": {
    "final_score": 6.0,
    "is_production_ready": true,
    "iterations_used": 3,
    "is_high_quality": false
  },
  "metadata": {
    "source_file": "../batch_triplet_results\\result_EN2002b\\05_final_result.json",
    "utterance_count": 237,
    "transcript_length": 7504,
    "speakers": [
      "Speaker_B",
      "Speaker_D",
      "Speaker_C",
      "Speaker_A"
    ],
    "dataset_type": "train",
    "processing_date": "2025-07-31T15:28:04.255129"
  }
}