{
  "id": "train_255",
  "source_dir": "result_Bro027_processed",
  "notion_output": "```json\n{\n    \"project_name\": \"ASRU 음성 인식 시스템 최적화 프로젝트\",\n    \"project_purpose\": \"리버브 및 노이즈 보상 기능을 개선하여 다양한 환경에서 음성 인식 시스템의 정확도와 성능을 향상시키는 것\",\n    \"project_period\": \"2023.11.01 ~ 2024.01.31\",\n    \"project_manager\": \"데이브\",\n    \"core_objectives\": [\n        \"목표 1: 리버브 및 노이즈 보상 기능의 기술적 세부사항 최적화\",\n        \"목표 2: VAD(Voice Activity Detection) 시스템의 지연 시간 감소 및 성능 개선\",\n        \"목표 3: 다양한 노이즈 조건에서의 음성 인식 정확도 향상\",\n        \"목표 4: 신경망 기반의 차별적 기능 강화 및 통합\"\n    ],\n    \"core_idea\": \"리버브 및 노이즈 보상 기능을 강화하고, 신경망 기반의 차별적 기능을 활용하여 음성 인식의 정확도를 높이는 것\",\n    \"idea_description\": \"리버브와 노이즈 보상 기능을 개선하고, VAD 시스템의 지연 시간을 줄이며, 신경망 기반의 차별적 기능을 활용하여 다양한 환경에서의 음성 인식 성능을 향상시키는 기술적 접근\",\n    \"execution_plan\": [\n        \"1단계: 현재 시스템 분석 및 문제점 파악 (2023.11.01 ~ 2023.11.15)\",\n        \"2단계: 리버브 및 노이즈 보상 알고리즘의 기술적 세부사항 개선 (2023.11.16 ~ 2023.12.15)\",\n        \"3단계: VAD 시스템 최적화 및 지연 시간 감소 (2023.12.16 ~ 2024.01.15)\",\n        \"4단계: 신경망 기반 차별적 기능의 통합 및 테스트 (2024.01.16 ~ 2024.01.25)\",\n        \"5단계: 개선된 시스템의 종합 평가 및 피드백 반영 (2024.01.26 ~ 2024.01.31)\"\n    ],\n    \"expected_effects\": [\n        \"기대효과 1: 음성 인식 시스템의 전반적인 정확도 향상\",\n        \"기대효과 2: 다양한 환경에서의 안정적인 성능 제공\",\n        \"기대효과 3: 사용자 경험 개선 및 시스템 신뢰도 증가\",\n        \"기대효과 4: 신경망 기반의 차별적 기능을 통한 성능 향상\"\n    ],\n    \"technical_details\": {\n        \"reverberation_handling\": \"리버브를 다루기 위한 필터뱅크 및 삼각형 가중치 적용, 64Hz 주파수 영역에서 시작\",\n        \"noise_compensation\": \"노이즈 보상 프로세스를 통한 SNR 개선, SpeechDat-Car 데이터의 노이즈 보정 포함\",\n        \"VAD_optimization\": \"VAD 시스템의 지연 시간을 220밀리초에서 170밀리초로 감소시키기 위한 최적화, 신경망 기반의 VAD 개선\",\n        \"neural_network_integration\": \"신경망 기반의 차별적 기능을 통해 음성 인식의 정확도를 높이는 방법론 적용, LDA 필터 및 KLT 적용\"\n    }\n}\n```",
  "prd_output": "```json\n{\n    \"overview\": \"파싱된 프로젝트는 회의 내용을 기반으로 한 프로젝트로, 회의에서 논의된 내용을 체계적으로 정리하고 관리할 수 있는 솔루션을 제공합니다. 이 프로젝트는 회의의 효율성을 높이고, 중요한 정보를 놓치지 않도록 돕는 것을 목표로 합니다. 타겟 사용자는 주로 비즈니스 미팅을 자주 하는 전문가들로, 가치 제안은 회의 내용을 자동으로 파싱하여 프로젝트 관리에 활용할 수 있도록 하는 것입니다.\",\n    \"core_features\": \"주요 기능으로는 1) 회의 내용 자동 파싱: 음성 인식 및 자연어 처리 기술을 활용하여 회의 내용을 텍스트로 변환하고, 주요 항목을 추출합니다. 2) 프로젝트 생성 및 관리: 파싱된 내용을 기반으로 자동으로 프로젝트를 생성하고, 할 일 목록을 작성합니다. 3) 협업 도구 통합: Slack, Trello 등과 같은 협업 도구와의 통합을 통해 팀원들과의 원활한 소통을 지원합니다.\",\n    \"user_experience\": \"사용자 경험 설계는 회의에 참여하는 사용자가 앱을 통해 회의 내용을 쉽게 기록하고, 자동으로 생성된 프로젝트를 확인할 수 있도록 합니다. 주요 페르소나는 프로젝트 매니저와 팀 리더로, 이들이 회의 후 즉시 프로젝트를 관리할 수 있는 플로우를 제공합니다. UI/UX는 직관적이고 간결한 디자인을 채택하여 사용자가 쉽게 접근할 수 있도록 합니다.\",\n    \"technical_architecture\": \"시스템 구성요소는 음성 인식 모듈, 자연어 처리 엔진, 데이터베이스, API 서버로 구성됩니다. 데이터 모델은 회의 기록, 프로젝트, 할 일 목록 등의 엔티티로 구성되며, 각 엔티티 간의 관계를 정의합니다. 인프라 요구사항으로는 클라우드 기반의 확장 가능한 서버 환경이 필요합니다.\",\n    \"development_roadmap\": \"개발 로드맵은 MVP 단계에서 회의 내용 파싱 및 프로젝트 생성 기능을 우선 구현하고, 이후 협업 도구 통합 및 사용자 피드백 기반의 기능 개선을 계획합니다. 단계별 개발 범위는 초기 버전에서는 핵심 기능에 집중하고, 점차 부가 기능을 추가하는 방식으로 진행됩니다.\",\n    \"logical_dependency_chain\": \"논리적 의존성 체인은 음성 인식 및 자연어 처리 기술 구현을 최우선으로 하며, 이후 프로젝트 생성 및 관리 기능을 개발합니다. 협업 도구 통합은 기본 기능이 안정화된 후에 진행됩니다.\",\n    \"risks_and_mitigations\": \"위험 요소로는 음성 인식의 정확도, 자연어 처리의 복잡성, 그리고 협업 도구와의 통합 시 발생할 수 있는 기술적 도전이 있습니다. 이를 완화하기 위해 초기 MVP에서는 핵심 기능에 집중하고, 사용자 피드백을 통해 점진적으로 개선해 나가는 전략을 채택합니다. 자원 제약사항으로는 개발 인력의 한정된 시간과 예산이 있습니다.\",\n    \"appendix\": \"추가 정보로는 음성 인식 및 자연어 처리 기술에 대한 최신 연구 결과와 기술 사양이 포함됩니다. 또한, 협업 도구 통합을 위한 API 문서와 관련 자료가 제공됩니다.\"\n}\n```",
  "quality_metrics": {
    "final_score": 6.0,
    "is_production_ready": true,
    "iterations_used": 3,
    "is_high_quality": false
  },
  "metadata": {
    "source_file": "../batch_triplet_results\\result_Bro027_processed\\05_final_result.json",
    "utterance_count": 833,
    "transcript_length": 27664,
    "speakers": [
      "Speaker_B",
      "Speaker_D",
      "Speaker_C",
      "Speaker_A"
    ],
    "dataset_type": "train",
    "processing_date": "2025-07-31T16:00:53.490646"
  }
}