{
  "id": "train_227",
  "source_dir": "result_ES2011a",
  "notion_output": "```json\n{\n    \"project_name\": \"트렌디 사용자 친화적 리모컨 개발 프로젝트\",\n    \"project_purpose\": \"사용자 친화적이며 독창적이고 트렌디한 리모컨을 개발하여 시장에서 경쟁력을 확보\",\n    \"project_period\": \"2024.01.01 ~ 2024.06.30\",\n    \"project_manager\": \"애비\",\n    \"core_objectives\": [\n        \"목표 1: 사용자 친화적인 인터페이스를 갖춘 리모컨 디자인\",\n        \"목표 2: 기능적 및 개념적 디자인의 통합\",\n        \"목표 3: 25유로의 가격으로 5천만 유로의 수익 달성\"\n    ],\n    \"core_idea\": \"기능적 및 개념적 디자인을 결합한 혁신적인 리모컨 개발\",\n    \"idea_description\": \"리모컨은 매끈한 디자인과 사용자 편의성을 강조하며, 최소한의 버튼으로 최대한의 기능을 제공. 또한, 손에 쥐기 편한 크기와 방수 기능을 포함하여 사용자의 일상적인 사용 편의성을 높임.\",\n    \"execution_plan\": \"1. 도구 교육 (2024.01.01 ~ 2024.01.15)\\n2. 디자인 컨셉 확립 (2024.01.16 ~ 2024.02.15)\\n3. 프로토타입 개발 (2024.02.16 ~ 2024.03.31)\\n4. 사용자 테스트 및 피드백 반영 (2024.04.01 ~ 2024.04.30)\\n5. 최종 디자인 및 생산 준비 (2024.05.01 ~ 2024.06.30)\",\n    \"expected_effects\": [\n        \"기대효과 1: 시장에서의 경쟁력 강화 및 브랜드 이미지 제고\",\n        \"기대효과 2: 사용자 만족도 향상 및 고객 충성도 증가\",\n        \"기대효과 3: 5천만 유로의 매출 목표 달성으로 인한 수익성 증대\"\n    ]\n}\n```",
  "prd_output": "```json\n{\n    \"overview\": \"파싱된 프로젝트는 회의 내용을 기반으로 프로젝트를 관리하는 시스템입니다. 이 프로젝트는 회의에서 논의된 내용을 체계적으로 정리하고, 이를 바탕으로 프로젝트를 효율적으로 관리할 수 있도록 돕습니다. 타겟 사용자는 회의에서 생성된 정보를 효과적으로 활용하고자 하는 팀과 조직입니다. 이 시스템은 회의 내용을 자동으로 파싱하여 프로젝트로 변환함으로써 시간 절약과 정보의 일관성을 제공합니다.\",\n    \"core_features\": \"1. 회의 내용 자동 파싱: 회의에서 논의된 내용을 자동으로 텍스트로 변환하고, 이를 프로젝트 관리에 필요한 정보로 구조화합니다. 2. 프로젝트 생성 및 관리: 파싱된 내용을 바탕으로 프로젝트를 생성하고, 관련된 작업 항목을 관리합니다. 3. 협업 기능: 팀원들과의 실시간 협업을 지원하며, 변경 사항을 추적할 수 있습니다.\",\n    \"user_experience\": \"사용자는 회의가 끝난 후, 시스템에 회의 녹음을 업로드합니다. 시스템은 이를 자동으로 파싱하여 프로젝트를 생성합니다. 사용자는 생성된 프로젝트를 검토하고, 필요에 따라 수정할 수 있습니다. 주요 페르소나는 프로젝트 매니저와 팀원들로, 직관적이고 간편한 UI/UX를 통해 빠르게 프로젝트를 관리할 수 있도록 설계되었습니다.\",\n    \"technical_architecture\": \"시스템은 클라우드 기반으로 설계되며, 음성 인식 API를 통해 회의 내용을 텍스트로 변환합니다. 데이터베이스는 파싱된 정보를 저장하고, 프로젝트 관리 기능을 지원합니다. API는 외부 협업 도구와의 연동을 지원하며, 인프라는 확장성을 고려하여 설계되었습니다.\",\n    \"development_roadmap\": \"1단계: MVP 개발 - 회의 내용 파싱 및 기본 프로젝트 생성 기능 구현. 2단계: 협업 기능 추가 - 팀원들과의 실시간 협업 지원. 3단계: 외부 도구 연동 - 다양한 협업 도구와의 연동 기능 추가.\",\n    \"logical_dependency_chain\": \"먼저 음성 인식 및 파싱 기능을 구현하여 기초 데이터를 확보합니다. 이후 프로젝트 생성 기능을 개발하고, 마지막으로 협업 및 외부 도구 연동 기능을 추가합니다.\",\n    \"risks_and_mitigations\": \"기술적 도전은 음성 인식의 정확도와 파싱의 정밀도입니다. 이를 위해 최신 음성 인식 기술을 활용하고, 지속적인 데이터 학습을 통해 정확도를 높입니다. 자원 제약사항은 초기 개발 인력과 시간으로, MVP를 명확히 정의하여 우선순위를 설정합니다.\",\n    \"appendix\": \"추가 정보로는 음성 인식 기술에 대한 연구 자료와, 유사 프로젝트 사례 분석이 포함됩니다. 기술 사양은 클라우드 인프라 구성과 API 명세서를 포함합니다.\"\n}\n```",
  "quality_metrics": {
    "final_score": 6.0,
    "is_production_ready": true,
    "iterations_used": 1,
    "is_high_quality": false
  },
  "metadata": {
    "source_file": "../batch_triplet_results\\result_ES2011a\\05_final_result.json",
    "utterance_count": 123,
    "transcript_length": 3980,
    "speakers": [
      "Speaker_B",
      "Speaker_D",
      "Speaker_C",
      "Speaker_A"
    ],
    "dataset_type": "train",
    "processing_date": "2025-07-31T15:16:36.142337"
  }
}