{
  "id": "train_041",
  "source_dir": "result_TS3003d",
  "notion_output": "```json\n{\n    \"project_name\": \"스마트 리모컨 디자인 혁신 프로젝트\",\n    \"project_purpose\": \"사용자 친화적이고 비용 효율적인 스마트 리모컨 개발\",\n    \"project_period\": \"2025.01.01 ~ 2025.03.31\",\n    \"project_manager\": \"Speaker_A\",\n    \"core_objectives\": [\n        \"목표 1: 리모컨의 버튼 수를 최소화하여 사용성을 개선\",\n        \"목표 2: 고급 칩과 LCD 디스플레이를 활용한 혁신적 디자인 구현\",\n        \"목표 3: 생산 비용을 절감하여 시장 경쟁력 강화\"\n    ],\n    \"core_idea\": \"스크롤 휠과 최소한의 버튼을 결합한 스마트 리모컨 설계\",\n    \"idea_description\": \"기존의 다수의 버튼을 스크롤 휠과 몇 개의 필수 버튼으로 대체하여 사용성을 높이고, LCD 디스플레이를 통해 사용자에게 직관적인 인터페이스를 제공. 이를 통해 생산 비용을 절감하고, 젊은 사용자층을 타겟으로 한 혁신적 디자인을 구현.\",\n    \"execution_plan\": \"1단계: 디자인 프로토타입 개발 (2025.01.01 ~ 2025.01.31)\\n2단계: 기술적 구현 및 테스트 (2025.02.01 ~ 2025.02.28)\\n3단계: 시장 테스트 및 피드백 수집 (2025.03.01 ~ 2025.03.15)\\n4단계: 최종 제품 출시 준비 (2025.03.16 ~ 2025.03.31)\",\n    \"expected_effects\": [\n        \"기대효과 1: 사용자 인터페이스 개선으로 인한 고객 만족도 향상\",\n        \"기대효과 2: 생산 비용 절감으로 인한 가격 경쟁력 확보\",\n        \"기대효과 3: 혁신적 디자인을 통한 브랜드 이미지 강화 및 시장 점유율 확대\"\n    ]\n}\n```",
  "prd_output": "```json\n{\n    \"overview\": \"파싱된 프로젝트는 회의 내용을 기반으로 한 프로젝트로, 회의 중 논의된 핵심 아이디어와 실행 계획을 체계적으로 관리할 수 있도록 돕습니다. 이 프로젝트는 회의에서 나온 아이디어를 효율적으로 파악하고 실행 가능하도록 지원하며, 주 타겟 사용자는 회의 주최자 및 참가자입니다. 이를 통해 회의의 생산성을 높이고, 아이디어의 실행력을 강화하는 가치를 제공합니다.\",\n    \"core_features\": \"1. 회의 내용 자동 파싱: 회의 내용을 자동으로 분석하고 핵심 아이디어를 추출합니다.\\n2. 실행 계획 생성: 추출된 아이디어를 바탕으로 실행 계획을 자동 생성합니다.\\n3. 목표 설정 및 추적: 설정된 목표를 관리하고 진행 상황을 추적할 수 있습니다.\",\n    \"user_experience\": \"사용자는 회의 후 자동으로 생성된 프로젝트 개요를 확인하고, 필요한 경우 수동으로 수정할 수 있습니다. 주요 페르소나는 회의 주최자이며, 이들은 회의 후 빠르게 실행 계획을 수립하고 팀과 공유할 수 있습니다. UI/UX는 직관적이고 사용자가 쉽게 접근할 수 있도록 설계됩니다.\",\n    \"technical_architecture\": \"시스템은 클라우드 기반으로 구축되며, 데이터 모델은 회의 내용과 관련된 텍스트 데이터를 저장하고 분석하는 구조로 설계됩니다. API는 회의 내용 입력 및 결과 출력 기능을 지원하며, 인프라는 AWS를 기반으로 합니다.\",\n    \"development_roadmap\": \"MVP는 회의 내용 파싱 및 실행 계획 자동 생성 기능을 포함합니다. 이후 단계에서는 사용자 피드백을 반영하여 목표 추적 기능을 개선하고, 추가적인 통합 기능을 개발할 예정입니다.\",\n    \"logical_dependency_chain\": \"1. 회의 내용 파싱 기능 개발\\n2. 실행 계획 생성 기능 개발\\n3. 목표 설정 및 추적 기능 개발\\n4. 사용자 피드백 반영 및 개선\",\n    \"risks_and_mitigations\": \"기술적 도전은 자연어 처리 기술의 정확성 확보이며, 이를 위해 최신 NLP 모델을 활용합니다. MVP 정의는 핵심 기능에 집중하며, 자원 제약사항은 클라우드 비용 관리로 완화합니다.\",\n    \"appendix\": \"추가 정보로는 최신 NLP 기술 연구 결과 및 클라우드 인프라 사양이 포함됩니다.\"\n}\n```",
  "quality_metrics": {
    "final_score": 6.0,
    "is_production_ready": true,
    "iterations_used": 1,
    "is_high_quality": false
  },
  "metadata": {
    "source_file": "../batch_triplet_results\\result_TS3003d\\05_final_result.json",
    "utterance_count": 428,
    "transcript_length": 13545,
    "speakers": [
      "Speaker_B",
      "Speaker_D",
      "Speaker_C",
      "Speaker_A"
    ],
    "dataset_type": "train",
    "processing_date": "2025-07-31T11:34:02.279054"
  }
}