{
  "id": "train_025",
  "source_dir": "result_Bro024_processed",
  "notion_output": "```json\n{\n    \"project_name\": \"SmartKom 대화형 시스템 성능 최적화 및 평가 시스템 구축 프로젝트\",\n    \"project_purpose\": \"대화형 시스템의 성능을 최적화하고 평가 시스템을 도입하여 사용자 경험을 향상시키는 것\",\n    \"project_period\": \"2025.01.01 ~ 2025.03.31\",\n    \"project_manager\": \"Sunil\",\n    \"core_objectives\": [\n        \"목표 1: SmartKom 시스템의 평균 뺄셈 방식을 개선하여 성능 최적화\",\n        \"목표 2: 다양한 잔향 조건에서 시스템의 반응성을 높이기 위한 실험 수행\",\n        \"목표 3: 대화형 시스템에서 새로운 기술적 접근법을 적용하여 사용자 경험 개선\",\n        \"목표 4: 평가 시스템 도입을 통해 지속적인 성능 개선 가능성 확보\"\n    ],\n    \"core_idea\": \"대화형 시스템의 성능을 개선하고 평가 시스템을 도입하여 사용자 경험을 향상시키는 것\",\n    \"idea_description\": \"SmartKom 시스템에 평균 뺄셈 방식을 통합하고, 다양한 잔향 조건에서의 성능을 실험하여 최적화된 대화형 시스템을 구축합니다. 이를 통해 사용자에게 더 나은 경험을 제공하고, 시스템의 평가를 통해 지속적인 개선을 도모합니다.\",\n    \"execution_plan\": [\n        \"1단계: SmartKom 시스템의 평균 뺄셈 방식 분석 및 개선 (2025.01.01 ~ 2025.01.31)\",\n        \"2단계: 다양한 잔향 조건에서의 성능 실험 및 데이터 수집 (2025.02.01 ~ 2025.02.28)\",\n        \"3단계: 실험 결과 분석 및 시스템 최적화 (2025.03.01 ~ 2025.03.15)\",\n        \"4단계: 평가 시스템 도입 및 최종 보고서 작성 (2025.03.16 ~ 2025.03.31)\"\n    ],\n    \"technical_details\": [\n        \"평균 뺄셈 방식의 개선을 위해 단기 창 FFT 및 켑스트럼 평균 뺄셈 기법 적용\",\n        \"잔향 조건 실험에서 1초, 2초, 4초의 분석 윈도우 길이 사용\",\n        \"LDA 필터와 클린 필터를 사용하여 노이즈 감소 및 성능 최적화\",\n        \"다중 대역 접근 방식을 통한 중간 범주 집합 인식\",\n        \"SpeechDat-Car 및 TI-digits 데이터셋을 활용하여 성능 비교 및 평가\"\n    ],\n    \"evaluation_methodology\": [\n        \"SpeechDat-Car 및 TI-digits 데이터셋을 활용한 성능 비교\",\n        \"평가 시스템을 통해 성능 지표 수집 및 분석\",\n        \"사용자 피드백을 통한 주관적 평가 병행\"\n    ],\n    \"expected_effects\": [\n        \"기대효과 1: 대화형 시스템의 성능이 8% 이상 향상되어 사용자 만족도가 증가\",\n        \"기대효과 2: 다양한 환경에서의 시스템 반응성 개선으로 사용자 경험이 향상\",\n        \"기대효과 3: 평가 시스템 도입을 통해 지속적인 성능 개선 가능\"\n    ]\n}\n```",
  "prd_output": "```json\n{\n    \"overview\": \"파싱된 프로젝트는 회의 내용을 기반으로 한 프로젝트입니다. 이 프로젝트는 회의에서 논의된 내용을 체계적으로 정리하고 관리할 수 있는 솔루션을 제공합니다. 타겟 사용자는 주로 기업의 회의 관리자와 팀 리더들로, 회의 후속 조치를 효율적으로 관리하고자 하는 이들에게 가치를 제공합니다.\",\n    \"core_features\": \"1. 회의 내용 자동 파싱: 회의 내용을 자동으로 파싱하여 주요 항목을 추출합니다.\\n2. 프로젝트 생성 및 관리: 파싱된 내용을 기반으로 프로젝트를 생성하고 관리할 수 있습니다.\\n3. 알림 및 리마인더: 중요한 마일스톤과 할 일에 대해 알림을 설정할 수 있습니다.\",\n    \"user_experience\": \"사용자는 회의 후 파싱된 내용을 검토하고 프로젝트로 변환할 수 있습니다. 페르소나는 회의 관리자와 팀 리더로, 주요 플로우는 회의 내용 업로드 -> 자동 파싱 -> 프로젝트 생성 -> 관리 및 알림 설정입니다. UI/UX는 직관적이고 사용하기 쉬운 인터페이스를 제공합니다.\",\n    \"technical_architecture\": \"시스템은 클라우드 기반으로 설계되며, 데이터 모델은 회의 내용, 프로젝트, 사용자 정보로 구성됩니다. API는 외부 회의 플랫폼과의 연동을 지원하며, 인프라는 AWS를 기반으로 구축됩니다.\",\n    \"development_roadmap\": \"MVP는 회의 내용 파싱 및 프로젝트 생성 기능을 포함합니다. 향후 개선사항으로는 AI 기반의 파싱 정확도 향상과 다양한 회의 플랫폼과의 통합이 있습니다. 단계별 개발 범위는 초기 파싱 기능 개발 -> 프로젝트 관리 기능 추가 -> 알림 기능 구현입니다.\",\n    \"logical_dependency_chain\": \"기초 기능인 회의 내용 파싱이 우선 개발되어야 하며, 이후 프로젝트 생성 및 관리 기능이 추가됩니다. 점진적으로 알림 기능과 외부 플랫폼 통합이 이루어집니다.\",\n    \"risks_and_mitigations\": \"기술적 도전은 AI 파싱의 정확도이며, 이를 위해 지속적인 모델 학습과 테스트가 필요합니다. MVP 정의는 파싱 및 기본 프로젝트 생성 기능으로, 자원 제약사항은 AI 모델 학습에 필요한 데이터와 인프라입니다.\",\n    \"appendix\": \"추가 정보로는 회의 내용 파싱에 사용되는 AI 모델 연구 결과와 기술 사양이 포함됩니다.\"\n}\n```",
  "quality_metrics": {
    "final_score": 6.0,
    "is_production_ready": true,
    "iterations_used": 3,
    "is_high_quality": false
  },
  "metadata": {
    "source_file": "../batch_triplet_results\\result_Bro024_processed\\05_final_result.json",
    "utterance_count": 776,
    "transcript_length": 26353,
    "speakers": [
      "Speaker_D",
      "Speaker_F",
      "Speaker_A",
      "Speaker_H",
      "Speaker_G",
      "Speaker_B",
      "Speaker_E",
      "Speaker_C"
    ],
    "dataset_type": "train",
    "processing_date": "2025-07-31T11:16:04.413356"
  }
}