{
  "id": "train_211",
  "source_dir": "result_제22대국회 제418회(정기회) 제9차 과학기술정보방송통신위원회(전체회의) (2024.10.21.)",
  "notion_output": "```json\n{\n    \"project_name\": \"증인 출석 및 동행명령장 발부 관리 프로젝트\",\n    \"project_purpose\": \"국회 과학기술정보방송통신위원회에서 증인 출석과 관련된 절차를 효율적으로 관리하고, 동행명령장 발부 및 집행 절차를 체계화하여 회의의 원활한 진행을 도모한다.\",\n    \"project_period\": \"2023.11.01 ~ 2024.01.31\",\n    \"project_manager\": \"최민희 위원장\",\n    \"core_objectives\": [\n        \"목표 1: 증인 출석 요구 및 불출석 사유서 검토 절차 개선\",\n        \"목표 2: 동행명령장 발부 및 집행 절차의 효율성 강화\",\n        \"목표 3: 증인 출석 관련 법적 절차와 국회법 준수 강화\"\n    ],\n    \"core_idea\": \"증인 출석 및 동행명령장 발부 절차의 체계적 관리\",\n    \"idea_description\": \"회의에서 논의된 증인 출석 문제를 해결하기 위해, 증인 출석 요구와 불출석 사유서의 검토 절차를 개선하고, 동행명령장 발부 및 집행 절차를 명확히 하여 효율성을 높인다. 이를 통해 회의의 원활한 진행과 법적 절차의 준수를 보장한다.\",\n    \"execution_plan\": \"1. 증인 출석 요구 및 불출석 사유서 검토 절차 개선 (2023.11.01 ~ 2023.11.30)\\n2. 동행명령장 발부 및 집행 절차 수립 (2023.12.01 ~ 2023.12.31)\\n3. 법적 절차 및 국회법 준수 교육 및 점검 (2024.01.01 ~ 2024.01.31)\",\n    \"expected_effects\": [\n        \"기대효과 1: 증인 출석 요구 및 불출석 사유서 검토 절차의 투명성 및 신뢰성 향상\",\n        \"기대효과 2: 동행명령장 발부 및 집행 절차의 효율성 및 신속성 강화\",\n        \"기대효과 3: 법적 절차와 국회법 준수를 통한 회의의 원활한 진행 및 법적 분쟁 최소화\"\n    ]\n}\n```",
  "prd_output": "```json\n{\n    \"overview\": \"파싱된 프로젝트는 회의 내용을 기반으로 프로젝트를 관리하고 조직화하는 도구입니다. 이 프로젝트는 회의에서 논의된 내용을 효율적으로 파악하고 이를 기반으로 프로젝트를 생성 및 관리하는 문제를 해결합니다. 타겟 사용자는 회의를 자주 진행하는 팀 리더 및 프로젝트 매니저입니다. 이 도구는 회의에서 얻은 정보를 체계적으로 정리하여 프로젝트의 효율성을 높이는 가치를 제공합니다.\",\n    \"core_features\": \"1. 회의 내용 파싱: 회의에서 논의된 내용을 자동으로 파싱하여 프로젝트에 반영합니다. 2. 프로젝트 생성: 파싱된 내용을 기반으로 자동으로 프로젝트를 생성합니다. 3. 목표 설정: 파싱된 내용을 통해 프로젝트의 핵심 목표를 자동으로 설정합니다. 4. 실행 계획 수립: 파싱된 데이터를 통해 실행 계획을 자동으로 수립합니다.\",\n    \"user_experience\": \"사용자는 회의 내용을 입력하거나 업로드하면 시스템이 자동으로 내용을 분석하여 프로젝트를 생성합니다. 주요 페르소나는 프로젝트 매니저로, 회의 후 빠르게 프로젝트를 구성하고 싶어합니다. UI/UX는 직관적이고 사용자가 쉽게 회의 내용을 입력할 수 있도록 설계됩니다.\",\n    \"technical_architecture\": \"시스템은 자연어 처리(NLP) 엔진을 통해 회의 내용을 파싱합니다. 데이터 모델은 회의 내용, 프로젝트 목표, 실행 계획 등의 엔티티로 구성됩니다. API는 외부 회의 기록 시스템과의 연동을 지원합니다. 인프라는 클라우드 기반으로 확장성을 고려하여 설계됩니다.\",\n    \"development_roadmap\": \"MVP 요구사항은 회의 내용 파싱 및 프로젝트 생성 기능입니다. 이후 개선사항으로는 사용자 피드백 기반의 기능 추가 및 UI 개선이 포함됩니다. 단계별 개발 범위는 초기 파싱 기능 개발, 프로젝트 생성 자동화, 목표 및 계획 설정 기능 확장으로 나뉩니다.\",\n    \"logical_dependency_chain\": \"개발 순서는 먼저 회의 내용 파싱 기능을 구현한 후, 이를 기반으로 프로젝트 생성 기능을 개발합니다. 이후 목표 설정 및 실행 계획 수립 기능을 추가합니다. 기초 기능은 파싱 엔진이며, 이를 기반으로 점진적으로 기능을 확장합니다.\",\n    \"risks_and_mitigations\": \"기술적 도전은 자연어 처리의 정확성입니다. 이를 위해 다양한 회의 데이터를 수집하여 학습 모델을 개선합니다. MVP는 회의 내용 파싱 및 프로젝트 생성 기능으로 정의됩니다. 자원 제약사항은 초기 데이터 수집 및 모델 학습에 필요한 시간과 인력입니다.\",\n    \"appendix\": \"추가 정보로는 자연어 처리 기술의 최신 연구 결과 및 관련 기술 사양이 포함됩니다. 또한, 회의 기록 시스템과의 연동을 위한 API 문서가 제공됩니다.\"\n}\n```",
  "quality_metrics": {
    "final_score": 6.0,
    "is_production_ready": true,
    "iterations_used": 1,
    "is_high_quality": false
  },
  "metadata": {
    "source_file": "../batch_triplet_results\\result_제22대국회 제418회(정기회) 제9차 과학기술정보방송통신위원회(전체회의) (2024.10.21.)\\05_final_result.json",
    "utterance_count": 112,
    "transcript_length": 4395,
    "speakers": [
      "김현 위원",
      "박충권 위원",
      "노종면 위원",
      "최형두 위원",
      "출석 전문위원",
      "위원장 최민희",
      "신성범 위원"
    ],
    "dataset_type": "train",
    "processing_date": "2025-07-31T15:05:12.896966"
  }
}