{
  "id": "train_140",
  "source_dir": "result_Bmr019_processed",
  "notion_output": "```json\n{\n    \"project_name\": \"무선 인터넷 최적화 및 TI-digits 기반 음성 인식 시스템 개선 프로젝트\",\n    \"project_purpose\": \"무선 인터넷 사용자 연결 상태 실시간 모니터링 및 TI-digits 데이터베이스를 활용한 음성 인식 시스템의 성능 최적화\",\n    \"project_period\": \"2024.01.01 ~ 2024.06.30\",\n    \"project_manager\": \"Speaker_I\",\n    \"core_objectives\": [\n        \"목표 1: 무선 인터넷 사용자 연결 상태 실시간 모니터링 시스템 구축\",\n        \"목표 2: TI-digits 데이터베이스를 활용한 음성 인식기 성능 개선 및 오류율 감소\",\n        \"목표 3: 다양한 환경에서의 음성 인식 정확도 향상 및 스피커 적응 기술 개발\"\n    ],\n    \"core_idea\": \"무선 인터넷 사용 최적화와 TI-digits 데이터베이스를 활용한 음성 인식 시스템의 성능 개선을 동시에 추진\",\n    \"idea_description\": \"무선 인터넷 사용자의 연결 상태를 실시간으로 모니터링하고, TI-digits 데이터베이스를 활용하여 음성 인식기의 성능을 개선하며, 다양한 환경에서의 음성 인식 정확도를 높이는 기술적 접근. 특히, 스피커 적응 및 평균 및 분산 정규화를 통해 인식 정확도를 향상시킴.\",\n    \"execution_plan\": [\n        \"1단계: 무선 인터넷 사용자 연결 상태 모니터링 시스템 설계 및 구축 (2024.01.01 ~ 2024.02.28)\",\n        \"2단계: TI-digits 데이터베이스를 활용한 음성 인식기 성능 개선 연구 및 스피커 적응 기술 개발 (2024.03.01 ~ 2024.04.30)\",\n        \"3단계: 다양한 환경에서의 음성 인식 정확도 테스트 및 최적화, 평균 및 분산 정규화 적용 (2024.05.01 ~ 2024.06.30)\"\n    ],\n    \"expected_effects\": [\n        \"기대효과 1: 무선 인터넷 사용자 경험 개선 및 네트워크 안정성 향상\",\n        \"기대효과 2: 음성 인식 시스템의 오류율 감소 및 사용자 만족도 증가, 특히 스피커 적응을 통한 성능 향상\",\n        \"기대효과 3: 다양한 환경에서의 음성 인식 정확도 향상으로 인한 서비스 범위 확대 및 기술적 우위 확보\"\n    ],\n    \"additional_details\": {\n        \"TI-digits 관련 세부사항\": \"TI-digits 데이터베이스는 다양한 화자와 발화 데이터를 포함하며, 이를 통해 스피커 ID 추출 및 스피커 적응 기술을 적용하여 인식 성능을 개선할 계획입니다.\",\n        \"기술적 개선 방안\": \"스피커 적응을 위한 스크립트 수정, 평균 및 분산 정규화 적용, 다양한 환경에서의 테스트를 통해 인식기의 성능을 최적화합니다.\"\n    }\n}\n```",
  "prd_output": "```json\n{\n    \"overview\": \"파싱된 프로젝트는 회의 내용을 기반으로 프로젝트를 관리하고 추적하는 도구입니다. 이 프로젝트는 회의에서 논의된 사항을 체계적으로 정리하고, 이를 바탕으로 프로젝트를 효율적으로 관리하고자 하는 사용자들을 대상으로 합니다. 이를 통해 사용자는 회의 후에도 중요한 정보를 놓치지 않고, 프로젝트 진행 상황을 명확히 파악할 수 있습니다.\",\n    \"core_features\": \"1. 회의 내용 자동 파싱: 회의에서 논의된 내용을 자동으로 텍스트로 변환하고, 이를 프로젝트 관리에 활용할 수 있도록 합니다. 2. 프로젝트 생성 및 관리: 파싱된 회의 내용을 기반으로 새로운 프로젝트를 생성하고, 진행 상황을 추적할 수 있습니다. 3. 알림 및 리마인더: 중요한 마일스톤이나 일정에 대해 사용자에게 알림을 제공하여 프로젝트가 원활하게 진행되도록 지원합니다.\",\n    \"user_experience\": \"사용자는 회의 후 파싱된 내용을 확인하고, 이를 바탕으로 프로젝트를 생성합니다. 페르소나는 프로젝트 매니저와 팀 리더로 설정되며, 주요 플로우는 회의 내용 확인 -> 프로젝트 생성 -> 진행 상황 추적입니다. UI/UX는 직관적이고 사용자가 쉽게 접근할 수 있도록 설계됩니다.\",\n    \"technical_architecture\": \"시스템은 클라우드 기반으로 구성되며, 데이터 모델은 회의 내용, 프로젝트 정보, 사용자 정보를 포함합니다. API는 외부 회의 플랫폼과의 연동을 지원하며, 인프라는 AWS를 기반으로 구축됩니다.\",\n    \"development_roadmap\": \"MVP는 회의 내용 파싱 및 프로젝트 생성 기능을 포함합니다. 이후 단계에서는 알림 기능과 외부 플랫폼 연동 기능이 추가됩니다. 각 단계별로 사용자 피드백을 반영하여 개선합니다.\",\n    \"logical_dependency_chain\": \"1. 회의 내용 파싱 기능 개발 2. 프로젝트 생성 기능 개발 3. 알림 및 리마인더 기능 개발 4. 외부 플랫폼 연동 기능 개발. 기초 기능을 우선 개발하고, 점진적으로 고급 기능을 추가합니다.\",\n    \"risks_and_mitigations\": \"기술적 도전은 회의 내용의 정확한 파싱이며, 이를 위해 자연어 처리 기술을 활용합니다. MVP는 핵심 기능에 집중하며, 자원 제약사항은 클라우드 서비스 사용으로 완화합니다.\",\n    \"appendix\": \"추가 정보로는 자연어 처리 기술 연구 결과와 클라우드 인프라 사양이 포함됩니다.\"\n}\n```",
  "quality_metrics": {
    "final_score": 6.0,
    "is_production_ready": true,
    "iterations_used": 3,
    "is_high_quality": false
  },
  "metadata": {
    "source_file": "../batch_triplet_results\\result_Bmr019_processed\\05_final_result.json",
    "utterance_count": 630,
    "transcript_length": 21244,
    "speakers": [
      "Speaker_F",
      "Speaker_A",
      "Speaker_H",
      "Speaker_G",
      "Speaker_B",
      "Speaker_E",
      "Speaker_I",
      "Speaker_D",
      "Speaker_C"
    ],
    "dataset_type": "train",
    "processing_date": "2025-07-31T13:34:09.630909"
  }
}