{
  "id": "train_035",
  "source_dir": "result_제22대국회 제427회(임시회) 제1차 국방위원회(전체회의) (2025.07.08.)",
  "notion_output": "```json\n{\n    \"project_name\": \"국방부장관 인사청문회 계획\",\n    \"project_purpose\": \"국방부장관 후보자에 대한 인사청문회를 통해 후보자의 자질과 도덕성을 검증하고, 국방과 안보를 책임질 적임자인지를 평가\",\n    \"project_period\": \"2023.07.15\",\n    \"project_manager\": \"성일종 위원장\",\n    \"core_objectives\": [\n        \"목표 1: 국방부장관 후보자의 정책 및 도덕성 검증\",\n        \"목표 2: 청문회 자료 제출 및 검토를 통한 철저한 준비\",\n        \"목표 3: 청문회 진행의 투명성과 효율성 확보\"\n    ],\n    \"core_idea\": \"국방부장관 후보자에 대한 인사청문회를 통해 후보자의 자질과 정책 능력을 철저히 검증\",\n    \"idea_description\": \"국방부장관 후보자의 정책 능력과 도덕성을 공개적으로 검증하여, 국민에게 신뢰받는 국방 리더십을 구축\",\n    \"execution_plan\": \"1. 인사청문회 계획서 채택 및 자료 제출 요구 (2023.07.11까지)\\n2. 자료 검토 및 청문회 준비 (2023.07.11 ~ 2023.07.14)\\n3. 인사청문회 실시 (2023.07.15)\\n4. 청문회 결과 보고서 작성 및 채택\",\n    \"expected_effects\": [\n        \"기대효과 1: 후보자의 정책 능력과 도덕성에 대한 국민의 신뢰 증진\",\n        \"기대효과 2: 국방부장관 임명에 대한 투명성과 공정성 확보\",\n        \"기대효과 3: 국방위의 국방 및 안보 정책 검증 역량 강화\"\n    ]\n}\n```",
  "prd_output": "```json\n{\n    \"overview\": \"파싱된 프로젝트는 회의 내용을 기반으로 프로젝트를 관리하고 추적하는 도구입니다. 이 프로젝트는 회의에서 논의된 내용을 체계적으로 정리하고, 이를 바탕으로 프로젝트를 생성 및 관리하는 문제를 해결합니다. 타겟 사용자는 회의에서 나온 아이디어와 결정을 효율적으로 관리하고자 하는 팀 및 조직입니다. 이 프로젝트는 회의에서 나온 정보를 자동으로 파싱하여 프로젝트로 전환함으로써 시간 절약과 효율성을 제공합니다.\",\n    \"core_features\": \"1. 회의 내용 자동 파싱: 회의에서 논의된 내용을 자동으로 파싱하여 프로젝트로 변환합니다. 2. 프로젝트 생성 및 관리: 파싱된 내용을 기반으로 프로젝트를 생성하고, 이를 관리할 수 있는 기능을 제공합니다. 3. 사용자 정의 템플릿: 다양한 회의 유형에 맞춘 사용자 정의 템플릿을 제공합니다. 4. 알림 및 업데이트: 프로젝트 진행 상황에 대한 알림 및 업데이트 기능을 통해 팀원들과의 원활한 소통을 지원합니다.\",\n    \"user_experience\": \"사용자는 회의가 끝난 후, 회의 기록을 업로드하여 자동으로 프로젝트를 생성할 수 있습니다. 주요 페르소나는 프로젝트 매니저와 팀 리더로, 이들은 회의 내용을 손쉽게 관리하고 팀원들에게 공유할 수 있습니다. UI/UX는 직관적이고 사용하기 쉬운 인터페이스를 제공하여, 사용자가 최소한의 클릭으로 원하는 작업을 수행할 수 있도록 설계됩니다.\",\n    \"technical_architecture\": \"시스템은 클라우드 기반으로 설계되며, 주요 구성 요소는 데이터 파싱 엔진, 프로젝트 관리 모듈, 사용자 인터페이스로 구성됩니다. 데이터 모델은 회의 기록, 프로젝트 정보, 사용자 데이터를 포함하며, API는 외부 회의 기록 시스템과의 통합을 지원합니다. 인프라 요구사항으로는 안정적인 클라우드 서버와 데이터베이스가 필요합니다.\",\n    \"development_roadmap\": \"MVP에서는 기본적인 회의 내용 파싱과 프로젝트 생성 기능을 구현합니다. 이후 단계에서는 사용자 정의 템플릿과 알림 기능을 추가하며, 최종적으로는 외부 시스템과의 통합 기능을 개발할 예정입니다.\",\n    \"logical_dependency_chain\": \"개발 순서는 회의 내용 파싱 기능을 먼저 구현하고, 이후 프로젝트 생성 및 관리 기능을 개발합니다. 이후 사용자 정의 템플릿과 알림 기능을 추가하며, 마지막으로 외부 시스템과의 통합 기능을 개발합니다.\",\n    \"risks_and_mitigations\": \"기술적 도전으로는 다양한 회의 형식에 대한 파싱 정확도를 높이는 것이 있으며, 이를 위해 머신러닝 알고리즘을 활용할 계획입니다. MVP는 기본적인 파싱 및 프로젝트 생성 기능으로 정의되며, 자원 제약사항으로는 개발 인력과 시간입니다.\",\n    \"appendix\": \"추가 정보로는 회의 내용 파싱에 대한 연구 결과와 기술 사양이 포함됩니다. 또한, 유사 프로젝트 사례 연구와 사용자 피드백을 통해 기능 개선에 반영할 예정입니다.\"\n}\n```",
  "quality_metrics": {
    "final_score": 6.0,
    "is_production_ready": true,
    "iterations_used": 1,
    "is_high_quality": false
  },
  "metadata": {
    "source_file": "../batch_triplet_results\\result_제22대국회 제427회(임시회) 제1차 국방위원회(전체회의) (2025.07.08.)\\05_final_result.json",
    "utterance_count": 118,
    "transcript_length": 7421,
    "speakers": [
      "한기호 위원",
      "강대식 위원",
      "김병주 위원",
      "김병기 위원",
      "임종득 위원",
      "위원장 성일종",
      "정청래 위원"
    ],
    "dataset_type": "train",
    "processing_date": "2025-07-31T11:28:38.334353"
  }
}