{
  "id": "train_112",
  "source_dir": "result_Bed009_processed",
  "notion_output": "```json\n{\n    \"project_name\": \"SmartKom 기반 실시간 관광 정보 및 경로 안내 시스템 개발\",\n    \"project_purpose\": \"관광객에게 실시간으로 최적의 경로와 정보를 제공하는 대화형 시스템 구축\",\n    \"project_period\": \"2024.01.01 ~ 2024.06.30\",\n    \"project_manager\": \"Speaker_D (데이비드)\",\n    \"core_objectives\": [\n        \"목표 1: SmartKom 인식기를 활용하여 실시간 관광 정보 제공 시스템 개발\",\n        \"목표 2: 사용자 발화 분석을 통한 맞춤형 경로 안내 기능 구현\",\n        \"목표 3: 실시간 대화 관리 및 의사결정 네트워크 구축\",\n        \"목표 4: SmartKom 인식기의 기술적 세부사항을 반영하여 시스템의 실질적 구현 가능성 확보\"\n    ],\n    \"core_idea\": \"관광객의 발화를 분석하여 맞춤형 경로와 정보를 제공하는 대화형 시스템\",\n    \"idea_description\": \"SmartKom 인식기를 활용하여 관광객의 발화를 실시간으로 분석하고, 이를 통해 최적의 관광 경로와 정보를 제공하는 시스템을 개발합니다. 이 시스템은 사용자 발화의 심층적 의미를 파악하여 맞춤형 서비스를 제공합니다.\",\n    \"execution_plan\": [\n        \"1단계 (2024.01.01 ~ 2024.02.28): 시스템 요구사항 분석 및 설계, SmartKom 인식기 기술적 세부사항 검토\",\n        \"2단계 (2024.03.01 ~ 2024.04.30): SmartKom 인식기 및 파서 개발, 구문 분석 및 의사결정 네트워크 설계\",\n        \"3단계 (2024.05.01 ~ 2024.06.30): 시스템 통합 및 테스트, 사용자 피드백 수집 및 개선\"\n    ],\n    \"roles_and_responsibilities\": {\n        \"Speaker_D (데이비드)\": \"프로젝트 총괄 및 SmartKom 인식기 기술적 세부사항 관리\",\n        \"Speaker_B\": \"대화 관리 및 의사결정 네트워크 설계\",\n        \"Speaker_G\": \"발화 분석 및 구문 파서 개발\",\n        \"Speaker_F\": \"시스템 통합 및 테스트 관리\"\n    },\n    \"technical_details\": {\n        \"SmartKom_recognizer\": \"SmartKom 인식기는 실시간 발화 분석을 통해 사용자 의도를 파악하며, 이를 기반으로 맞춤형 경로 및 정보를 제공\",\n        \"parser_technology\": \"HPSG 파서를 기반으로 하며, 빠른 처리 속도와 견고성을 갖춘 구문 분석 기능 제공\",\n        \"decision_network\": \"사용자 발화의 심층적 의미를 파악하여 의사결정 네트워크를 통해 최적의 경로와 정보를 제공\"\n    },\n    \"expected_effects\": [\n        \"기대효과 1: 관광객의 만족도 향상 및 관광지 방문 증가\",\n        \"기대효과 2: 실시간 정보 제공으로 인한 관광지 내 혼잡도 감소\",\n        \"기대효과 3: 대화형 시스템을 통한 사용자 경험 개선 및 서비스 차별화\"\n    ]\n}\n```",
  "prd_output": "```json\n{\n    \"overview\": \"파싱된 프로젝트는 회의 내용을 기반으로 프로젝트를 생성하고 관리하는 도구입니다. 이 프로젝트는 회의에서 논의된 내용을 자동으로 파싱하여 프로젝트로 변환함으로써 팀의 생산성을 높이고 의사소통을 원활하게 합니다. 타겟 사용자는 프로젝트 매니저, 팀 리더 및 팀원들로, 이 도구를 통해 회의 후속 작업을 효율적으로 관리할 수 있습니다.\",\n    \"core_features\": \"1. 자동 파싱 기능: 회의 내용을 자동으로 파싱하여 프로젝트로 변환합니다. 2. 프로젝트 생성 및 관리: 파싱된 내용을 바탕으로 프로젝트를 생성하고 관리할 수 있습니다. 3. 협업 기능: 팀원들과의 협업을 지원하며, 실시간 업데이트가 가능합니다.\",\n    \"user_experience\": \"사용자는 회의 내용을 입력하거나 업로드하면, 시스템이 자동으로 파싱하여 프로젝트를 생성합니다. 주요 페르소나는 프로젝트 매니저이며, 주요 플로우는 회의 내용 입력 -> 파싱 -> 프로젝트 생성 -> 팀원과 공유입니다. UI/UX는 직관적이고 사용하기 쉽게 설계됩니다.\",\n    \"technical_architecture\": \"시스템은 클라우드 기반으로 설계되며, 데이터 모델은 회의 내용과 프로젝트 정보를 저장합니다. API는 외부 회의 도구와의 통합을 지원하며, 인프라는 AWS를 기반으로 구축됩니다.\",\n    \"development_roadmap\": \"MVP는 자동 파싱 및 프로젝트 생성 기능을 포함합니다. 향후 개선사항으로는 다양한 회의 도구와의 통합 및 고급 협업 기능이 있습니다. 개발은 3단계로 나누어 진행됩니다: 1단계 - 기본 기능 구현, 2단계 - 통합 기능 추가, 3단계 - 고급 기능 개발.\",\n    \"logical_dependency_chain\": \"개발 순서는 자동 파싱 기능 구현 -> 프로젝트 생성 기능 개발 -> 협업 기능 추가입니다. 기초 기능이 우선적으로 개발되며, 이후 점진적으로 고급 기능이 추가됩니다.\",\n    \"risks_and_mitigations\": \"기술적 도전은 자연어 처리 기술의 정확성입니다. 이를 위해 MVP는 기본적인 파싱 기능에 집중합니다. 자원 제약사항은 인력과 예산이며, 이를 고려하여 단계별로 개발 범위를 조정합니다.\",\n    \"appendix\": \"추가 정보로는 자연어 처리 기술 연구 결과 및 관련 기술 사양이 포함됩니다.\"\n}\n```",
  "quality_metrics": {
    "final_score": 6.0,
    "is_production_ready": true,
    "iterations_used": 3,
    "is_high_quality": false
  },
  "metadata": {
    "source_file": "../batch_triplet_results\\result_Bed009_processed\\05_final_result.json",
    "utterance_count": 691,
    "transcript_length": 23896,
    "speakers": [
      "Speaker_F",
      "Speaker_A",
      "Speaker_G",
      "Speaker_B",
      "Speaker_E",
      "Speaker_D",
      "Speaker_C"
    ],
    "dataset_type": "train",
    "processing_date": "2025-07-31T13:02:06.770119"
  }
}