{
  "id": "train_193",
  "source_dir": "result_ES2003c",
  "notion_output": "```json\n{\n    \"project_name\": \"차세대 스마트 리모컨 개발 프로젝트\",\n    \"project_purpose\": \"사용자 편의성과 최신 트렌드를 반영한 스마트 리모컨을 개발하여 시장 경쟁력을 강화\",\n    \"project_period\": \"2024.01.01 ~ 2024.06.30\",\n    \"project_manager\": \"Speaker_A\",\n    \"core_objectives\": [\n        \"목표 1: 인체공학적 디자인을 통한 사용자 편의성 향상\",\n        \"목표 2: 멀티 디바이스 호환성을 위한 프로그래머블 기능 구현\",\n        \"목표 3: 최신 트렌드를 반영한 스타일리시한 외관 디자인\",\n        \"목표 4: 적외선 송신기 및 다양한 배터리 유형을 통한 효율성 강화\",\n        \"목표 5: 조이스틱과 LCD 디스플레이를 통한 직관적 사용자 인터페이스 제공\"\n    ],\n    \"core_idea\": \"사용자 편의성과 스타일을 겸비한 스마트 리모컨 개발\",\n    \"idea_description\": \"이 프로젝트는 인체공학적 디자인과 최신 트렌드를 반영한 외관을 통해 사용자 경험을 극대화하는 스마트 리모컨을 개발하는 것을 목표로 합니다. 또한, 프로그래머블 기능을 통해 다양한 디바이스와의 호환성을 제공하여 사용자의 편의성을 높입니다. 적외선 송신기와 다양한 배터리 유형을 사용하여 효율성을 강화하며, 조이스틱과 LCD 디스플레이를 통해 직관적인 사용자 인터페이스를 제공합니다.\",\n    \"execution_plan\": [\n        {\n            \"phase\": \"1단계\",\n            \"description\": \"시장 조사 및 요구사항 분석\",\n            \"period\": \"2024.01.01 ~ 2024.02.15\",\n            \"responsibilities\": [\n                \"Speaker_B: 시장 트렌드 분석\",\n                \"Speaker_C: 사용자 요구사항 조사\"\n            ]\n        },\n        {\n            \"phase\": \"2단계\",\n            \"description\": \"디자인 및 프로토타입 개발\",\n            \"period\": \"2024.02.16 ~ 2024.04.15\",\n            \"responsibilities\": [\n                \"Speaker_A: 인체공학적 디자인 설계\",\n                \"Speaker_D: 적외선 송신기 및 배터리 설계\"\n            ]\n        },\n        {\n            \"phase\": \"3단계\",\n            \"description\": \"기능 구현 및 테스트\",\n            \"period\": \"2024.04.16 ~ 2024.05.31\",\n            \"responsibilities\": [\n                \"Speaker_A: 조이스틱 및 LCD 디스플레이 구현\",\n                \"Speaker_C: 프로그래머블 기능 테스트\"\n            ]\n        },\n        {\n            \"phase\": \"4단계\",\n            \"description\": \"최종 제품 출시 및 마케팅\",\n            \"period\": \"2024.06.01 ~ 2024.06.30\",\n            \"responsibilities\": [\n                \"Speaker_B: 마케팅 전략 수립\",\n                \"Speaker_C: 제품 출시 계획\"\n            ]\n        }\n    ],\n    \"expected_effects\": [\n        \"기대효과 1: 사용자 편의성 향상으로 인한 고객 만족도 증가\",\n        \"기대효과 2: 멀티 디바이스 호환성으로 인한 시장 점유율 확대\",\n        \"기대효과 3: 스타일리시한 디자인을 통한 브랜드 이미지 강화\",\n        \"기대효과 4: 효율적인 에너지 사용으로 인한 제품 수명 연장\",\n        \"기대효과 5: 직관적 인터페이스로 인한 사용자 경험 개선\"\n    ]\n}\n```",
  "prd_output": "```json\n{\n    \"overview\": \"파싱된 프로젝트는 회의 내용을 기반으로 한 프로젝트로, 회의에서 논의된 핵심 아이디어와 실행 계획을 체계적으로 관리하고 추적할 수 있는 솔루션을 제공합니다. 이 프로젝트는 회의에서 나온 아이디어를 효과적으로 실행하고자 하는 팀과 조직을 대상으로 하며, 회의 후 실행 가능한 계획을 수립하고 목표를 달성하는 데 도움을 줍니다.\",\n    \"core_features\": \"1. 회의 내용 파싱: 회의에서 논의된 내용을 자동으로 파싱하여 핵심 아이디어와 실행 계획을 추출합니다. 2. 실행 계획 관리: 추출된 계획을 기반으로 실행 가능한 작업 목록을 생성하고 관리합니다. 3. 목표 추적: 설정된 목표를 추적하고 진행 상황을 시각적으로 보여줍니다.\",\n    \"user_experience\": \"사용자는 회의 후 파싱된 내용을 검토하고, 자동 생성된 실행 계획을 확인합니다. 페르소나는 프로젝트 매니저와 팀 리더로 설정되며, 주요 플로우는 회의 내용 업로드, 파싱 결과 검토, 실행 계획 승인 및 목표 추적입니다. UI/UX는 직관적이고 사용하기 쉽게 설계됩니다.\",\n    \"technical_architecture\": \"시스템은 클라우드 기반으로 구성되며, 데이터 모델은 회의 내용, 아이디어, 실행 계획, 목표로 구성됩니다. API는 외부 회의 플랫폼과의 통합을 지원하며, 인프라 요구사항은 확장성을 고려하여 설계됩니다.\",\n    \"development_roadmap\": \"MVP 요구사항은 회의 내용 파싱 및 실행 계획 생성 기능입니다. 향후 개선사항으로는 AI 기반의 자동 목표 추천 기능이 포함됩니다. 단계별 개발 범위는 초기 파싱 기능 개발, 실행 계획 관리 모듈 추가, 목표 추적 기능 구현으로 나뉩니다.\",\n    \"logical_dependency_chain\": \"개발 순서는 회의 내용 파싱 기능을 먼저 개발하고, 이후 실행 계획 생성 및 관리 기능을 추가합니다. 기초 기능 우선순위는 파싱 정확도 향상에 중점을 둡니다.\",\n    \"risks_and_mitigations\": \"기술적 도전은 자연어 처리의 정확도이며, 이를 위해 최신 NLP 기술을 활용합니다. MVP 정의는 기본 파싱 및 실행 계획 생성 기능으로 설정됩니다. 자원 제약사항은 개발 인력과 시간입니다.\",\n    \"appendix\": \"추가 정보로는 회의 내용 파싱에 사용되는 알고리즘 연구 결과와 기술 사양이 포함됩니다.\"\n}\n```",
  "quality_metrics": {
    "final_score": 6.0,
    "is_production_ready": true,
    "iterations_used": 2,
    "is_high_quality": false
  },
  "metadata": {
    "source_file": "../batch_triplet_results\\result_ES2003c\\05_final_result.json",
    "utterance_count": 211,
    "transcript_length": 7412,
    "speakers": [
      "Speaker_A",
      "Speaker_B",
      "Speaker_D",
      "Speaker_C"
    ],
    "dataset_type": "train",
    "processing_date": "2025-07-31T14:47:22.545368"
  }
}