{
  "id": "train_158",
  "source_dir": "result_ES2013d",
  "notion_output": "```json\n{\n    \"project_name\": \"바나나 리모컨 혁신 프로젝트\",\n    \"project_purpose\": \"사용자 친화적이며 시장 트렌드를 반영한 혁신적 리모컨 개발을 통해 브랜드 이미지 강화 및 시장 점유율 확대\",\n    \"project_period\": \"2024.01.01 ~ 2024.03.31\",\n    \"project_manager\": \"Speaker_A\",\n    \"core_objectives\": [\n        \"목표 1: 사용자 경험을 개선하기 위한 인체공학적 디자인 구현\",\n        \"목표 2: 비용 효율적인 생산을 위한 재료 및 구성 요소 최적화\",\n        \"목표 3: 시장 트렌드에 맞춘 혁신적 기능 추가\",\n        \"목표 4: 사용자 피드백을 반영한 디자인 및 기능 개선\"\n    ],\n    \"core_idea\": \"바나나 모양의 리모컨 디자인\",\n    \"idea_description\": \"바나나 모양의 리모컨은 인체공학적 디자인을 통해 사용자의 편안함을 극대화하며, 적외선 장치를 활용한 빠른 반응성을 제공합니다. 심플한 디자인과 직관적인 버튼 배열로 사용 편의성을 높이며, 사용자 피드백을 반영하여 지속적으로 개선됩니다.\",\n    \"execution_plan\": [\n        {\n            \"phase\": \"1단계: 디자인 프로토타입 개발\",\n            \"duration\": \"2024.01.01 ~ 2024.01.31\",\n            \"goals\": [\n                \"초기 디자인 프로토타입 제작\",\n                \"재료 및 구성 요소 선택\"\n            ],\n            \"technical_details\": [\n                \"적외선 장치 및 온오프 스위치 설계\",\n                \"바나나 모양의 곡선형 디자인 구현\",\n                \"심플한 버튼 배열로 사용 편의성 강화\"\n            ]\n        },\n        {\n            \"phase\": \"2단계: 사용자 테스트 및 피드백 수집\",\n            \"duration\": \"2024.02.01 ~ 2024.02.15\",\n            \"goals\": [\n                \"사용자 테스트 진행\",\n                \"피드백 수집 및 분석\"\n            ],\n            \"technical_details\": [\n                \"사용자 피드백을 기반으로 한 디자인 및 기능 개선\",\n                \"사용자 요구사항에 따른 버튼 배열 최적화\",\n                \"피드백을 통해 인체공학적 디자인 검증\"\n            ]\n        },\n        {\n            \"phase\": \"3단계: 최종 디자인 및 기능 개선\",\n            \"duration\": \"2024.02.16 ~ 2024.03.10\",\n            \"goals\": [\n                \"최종 디자인 확정\",\n                \"기능 개선 및 최적화\"\n            ],\n            \"technical_details\": [\n                \"비용 효율적인 플라스틱 및 고무 재료 사용\",\n                \"기능성 및 디자인의 조화로운 통합\",\n                \"운동 에너지를 활용한 친환경적 요소 검토\"\n            ]\n        },\n        {\n            \"phase\": \"4단계: 생산 준비 및 마케팅 전략 수립\",\n            \"duration\": \"2024.03.11 ~ 2024.03.31\",\n            \"goals\": [\n                \"생산 준비 완료\",\n                \"마케팅 전략 수립 및 실행\"\n            ],\n            \"technical_details\": [\n                \"생산 비용 및 재료 가격 최적화\",\n                \"시장 트렌드에 맞춘 마케팅 메시지 개발\",\n                \"재무 관련 세부사항 검토 및 예산 내 최적화\"\n            ]\n        }\n    ],\n    \"expected_effects\": [\n        \"기대효과 1: 사용자 만족도 향상으로 인한 브랜드 이미지 강화\",\n        \"기대효과 2: 혁신적 디자인으로 시장 점유율 확대\",\n        \"기대효과 3: 비용 효율적인 생산으로 인한 수익성 개선\"\n    ],\n    \"financial_details\": {\n        \"budget\": \"예산 내 비용 최적화\",\n        \"materials\": [\n            \"플라스틱\",\n            \"고무\",\n            \"적외선 장치\"\n        ],\n        \"cost_estimation\": \"비싼 부품 없이 저렴한 개발 비용 예상\",\n        \"additional_notes\": \"재무 관련 회의에서 논의된 스프레드시트 활용\"\n    }\n}\n```",
  "prd_output": "```json\n{\n    \"overview\": \"파싱된 프로젝트는 회의 내용을 기반으로 프로젝트를 생성하고 관리하는 시스템입니다. 이 프로젝트는 회의에서 논의된 내용을 자동으로 파싱하여 프로젝트로 변환함으로써 사용자의 업무 효율성을 높이는 것을 목표로 합니다. 타겟 사용자는 프로젝트 관리자 및 팀원들로, 회의 후 즉각적인 프로젝트 생성과 관리가 필요한 사용자들입니다. 이 시스템은 시간을 절약하고 프로젝트 관리의 정확성을 높이는 가치를 제공합니다.\",\n    \"core_features\": \"1. 자동 파싱 기능: 회의 내용을 자동으로 분석하여 프로젝트로 변환합니다. 2. 프로젝트 생성 및 관리: 파싱된 내용을 기반으로 프로젝트를 생성하고 관리할 수 있습니다. 3. 사용자 맞춤형 대시보드: 사용자가 프로젝트 상태를 쉽게 파악할 수 있는 대시보드를 제공합니다.\",\n    \"user_experience\": \"사용자는 회의 후 시스템에 회의 내용을 입력합니다. 시스템은 이를 분석하여 프로젝트를 생성하고, 사용자는 대시보드를 통해 프로젝트 진행 상황을 모니터링합니다. 주요 페르소나는 프로젝트 관리자와 팀원이며, UI/UX는 직관적이고 사용하기 쉽게 설계됩니다.\",\n    \"technical_architecture\": \"시스템은 클라우드 기반으로 설계되며, 데이터 모델은 회의 내용과 프로젝트 데이터를 저장합니다. API는 외부 시스템과의 연동을 지원하며, 인프라는 확장성을 고려하여 설계됩니다.\",\n    \"development_roadmap\": \"MVP 요구사항은 자동 파싱 기능과 기본 프로젝트 관리 기능입니다. 향후 개선사항으로는 고급 분석 기능과 사용자 맞춤형 대시보드가 포함됩니다. 단계별 개발 범위는 초기 MVP 개발 후 피드백을 반영하여 점진적으로 확장됩니다.\",\n    \"logical_dependency_chain\": \"기초 기능인 자동 파싱 기능이 먼저 개발되어야 하며, 이후 프로젝트 관리 기능과 대시보드가 개발됩니다. 점진적 개발 방식으로 각 기능의 완성도를 높여갑니다.\",\n    \"risks_and_mitigations\": \"기술적 도전은 자연어 처리 기술의 정확성입니다. MVP 정의는 자동 파싱과 기본 관리 기능으로 설정되며, 자원 제약사항은 개발 인력과 시간입니다. 이를 위해 초기 MVP에 집중하고 피드백을 통해 개선합니다.\",\n    \"appendix\": \"추가 정보로는 자연어 처리 기술 연구 결과와 기술 사양이 포함됩니다. 이 자료들은 프로젝트의 기술적 기반을 이해하는 데 도움을 줍니다.\"\n}\n```",
  "quality_metrics": {
    "final_score": 6.0,
    "is_production_ready": true,
    "iterations_used": 3,
    "is_high_quality": false
  },
  "metadata": {
    "source_file": "../batch_triplet_results\\result_ES2013d\\05_final_result.json",
    "utterance_count": 253,
    "transcript_length": 9303,
    "speakers": [
      "Speaker_B",
      "Speaker_D",
      "Speaker_C",
      "Speaker_A"
    ],
    "dataset_type": "train",
    "processing_date": "2025-07-31T14:00:47.588488"
  }
}