{
  "id": "train_029",
  "source_dir": "result_제22대국회 제424회(임시회) 제1차 과학기술정보방송통신위원회(전체회의) (2025.04.10.)",
  "notion_output": "```json\n{\n    \"project_name\": \"2025년 4월 18일 국회 현안질의 준비 및 실행 프로젝트\",\n    \"project_purpose\": \"국회 과학기술정보방송통신위원회의 2025년 4월 18일 현안질의를 위한 자료 준비 및 증인·참고인 출석 관리\",\n    \"project_period\": \"2025.03.01 ~ 2025.04.18\",\n    \"project_manager\": \"최민희 위원장\",\n    \"core_objectives\": [\n        \"목표 1: 127건의 자료를 2025년 4월 15일까지 수집 및 정리\",\n        \"목표 2: 22명의 증인과 19명의 참고인 출석을 확정 및 관리\",\n        \"목표 3: YTN 청문회 관련 양당 간사의 협의 진행\"\n    ],\n    \"core_idea\": \"국회 현안질의를 효과적으로 준비하고 실행하여 주요 현안에 대한 국회의 역할을 강화\",\n    \"idea_description\": \"현안질의에 필요한 자료를 체계적으로 수집하고, 증인 및 참고인의 출석을 관리하여 국회가 주요 현안에 대해 심도 있는 논의를 할 수 있도록 지원\",\n    \"execution_plan\": \"1. 자료 수집 및 정리 (2025.03.01 ~ 2025.04.15): 각 위원 요청 자료 127건을 수집하고 정리\\n2. 증인 및 참고인 출석 관리 (2025.03.01 ~ 2025.04.18): 22명의 증인과 19명의 참고인 출석 확정 및 일정 조율\\n3. YTN 청문회 준비 (2025.03.01 ~ 2025.04.18): 양당 간사 협의를 통해 청문회 계획 수립\",\n    \"expected_effects\": [\n        \"기대효과 1: 국회 현안질의의 체계적 준비를 통해 정책 결정의 투명성과 신뢰성 강화\",\n        \"기대효과 2: 증인 및 참고인의 출석 관리를 통해 현안에 대한 심도 있는 논의 가능\",\n        \"기대효과 3: YTN 청문회 준비를 통해 언론 매각 및 운영 관련 문제점 파악 및 해결 방안 모색\"\n    ]\n}\n```",
  "prd_output": "```json\n{\n    \"overview\": \"파싱된 프로젝트는 회의 내용을 기반으로 한 프로젝트로, 회의에서 논의된 내용을 체계적으로 정리하고 관리할 수 있는 솔루션을 제공합니다. 이 프로젝트는 회의 참가자 및 관리자들이 회의 결과를 효율적으로 추적하고 실행할 수 있도록 지원합니다. 타겟 사용자는 주로 기업의 회의 관리자와 팀 리더들로, 이들에게 회의 후속 조치를 간편하게 관리할 수 있는 가치를 제공합니다.\",\n    \"core_features\": \"주요 기능으로는 1) 회의 내용 자동 파싱 및 요약, 2) 할 일 목록 생성 및 관리, 3) 프로젝트 진행 상황 추적, 4) 사용자 맞춤형 알림 기능이 있습니다. 각 기능은 사용자가 회의 후속 조치를 보다 효율적으로 수행할 수 있도록 돕습니다. 예를 들어, 회의 내용 자동 파싱 기능은 회의 녹음을 텍스트로 변환하고 요약하여 제공하며, 할 일 목록 생성 기능은 파싱된 내용을 바탕으로 자동으로 할 일을 생성합니다.\",\n    \"user_experience\": \"사용자 여정은 회의 준비, 회의 진행, 회의 후속 조치의 세 단계로 나뉩니다. 주요 페르소나는 회의 관리자와 팀 리더입니다. UI/UX는 직관적이고 사용자가 쉽게 접근할 수 있도록 설계되며, 주요 플로우는 회의 녹음 업로드, 자동 파싱 결과 확인, 할 일 목록 검토 및 수정, 알림 설정으로 구성됩니다.\",\n    \"technical_architecture\": \"시스템 구성요소로는 음성 인식 모듈, 자연어 처리 엔진, 데이터베이스, 사용자 인터페이스가 포함됩니다. 데이터 모델은 회의 정보, 할 일 목록, 사용자 정보로 구성되며, API는 음성 인식 및 자연어 처리 결과를 제공하는 역할을 합니다. 인프라 요구사항으로는 클라우드 기반의 서버와 데이터 저장소가 필요합니다.\",\n    \"development_roadmap\": \"MVP 요구사항은 회의 내용 자동 파싱 및 할 일 목록 생성 기능을 포함합니다. 향후 개선사항으로는 사용자 맞춤형 알림 기능과 프로젝트 진행 상황 추적 기능이 있으며, 단계별 개발 범위는 초기 버전에서 핵심 기능 구현 후, 사용자 피드백을 반영하여 추가 기능을 개발하는 방식으로 진행됩니다.\",\n    \"logical_dependency_chain\": \"개발 순서는 음성 인식 모듈 개발, 자연어 처리 엔진 통합, 사용자 인터페이스 구축 순으로 진행됩니다. 기초 기능 우선순위는 음성 인식 및 자연어 처리 기능이며, 점진적 개발 방식으로 각 기능을 단계적으로 통합하여 완성도를 높입니다.\",\n    \"risks_and_mitigations\": \"기술적 도전으로는 음성 인식의 정확도 향상과 자연어 처리의 효율성 확보가 있으며, 이를 위해 최신 기술을 도입하고 지속적인 테스트를 통해 개선합니다. MVP 정의는 핵심 기능에 집중하여 초기 사용자 경험을 최적화하는 것이며, 자원 제약사항으로는 개발 인력과 시간 관리가 있습니다.\",\n    \"appendix\": \"추가 정보로는 음성 인식 및 자연어 처리 관련 최신 연구 결과와 기술 사양이 포함됩니다. 이 자료들은 프로젝트의 기술적 방향성을 설정하는 데 참고 자료로 활용됩니다.\"\n}\n```",
  "quality_metrics": {
    "final_score": 6.0,
    "is_production_ready": true,
    "iterations_used": 1,
    "is_high_quality": false
  },
  "metadata": {
    "source_file": "../batch_triplet_results\\result_제22대국회 제424회(임시회) 제1차 과학기술정보방송통신위원회(전체회의) (2025.04.10.)\\05_final_result.json",
    "utterance_count": 84,
    "transcript_length": 4756,
    "speakers": [
      "위원장 최민희",
      "김현 위원",
      "노종면 위원",
      "최형두 위원"
    ],
    "dataset_type": "train",
    "processing_date": "2025-07-31T11:23:44.994318"
  }
}