{
  "id": "train_039",
  "source_dir": "result_TS3006c",
  "notion_output": "```json\n{\n    \"project_name\": \"고무 소재 기반 인체공학적 리모컨 개발 프로젝트\",\n    \"project_purpose\": \"고무 소재를 활용한 인체공학적 디자인의 리모컨을 개발하여 사용자 경험을 향상시키고 시장 경쟁력을 강화\",\n    \"project_period\": \"2024.01.01 ~ 2024.06.30\",\n    \"project_manager\": \"Speaker_A\",\n    \"core_objectives\": [\n        \"목표 1: 고무 소재를 활용한 리모컨의 인체공학적 디자인 완성\",\n        \"목표 2: 사용자 인터페이스 개선을 통한 조작 편의성 향상\",\n        \"목표 3: 다양한 소비자층을 겨냥한 고급 및 기본 옵션 제공\"\n    ],\n    \"core_idea\": \"고무 소재를 활용한 인체공학적 리모컨 개발\",\n    \"idea_description\": \"고무 소재의 유연성과 내구성을 활용하여 손에 편안하게 잡히는 리모컨을 설계하고, 다양한 색상과 조명 옵션을 통해 사용자 맞춤형 경험을 제공\",\n    \"execution_plan\": [\n        \"단계 1: 시장 조사 및 요구사항 분석 (2024.01.01 ~ 2024.01.31)\",\n        \"단계 2: 디자인 및 프로토타입 개발 (2024.02.01 ~ 2024.03.31)\",\n        \"단계 3: 사용자 테스트 및 피드백 반영 (2024.04.01 ~ 2024.04.30)\",\n        \"단계 4: 최종 제품 개발 및 생산 준비 (2024.05.01 ~ 2024.06.30)\"\n    ],\n    \"expected_effects\": [\n        \"기대효과 1: 사용자 경험 개선을 통한 브랜드 이미지 강화\",\n        \"기대효과 2: 다양한 소비자층을 겨냥한 제품 라인업 확대로 매출 증가\",\n        \"기대효과 3: 고무 소재 활용으로 인한 제품 내구성 및 환경 친화성 향상\"\n    ]\n}\n```",
  "prd_output": "```json\n{\n    \"overview\": \"파싱된 프로젝트는 회의 내용을 기반으로 한 프로젝트로, 회의에서 논의된 내용을 효과적으로 관리하고 추적할 수 있는 솔루션을 제공합니다. 이 프로젝트는 회의 주최자와 참가자를 주요 타겟으로 하며, 회의 기록의 자동화된 파싱과 정리를 통해 시간 절약과 효율성을 극대화하는 가치를 제안합니다.\",\n    \"core_features\": \"1. 회의 내용 자동 파싱: 회의 내용을 자동으로 텍스트로 변환하고, 키워드 및 주제별로 분류합니다. 2. 프로젝트 생성 및 관리: 파싱된 내용을 기반으로 프로젝트를 자동 생성하고, 관련 작업을 관리합니다. 3. 알림 및 업데이트: 프로젝트 진행 상황에 대한 실시간 알림과 업데이트를 제공합니다.\",\n    \"user_experience\": \"사용자는 회의 종료 후 자동으로 생성된 프로젝트를 확인할 수 있으며, 직관적인 대시보드를 통해 프로젝트의 진행 상황을 추적할 수 있습니다. 주요 페르소나는 회의 주최자와 참가자로, 이들은 간단한 인터페이스를 통해 손쉽게 프로젝트를 관리할 수 있습니다.\",\n    \"technical_architecture\": \"시스템은 클라우드 기반으로 설계되며, 음성 인식 API를 사용하여 회의 내용을 텍스트로 변환합니다. 데이터 모델은 회의, 프로젝트, 작업 등의 엔티티로 구성되며, 각 엔티티 간의 관계를 명확히 정의합니다. 인프라는 AWS를 기반으로 하여 확장성과 안정성을 보장합니다.\",\n    \"development_roadmap\": \"MVP는 회의 내용 파싱과 프로젝트 생성 기능을 포함하며, 이후 버전에서는 사용자 피드백을 반영한 UI/UX 개선과 추가 기능 개발이 예정되어 있습니다. 단계별로 기능을 확장하여 최종 목표를 달성할 계획입니다.\",\n    \"logical_dependency_chain\": \"초기에는 음성 인식 및 텍스트 파싱 기능을 개발하고, 이후 이를 기반으로 프로젝트 생성 및 관리 기능을 구현합니다. 기본 기능이 안정화되면 알림 및 업데이트 기능을 추가합니다.\",\n    \"risks_and_mitigations\": \"기술적 도전으로는 음성 인식의 정확도와 텍스트 파싱의 효율성이 있으며, 이를 위해 최신 AI 모델을 활용합니다. MVP는 핵심 기능에 집중하여 빠르게 시장에 출시할 계획이며, 자원 제약사항은 클라우드 서비스 활용으로 완화합니다.\",\n    \"appendix\": \"추가 정보로는 음성 인식 기술에 대한 연구 결과와 데이터 모델 설계 문서가 포함됩니다. 기술 사양은 프로젝트의 세부 구현을 지원하는 자료로 제공됩니다.\"\n}\n```",
  "quality_metrics": {
    "final_score": 6.0,
    "is_production_ready": true,
    "iterations_used": 1,
    "is_high_quality": false
  },
  "metadata": {
    "source_file": "../batch_triplet_results\\result_TS3006c\\05_final_result.json",
    "utterance_count": 467,
    "transcript_length": 13856,
    "speakers": [
      "Speaker_B",
      "Speaker_D",
      "Speaker_C",
      "Speaker_A"
    ],
    "dataset_type": "train",
    "processing_date": "2025-07-31T11:32:32.931225"
  }
}