{
  "id": "train_245",
  "source_dir": "result_TS3004d",
  "notion_output": "```json\n{\n    \"project_name\": \"스마트 리모컨 혁신 프로젝트\",\n    \"project_purpose\": \"사용자 경험을 극대화하고 기술 혁신을 통해 시장 경쟁력을 강화하는 스마트 리모컨 개발\",\n    \"project_period\": \"2024.01.01 ~ 2024.06.30\",\n    \"project_manager\": \"Speaker_B\",\n    \"core_objectives\": [\n        \"목표 1: 사용자 경험을 개선하기 위한 직관적인 인터페이스 설계 및 디지털 펜 통합\",\n        \"목표 2: 다양한 색상 및 조명 옵션의 구체적인 기술적 사양 구현\",\n        \"목표 3: 충전식 배터리와 효율적인 전력 관리 시스템 구현 및 테스트\",\n        \"목표 4: 사용자 피드백을 반영한 지속적인 제품 개선\"\n    ],\n    \"core_idea\": \"스마트 리모컨의 혁신적인 디자인과 기능성 강화, 특히 디지털 펜과의 통합을 통한 사용자 편의성 증대\",\n    \"idea_description\": \"스마트 리모컨은 사용자 친화적인 인터페이스와 다양한 맞춤형 기능을 제공하여 기존 리모컨의 단점을 보완합니다. 색상 변경 가능, 백라이트, 슬라이드 패널, 디지털 펜 등 다양한 기술적 요소를 포함하여 사용자 경험을 극대화합니다.\",\n    \"execution_plan\": [\n        \"1단계: 시장 조사 및 요구사항 분석 (2024.01.01 ~ 2024.02.15)\",\n        \"2단계: 제품 설계 및 프로토타입 개발 (2024.02.16 ~ 2024.03.15)\",\n        \"3단계: 디지털 펜 및 색상 조명 옵션의 기술적 사양 구현 (2024.03.16 ~ 2024.04.15)\",\n        \"4단계: 사용자 테스트 및 피드백 수집 (2024.04.16 ~ 2024.05.15)\",\n        \"5단계: 최종 제품 개발 및 출시 준비 (2024.05.16 ~ 2024.06.30)\",\n        \"6단계: 사용자 피드백 기반의 지속적인 개선 및 업데이트 계획 수립 (2024.07.01 ~ 2024.07.31)\"\n    ],\n    \"expected_effects\": [\n        \"기대효과 1: 사용자 만족도 향상 및 브랜드 이미지 제고\",\n        \"기대효과 2: 제품 판매 증가 및 시장 점유율 확대\",\n        \"기대효과 3: 기술 혁신을 통한 경쟁력 강화 및 신규 고객층 확보\",\n        \"기대효과 4: 사용자 피드백을 통한 지속적인 제품 개선 가능성\"\n    ],\n    \"technical_specifications\": {\n        \"디지털 펜\": \"정밀한 입력과 직관적인 사용성을 제공하며, 스마트 보드와의 호환성을 강화\",\n        \"색상 및 조명 옵션\": \"사용자가 선호하는 색상으로 변경 가능하며, 백라이트와 슬라이드 패널을 통한 시각적 피드백 제공\",\n        \"충전식 배터리\": \"효율적인 전력 관리 시스템을 통해 장시간 사용 가능\"\n    }\n}\n```",
  "prd_output": "```json\n{\n    \"overview\": \"파싱된 프로젝트는 회의 내용을 기반으로 프로젝트를 생성하는 시스템입니다. 이 프로젝트는 회의 중 논의된 내용을 자동으로 파싱하여 프로젝트 관리에 필요한 정보를 추출하고, 이를 통해 사용자가 보다 효율적으로 프로젝트를 관리할 수 있도록 돕습니다. 주 타겟 사용자는 프로젝트 관리자와 팀 리더이며, 이 시스템은 시간 절약과 효율적인 정보 관리라는 가치를 제공합니다.\",\n    \"core_features\": \"1. 자동 파싱 기능: 회의 내용을 자동으로 분석하여 프로젝트 관련 정보를 추출합니다. 2. 프로젝트 생성 기능: 추출된 정보를 기반으로 자동으로 프로젝트를 생성합니다. 3. 사용자 정의 가능성: 사용자가 파싱된 정보를 수정하고 보완할 수 있는 기능을 제공합니다.\",\n    \"user_experience\": \"사용자는 회의 내용을 업로드하거나 실시간으로 입력할 수 있으며, 시스템은 이를 분석하여 프로젝트를 생성합니다. 페르소나는 프로젝트 관리자이며, 주요 플로우는 회의 내용 입력 -> 파싱 결과 확인 -> 프로젝트 생성 및 수정입니다. UI/UX는 직관적이고 사용자가 쉽게 접근할 수 있도록 설계됩니다.\",\n    \"technical_architecture\": \"시스템은 자연어 처리(NLP) 모듈, 데이터베이스, 사용자 인터페이스로 구성됩니다. 데이터 모델은 회의 내용, 프로젝트 정보, 사용자 입력을 포함하며, API는 파싱 결과를 제공하고 프로젝트 생성을 지원합니다. 인프라는 클라우드 기반으로 확장성을 고려합니다.\",\n    \"development_roadmap\": \"MVP는 기본적인 회의 내용 파싱과 프로젝트 생성 기능을 포함합니다. 이후 단계에서는 사용자 정의 기능과 다양한 회의 형식 지원을 추가할 계획입니다. 단계별로 기능을 확장하며 사용자 피드백을 반영합니다.\",\n    \"logical_dependency_chain\": \"1. 자연어 처리 모듈 개발 2. 데이터베이스 설계 및 구현 3. 사용자 인터페이스 개발 4. API 통합 및 테스트 5. 사용자 정의 기능 추가\",\n    \"risks_and_mitigations\": \"기술적 도전은 자연어 처리의 정확성과 다양한 회의 형식 지원입니다. MVP는 기본 파싱 기능에 초점을 맞추며, 자원 제약사항은 클라우드 인프라를 활용하여 완화합니다.\",\n    \"appendix\": \"추가 정보로는 자연어 처리 기술 연구 결과와 데이터베이스 설계 사양이 포함됩니다.\"\n}\n```",
  "quality_metrics": {
    "final_score": 6.0,
    "is_production_ready": true,
    "iterations_used": 3,
    "is_high_quality": false
  },
  "metadata": {
    "source_file": "../batch_triplet_results\\result_TS3004d\\05_final_result.json",
    "utterance_count": 363,
    "transcript_length": 10946,
    "speakers": [
      "Speaker_B",
      "Speaker_D",
      "Speaker_C",
      "Speaker_A"
    ],
    "dataset_type": "train",
    "processing_date": "2025-07-31T15:37:46.044864"
  }
}