{
  "id": "train_081",
  "source_dir": "result_EN2009b",
  "notion_output": "```json\n{\n    \"project_name\": \"GDF 기반 데이터 분석 및 시각화 프로젝트\",\n    \"project_purpose\": \"GDF 형식과 다양한 기술적 도구를 활용하여 데이터 분석 및 시각화의 효율성을 극대화하고, 연구 개발의 신뢰성을 향상시키는 것\",\n    \"project_period\": \"2023.12.01 ~ 2024.03.31\",\n    \"project_manager\": \"Speaker_A\",\n    \"core_objectives\": [\n        \"목표 1: GDF 형식으로 데이터를 변환하여 분석의 기초를 마련한다.\",\n        \"목표 2: MATLAB 및 X fig, SVG 등 다양한 도구를 활용하여 데이터 분석 및 시각화를 수행한다.\",\n        \"목표 3: 프로젝트의 진행 상황을 지속적으로 모니터링하고 필요한 경우 조정한다.\",\n        \"목표 4: 회의에서 논의된 기술적 도구 및 방법론을 검토하여 프로젝트에 반영한다.\",\n        \"목표 5: Camtasia를 활용하여 데이터 분석 과정 및 결과를 기록하고 공유한다.\"\n    ],\n    \"core_idea\": \"GDF 형식과 다양한 기술적 도구를 활용한 데이터 분석 및 시각화\",\n    \"idea_description\": \"GDF 형식은 데이터의 구조적 표현을 가능하게 하여, 다양한 분석 작업에 활용될 수 있다. 이를 통해 연구 데이터의 효율적인 관리 및 분석이 가능해진다. 또한, X fig와 SVG를 활용한 시각화는 데이터의 이해도를 높인다.\",\n    \"execution_plan\": \"1단계: GDF 형식으로 데이터 변환 및 기초 분석 (2023.12.01 ~ 2023.12.31)\\n2단계: MATLAB 및 X fig, SVG를 활용한 데이터 분석 및 시각화 (2024.01.01 ~ 2024.02.15)\\n3단계: Camtasia를 활용하여 분석 과정 기록 및 공유 (2024.02.16 ~ 2024.02.28)\\n4단계: 분석 결과 검토 및 프로젝트 보고서 작성 (2024.03.01 ~ 2024.03.15)\\n5단계: 프로젝트 결과 발표 및 피드백 수집 (2024.03.16 ~ 2024.03.31)\",\n    \"expected_effects\": [\n        \"기대효과 1: 데이터 분석의 정확성과 효율성이 향상되어 연구 결과의 신뢰성을 높인다.\",\n        \"기대효과 2: MATLAB 및 GDF 형식, X fig, SVG의 활용을 통해 데이터 시각화의 수준을 높인다.\",\n        \"기대효과 3: 프로젝트 진행 중 발생하는 문제를 신속히 해결하여 프로젝트의 성공적인 완료를 보장한다.\",\n        \"기대효과 4: 다양한 기술적 도구의 활용으로 인해 팀의 기술적 역량이 강화된다.\",\n        \"기대효과 5: Camtasia를 통한 기록 및 공유로 프로젝트의 투명성과 협업이 강화된다.\"\n    ],\n    \"additional_participants\": [\n        \"Speaker_B: 데이터 변환 및 분석 지원\",\n        \"Speaker_C: 기술적 도구 검토 및 시각화 지원\",\n        \"Speaker_A: Camtasia 활용 및 프로젝트 기록 담당\"\n    ],\n    \"technical_tools\": [\n        \"GDF 형식\",\n        \"MATLAB\",\n        \"X fig\",\n        \"SVG\",\n        \"Camtasia\",\n        \"BSCW: 데이터 교환 및 협업 플랫폼\"\n    ],\n    \"additional_notes\": [\n        \"회의에서 논의된 바와 같이, 프로젝트의 일부는 자폐증과 관련된 데이터 분석을 포함할 수 있으며, 이를 통해 사회적 가치도 창출할 수 있다.\",\n        \"프로젝트 진행 중 발생할 수 있는 기술적 문제에 대한 해결책을 마련하기 위해, 회의에서 언급된 다양한 방법론을 지속적으로 검토할 예정이다.\"\n    ]\n}\n```",
  "prd_output": "```json\n{\n    \"overview\": \"파싱된 프로젝트는 회의 내용을 기반으로 프로젝트를 관리하고 추적하는 시스템입니다. 이 프로젝트는 회의에서 논의된 사항을 체계적으로 정리하여 프로젝트 진행 상황을 명확히 파악할 수 있도록 돕습니다. 타겟 사용자는 프로젝트 관리자와 팀원들로, 이 시스템을 통해 회의에서 나온 아이디어와 결정을 효과적으로 관리할 수 있습니다. 가치 제안은 회의 내용을 자동으로 파싱하여 프로젝트 계획에 반영함으로써 시간 절약과 효율성을 높이는 것입니다.\",\n    \"core_features\": \"1. 회의 내용 파싱: 회의에서 논의된 내용을 자동으로 텍스트로 변환하고 분석합니다. 2. 프로젝트 생성 및 관리: 파싱된 내용을 기반으로 프로젝트를 생성하고 관리할 수 있는 기능을 제공합니다. 3. 실시간 업데이트: 회의 내용이 변경될 때마다 프로젝트 계획에 실시간으로 반영됩니다.\",\n    \"user_experience\": \"사용자는 회의가 끝난 후 시스템에 접속하여 자동으로 생성된 프로젝트 계획을 확인할 수 있습니다. 주요 페르소나는 프로젝트 관리자와 팀원이며, 이들은 직관적인 UI를 통해 쉽게 프로젝트 상태를 파악하고 업데이트할 수 있습니다. 주요 플로우는 회의 내용 업로드, 파싱 결과 확인, 프로젝트 계획 수정입니다.\",\n    \"technical_architecture\": \"시스템은 클라우드 기반으로 운영되며, 주요 구성 요소는 데이터 파싱 모듈, 프로젝트 관리 모듈, 사용자 인터페이스입니다. 데이터 모델은 회의 내용, 프로젝트 계획, 사용자 정보로 구성됩니다. API는 외부 회의 기록 시스템과의 통합을 지원합니다. 인프라 요구사항은 안정적인 클라우드 서버와 데이터베이스입니다.\",\n    \"development_roadmap\": \"MVP 요구사항은 회의 내용 파싱 및 프로젝트 생성 기능입니다. 향후 개선사항으로는 다양한 회의 형식 지원, AI 기반 분석 기능 추가 등이 있습니다. 단계별 개발 범위는 초기에는 기본 파싱 및 관리 기능을 제공하고, 이후 고급 분석 및 통합 기능을 추가하는 것입니다.\",\n    \"logical_dependency_chain\": \"기초 기능으로 회의 내용 파싱 및 프로젝트 생성 기능을 우선 개발합니다. 이후 실시간 업데이트 및 사용자 인터페이스 개선 작업을 진행합니다. 점진적 개발 방식으로 각 기능을 단계적으로 구현합니다.\",\n    \"risks_and_mitigations\": \"기술적 도전은 다양한 회의 형식의 파싱 정확도입니다. 이를 위해 초기 MVP에서는 제한된 형식만 지원하고, 점차 지원 범위를 넓힙니다. 자원 제약사항으로는 개발 인력과 시간입니다.\",\n    \"appendix\": \"추가 정보로는 회의 내용 파싱 기술에 대한 연구 결과와 기술 사양이 포함됩니다.\"\n}\n```",
  "quality_metrics": {
    "final_score": 6.0,
    "is_production_ready": true,
    "iterations_used": 3,
    "is_high_quality": false
  },
  "metadata": {
    "source_file": "../batch_triplet_results\\result_EN2009b\\05_final_result.json",
    "utterance_count": 212,
    "transcript_length": 7007,
    "speakers": [
      "Speaker_A",
      "Speaker_B",
      "Speaker_C"
    ],
    "dataset_type": "train",
    "processing_date": "2025-07-31T12:22:00.758933"
  }
}