{
  "id": "train_177",
  "source_dir": "result_EN2001a",
  "notion_output": "```json\n{\n    \"project_name\": \"NITE XML 기반 회의 데이터 최적화 및 요약 시스템 개발\",\n    \"project_purpose\": \"NITE XML 프레임워크를 활용하여 회의 데이터의 효율적인 저장, 검색 및 요약을 위한 데이터 구조와 알고리즘을 설계하고 구현한다.\",\n    \"project_period\": \"2024.01.01 ~ 2024.03.31\",\n    \"project_manager\": \"Speaker_E\",\n    \"core_objectives\": [\n        \"목표 1: NITE XML 프레임워크와의 호환성을 극대화하여 데이터 구조를 설계한다.\",\n        \"목표 2: XML 기반 데이터의 검색 및 동기화 성능을 향상시킨다.\",\n        \"목표 3: 회의 데이터의 정보 밀도 분석을 통해 요약 및 스키밍 기능을 구현한다.\",\n        \"목표 4: 정보 밀도 및 주제 세분화를 통한 효율적인 데이터 관리 및 검색 시스템을 개발한다.\"\n    ],\n    \"core_idea\": \"NITE XML 프레임워크를 활용한 데이터 구조 및 요약 알고리즘 최적화\",\n    \"idea_description\": \"NITE XML의 이벤트 모델을 활용하여 데이터와 디스플레이 요소 간의 동기화를 최적화하고, XML을 기반으로 한 데이터 저장 및 검색 성능을 향상시킨다. 이를 통해 회의 데이터의 정보 밀도 분석 및 요약 기능을 강화하며, 주제 세분화 및 정보 밀도 기반의 데이터 관리 시스템을 구축한다.\",\n    \"execution_plan\": [\n        \"1단계: NITE XML 프레임워크 분석 및 요구사항 정의 (2024.01.01 ~ 2024.01.15)\",\n        \"2단계: 데이터 구조 설계 및 프로토타입 개발 (2024.01.16 ~ 2024.02.15)\",\n        \"3단계: 정보 밀도 분석 및 요약 알고리즘 개발 (2024.02.16 ~ 2024.03.01)\",\n        \"4단계: 성능 테스트 및 최적화 (2024.03.02 ~ 2024.03.15)\",\n        \"5단계: 최종 검토 및 보고서 작성 (2024.03.16 ~ 2024.03.31)\"\n    ],\n    \"technical_implementation\": [\n        \"NITE XML의 이벤트 모델을 활용하여 데이터와 디스플레이 요소 간의 동기화 최적화\",\n        \"XML 기반 데이터의 검색 및 동기화 성능 향상을 위한 알고리즘 개발\",\n        \"정보 밀도 분석을 통한 회의 데이터 요약 및 스키밍 기능 구현\",\n        \"주제 세분화 및 정보 밀도 기반의 데이터 관리 시스템 구축\"\n    ],\n    \"expected_effects\": [\n        \"기대효과 1: 데이터 검색 및 동기화 속도의 향상으로 사용자 경험 개선\",\n        \"기대효과 2: 정보 밀도 분석을 통한 회의 요약 기능 강화로 생산성 증가\",\n        \"기대효과 3: NITE XML 프레임워크의 활용도를 높여 프로젝트의 기술적 경쟁력 강화\",\n        \"기대효과 4: 주제 세분화 및 정보 밀도 기반의 효율적인 데이터 관리로 데이터 활용도 증대\"\n    ]\n}\n```",
  "prd_output": "```json\n{\n    \"overview\": \"파싱된 프로젝트는 회의 내용을 기반으로 한 프로젝트로, 회의에서 논의된 사항들을 체계적으로 관리하고 추적할 수 있는 솔루션을 제공합니다. 이 프로젝트는 주로 기업 내 회의 참석자와 프로젝트 관리자를 대상으로 하며, 회의의 효율성을 높이고 중요한 정보를 놓치지 않도록 하는 가치를 제공합니다.\",\n    \"core_features\": \"1. 회의 내용 파싱: 회의 중 논의된 내용을 자동으로 파싱하여 텍스트로 변환합니다. 2. 프로젝트 생성 및 관리: 파싱된 내용을 기반으로 프로젝트를 생성하고 관리할 수 있습니다. 3. 알림 및 추적: 중요한 마일스톤과 작업 항목에 대한 알림을 제공하여 사용자가 놓치지 않도록 합니다.\",\n    \"user_experience\": \"사용자는 회의가 끝난 후 자동으로 생성된 프로젝트를 검토하고, 필요한 경우 수동으로 수정할 수 있습니다. 주요 페르소나는 프로젝트 관리자와 팀원이며, 직관적인 UI를 통해 쉽게 접근할 수 있도록 설계됩니다.\",\n    \"technical_architecture\": \"시스템은 클라우드 기반으로 운영되며, 데이터 모델은 회의 내용, 프로젝트 정보, 사용자 데이터를 포함합니다. API는 외부 회의 소프트웨어와의 통합을 지원하며, 인프라는 AWS를 기반으로 구축됩니다.\",\n    \"development_roadmap\": \"MVP는 회의 내용 파싱 및 기본적인 프로젝트 관리 기능을 포함합니다. 이후 단계에서는 사용자 피드백을 반영하여 기능을 개선하고, 다양한 회의 플랫폼과의 통합을 추가할 계획입니다.\",\n    \"logical_dependency_chain\": \"초기에는 회의 내용 파싱 기능을 개발하고, 이후 프로젝트 생성 및 관리 기능을 추가합니다. 마지막으로 알림 및 추적 기능을 구현하여 전체 솔루션을 완성합니다.\",\n    \"risks_and_mitigations\": \"기술적 도전은 자연어 처리(NLP) 기술의 정확성 확보입니다. MVP는 핵심 기능에 집중하며, 자원 제약사항은 클라우드 비용과 개발 인력입니다.\",\n    \"appendix\": \"추가 정보로는 NLP 기술에 대한 연구 결과와 회의 관리 소프트웨어 시장 분석 자료가 포함됩니다.\"\n}\n```",
  "quality_metrics": {
    "final_score": 6.0,
    "is_production_ready": true,
    "iterations_used": 2,
    "is_high_quality": false
  },
  "metadata": {
    "source_file": "../batch_triplet_results\\result_EN2001a\\05_final_result.json",
    "utterance_count": 570,
    "transcript_length": 22480,
    "speakers": [
      "Speaker_A",
      "Speaker_B",
      "Speaker_E",
      "Speaker_D",
      "Speaker_C"
    ],
    "dataset_type": "train",
    "processing_date": "2025-07-31T14:26:39.908906"
  }
}