{
  "id": "train_230",
  "source_dir": "result_제22대국회 제418회(정기회) 제18차 과학기술정보방송통신위원회(전체회의) (2024.12.02.)",
  "notion_output": "```json\n{\n    \"project_name\": \"공영방송 수신료 통합징수 법안 추진 프로젝트\",\n    \"project_purpose\": \"공영방송 KBS의 재정 안정성을 확보하고, 공영방송의 독립성과 자율성을 강화하기 위한 법적 기반 마련\",\n    \"project_period\": \"2023.12.01 ~ 2024.06.30\",\n    \"project_manager\": \"김현 위원\",\n    \"core_objectives\": [\n        \"목표 1: KBS 수신료 통합징수 법안의 국회 통과\",\n        \"목표 2: 공영방송의 재정적 안정성 확보\",\n        \"목표 3: 공영방송의 독립성과 자율성 강화\"\n    ],\n    \"core_idea\": \"KBS 수신료를 통합징수하여 공영방송의 재정적 기반을 안정화하고, 정치적 외압으로부터 독립성을 강화\",\n    \"idea_description\": \"수신료 통합징수는 KBS의 주요 재원인 수신료를 안정적으로 확보하여, 공영방송이 정치적 외압 없이 독립적으로 운영될 수 있도록 지원하는 법적 장치입니다. 이를 통해 공영방송의 공적 역할을 강화하고, 국민에게 신뢰받는 방송 서비스를 제공할 수 있습니다.\",\n    \"execution_plan\": \"1. 법안 심사 및 수정: 2023.12.01 ~ 2024.01.31\\n2. 국회 본회의 상정 및 통과: 2024.02.01 ~ 2024.03.31\\n3. 법안 시행 준비 및 홍보: 2024.04.01 ~ 2024.05.31\\n4. 법안 시행 및 모니터링: 2024.06.01 ~ 2024.06.30\",\n    \"expected_effects\": [\n        \"기대효과 1: KBS의 재정적 안정성 확보로 인해 공영방송의 질적 향상\",\n        \"기대효과 2: 정치적 외압으로부터의 독립성 강화로 공영방송의 신뢰도 상승\",\n        \"기대효과 3: 국민의 공영방송에 대한 이해와 지지 확대\"\n    ]\n}\n```",
  "prd_output": "```json\n{\n    \"overview\": \"파싱된 프로젝트는 회의 내용을 기반으로 프로젝트를 관리하는 시스템입니다. 이 프로젝트는 회의에서 논의된 내용을 체계적으로 정리하고, 이를 바탕으로 프로젝트를 효율적으로 관리할 수 있도록 지원합니다. 타겟 사용자는 주로 프로젝트 매니저와 팀 리더이며, 이 시스템을 통해 회의 내용을 쉽게 파악하고 프로젝트 진행 상황을 명확히 이해할 수 있는 가치를 제공합니다.\",\n    \"core_features\": \"1. 회의 내용 자동 파싱: 회의에서 논의된 내용을 자동으로 파싱하여 프로젝트에 반영합니다. 2. 프로젝트 생성 및 관리: 파싱된 내용을 기반으로 새로운 프로젝트를 생성하고 관리할 수 있습니다. 3. 목표 설정 및 추적: 핵심 목표를 설정하고 그 진행 상황을 추적할 수 있습니다.\",\n    \"user_experience\": \"사용자는 회의 내용을 입력하거나 업로드하면, 시스템이 자동으로 내용을 파싱하여 프로젝트를 생성합니다. 주요 페르소나는 프로젝트 매니저로, 회의 후 빠르게 프로젝트를 설정하고 팀원들과 공유할 수 있습니다. UI/UX는 직관적이고 간단한 인터페이스를 제공하여 사용자들이 쉽게 접근할 수 있도록 설계됩니다.\",\n    \"technical_architecture\": \"시스템은 클라우드 기반으로 설계되며, 데이터베이스는 회의 내용과 프로젝트 정보를 저장합니다. API는 외부 회의 기록 시스템과의 통합을 지원하며, 인프라는 확장성을 고려하여 설계됩니다.\",\n    \"development_roadmap\": \"MVP는 회의 내용 파싱 및 프로젝트 생성 기능을 포함합니다. 이후 단계에서는 목표 추적 기능과 외부 시스템 통합 기능이 추가될 예정입니다.\",\n    \"logical_dependency_chain\": \"초기에는 회의 내용 파싱 기능을 개발하고, 그 후 프로젝트 생성 및 관리 기능을 구현합니다. 이후 목표 설정 및 추적 기능을 추가하며, 마지막으로 외부 시스템과의 통합을 진행합니다.\",\n    \"risks_and_mitigations\": \"기술적 도전은 자연어 처리 기술의 정확도 향상이며, MVP는 기본적인 파싱 및 프로젝트 생성 기능으로 정의됩니다. 자원 제약사항은 개발 인력과 시간입니다.\",\n    \"appendix\": \"추가 정보로는 자연어 처리 기술에 대한 연구 결과와 기술 사양서가 포함됩니다.\"\n}\n```",
  "quality_metrics": {
    "final_score": 6.0,
    "is_production_ready": true,
    "iterations_used": 1,
    "is_high_quality": false
  },
  "metadata": {
    "source_file": "../batch_triplet_results\\result_제22대국회 제418회(정기회) 제18차 과학기술정보방송통신위원회(전체회의) (2024.12.02.)\\05_final_result.json",
    "utterance_count": 390,
    "transcript_length": 22365,
    "speakers": [
      "과학기술정보통신부장관 유상임",
      "원자력안전위원회위원장 유국희",
      "소위원장 김현",
      "최형두 위원",
      "김현 위원",
      "박충권 위원",
      "노종면 위원",
      "한민수 위원",
      "우주항공청장 윤영빈",
      "이상휘 위원",
      "조인철 위원",
      "김우영 위원",
      "이해민 위원",
      "위원장 최민희",
      "이훈기 위원",
      "이정헌 위원",
      "신성범 위원",
      "방송통신위원장직무대행 김태규",
      "소위원장 최수진"
    ],
    "dataset_type": "train",
    "processing_date": "2025-07-31T15:19:02.298454"
  }
}