{
  "id": "train_095",
  "source_dir": "result_Bro017_processed",
  "notion_output": "```json\n{\n    \"project_name\": \"스펙트럼 기반 음성 인식 기술 고도화 및 최적화 프로젝트\",\n    \"project_purpose\": \"스펙트럼 분석과 LPC 모델을 활용하여 음성 인식의 정확도와 노이즈 저항성을 혁신적으로 개선하고, 다양한 환경에서의 성능을 최적화\",\n    \"project_period\": \"2024.01.01 ~ 2024.06.30\",\n    \"project_manager\": \"Speaker_E\",\n    \"core_objectives\": [\n        \"목표 1: 스펙트럼 분석을 통한 노이즈 저항성 강화 및 데이터 처리 효율성 증대\",\n        \"목표 2: LPC 모델을 활용한 음성 인식 정확도 50% 개선\",\n        \"목표 3: FFT와 파워 스펙트럼을 활용한 새로운 알고리즘 개발 및 적용\",\n        \"목표 4: 임계 대역 스펙트럼과 마스킹 실험을 통한 노이즈 처리 기법 최적화\"\n    ],\n    \"core_idea\": \"스펙트럼 분석과 LPC 모델을 결합하여 음성 인식의 정확도를 높이고, FFT와 파워 스펙트럼을 통해 노이즈 저항성을 강화하여 다양한 환경에서의 성능을 개선\",\n    \"idea_description\": \"LPC 모델과 스펙트럼 분석을 결합하여 음성 인식의 정확도를 높이고, FFT와 파워 스펙트럼을 활용하여 노이즈 저항성을 강화함. 이를 통해 다양한 환경에서의 음성 인식 성능을 개선하고자 함. 특히, 임계 대역 스펙트럼과 마스킹 실험을 통해 노이즈에 강한 시스템을 구축함.\",\n    \"execution_plan\": [\n        {\n            \"단계\": \"1단계: 기존 데이터 분석 및 문제점 파악\",\n            \"기간\": \"2024.01.01 ~ 2024.02.15\",\n            \"책임자\": \"Speaker_C\",\n            \"세부사항\": \"기존 음성 인식 시스템의 데이터 분석을 통해 문제점을 파악하고, 개선 방향을 설정. 특히, LPC 모델의 피크 적합성과 스펙트럼 분석의 결합 가능성을 탐색\"\n        },\n        {\n            \"단계\": \"2단계: 새로운 알고리즘 개발 및 테스트\",\n            \"기간\": \"2024.02.16 ~ 2024.04.15\",\n            \"책임자\": \"Speaker_B\",\n            \"세부사항\": \"FFT와 파워 스펙트럼을 활용한 새로운 알고리즘 개발 및 테스트를 통해 노이즈 저항성을 강화. 임계 대역 스펙트럼과 마스킹 실험을 통한 노이즈 처리 기법을 최적화\"\n        },\n        {\n            \"단계\": \"3단계: 개선된 모델의 적용 및 성능 평가\",\n            \"기간\": \"2024.04.16 ~ 2024.06.30\",\n            \"책임자\": \"Speaker_D\",\n            \"세부사항\": \"개선된 모델을 실제 환경에 적용하여 성능을 평가하고, 필요시 추가 개선. 특히, 다양한 환경에서의 성능을 검증하고 최적화\"\n        }\n    ],\n    \"expected_effects\": [\n        \"기대효과 1: 음성 인식 정확도 50% 개선을 통한 사용자 만족도 향상\",\n        \"기대효과 2: 노이즈 저항성 강화로 다양한 환경에서의 활용 가능성 증대\",\n        \"기대효과 3: 데이터 처리 효율성 증대로 인한 비용 절감 및 처리 속도 향상\"\n    ],\n    \"technical_challenges\": [\n        \"도전 과제 1: LPC 모델과 스펙트럼 분석의 최적 결합을 통한 성능 향상\",\n        \"도전 과제 2: FFT와 파워 스펙트럼을 활용한 노이즈 저항성 강화\",\n        \"도전 과제 3: 임계 대역 스펙트럼과 마스킹 실험을 통한 노이즈 처리\"\n    ],\n    \"solutions\": [\n        \"해결 방안 1: LPC 모델의 피크 적합성을 활용하여 노이즈 저항성을 강화\",\n        \"해결 방안 2: FFT와 파워 스펙트럼을 활용한 데이터 처리 기법 개발\",\n        \"해결 방안 3: 임계 대역 스펙트럼을 활용한 노이즈 마스킹 기법 적용\"\n    ]\n}\n```",
  "prd_output": "```json\n{\n    \"overview\": \"파싱된 프로젝트는 회의 내용을 기반으로 프로젝트를 생성하고 관리하는 도구입니다. 이 프로젝트는 회의에서 논의된 사항을 체계적으로 정리하여 프로젝트로 전환하는 과정을 자동화합니다. 타겟 사용자는 프로젝트 매니저, 팀 리더 및 회의 주최자입니다. 이 도구는 회의 후속 작업의 효율성을 높이고, 프로젝트 관리의 일관성을 유지하는 데 가치를 제공합니다.\",\n    \"core_features\": \"1. 회의 내용 자동 파싱: 회의 기록을 분석하여 주요 항목을 추출합니다. 2. 프로젝트 생성: 추출된 항목을 기반으로 프로젝트를 자동 생성합니다. 3. 알림 및 업데이트: 프로젝트 진행 상황을 팀원들에게 자동으로 알립니다. 각 기능은 사용자의 입력을 최소화하고, 정확한 프로젝트 관리가 가능하도록 설계되었습니다.\",\n    \"user_experience\": \"사용자는 회의가 끝난 후 간단한 업로드 절차를 통해 회의 내용을 시스템에 입력합니다. 페르소나는 프로젝트 매니저로, 주요 플로우는 회의 내용 업로드, 자동 파싱, 프로젝트 생성, 팀원 알림 순으로 진행됩니다. UI/UX는 직관적이고 사용자 친화적으로 설계되어야 합니다.\",\n    \"technical_architecture\": \"시스템은 클라우드 기반으로 설계되며, 주요 구성요소는 데이터 파싱 모듈, 프로젝트 생성 엔진, 알림 시스템입니다. 데이터 모델은 회의 기록, 프로젝트 항목, 사용자 정보로 구성됩니다. API는 외부 회의 기록 시스템과의 통합을 지원합니다. 인프라는 AWS를 기반으로 구축됩니다.\",\n    \"development_roadmap\": \"MVP는 회의 내용 파싱 및 프로젝트 생성 기능을 포함합니다. 이후 단계에서는 알림 시스템과 외부 API 통합 기능이 추가될 예정입니다. 각 단계는 2개월 간격으로 진행됩니다.\",\n    \"logical_dependency_chain\": \"1. 데이터 파싱 모듈 개발 2. 프로젝트 생성 엔진 개발 3. 알림 시스템 개발 4. 외부 API 통합 개발. 기초 기능이 먼저 개발되고, 이후 점진적으로 기능이 확장됩니다.\",\n    \"risks_and_mitigations\": \"기술적 도전은 자연어 처리의 정확성입니다. 이를 위해 머신러닝 모델을 지속적으로 개선합니다. MVP는 핵심 기능에 집중하여 자원 제약을 최소화합니다.\",\n    \"appendix\": \"추가 정보로는 자연어 처리 연구 결과 및 관련 기술 사양이 포함됩니다.\"\n}\n```",
  "quality_metrics": {
    "final_score": 6.0,
    "is_production_ready": true,
    "iterations_used": 3,
    "is_high_quality": false
  },
  "metadata": {
    "source_file": "../batch_triplet_results\\result_Bro017_processed\\05_final_result.json",
    "utterance_count": 670,
    "transcript_length": 24085,
    "speakers": [
      "Speaker_A",
      "Speaker_B",
      "Speaker_E",
      "Speaker_D",
      "Speaker_C"
    ],
    "dataset_type": "train",
    "processing_date": "2025-07-31T12:40:24.364230"
  }
}