{
  "id": "train_159",
  "source_dir": "result_Bmr028_processed",
  "notion_output": "```json\n{\n    \"project_name\": \"오디오 파일 처리 및 사용자 인터페이스 최적화 프로젝트\",\n    \"project_purpose\": \"오디오 파일의 샘플링 속도와 사용자 인터페이스를 최적화하여 데이터 처리의 효율성을 극대화하고 사용자 경험을 향상시키는 것\",\n    \"project_period\": \"2023.11.01 ~ 2024.01.31\",\n    \"project_manager\": \"Liz\",\n    \"core_objectives\": [\n        \"목표 1: 오디오 파일 샘플링 속도를 최적화하여 처리 시간을 50% 이상 단축\",\n        \"목표 2: 사용자 인터페이스를 개선하여 접근성과 편의성을 높임\",\n        \"목표 3: 데이터 공개 및 필터링 기능을 강화하여 정보 검색의 정확성과 속도를 증가\"\n    ],\n    \"core_idea\": \"오디오 파일 처리의 효율성을 높이고 사용자 경험을 개선하기 위한 기술적 접근\",\n    \"idea_description\": \"오디오 파일의 샘플링 속도를 조정하여 처리 시간을 단축하고, 사용자 인터페이스를 개선하여 사용자가 쉽게 접근할 수 있도록 한다. 또한, 데이터의 공개와 필터링 기능을 강화하여 정보 검색의 효율성을 높인다.\",\n    \"execution_plan\": [\n        {\n            \"단계\": \"1단계\",\n            \"내용\": \"오디오 파일 샘플링 속도 조정 및 테스트\",\n            \"기간\": \"2023.11.01 ~ 2023.11.30\",\n            \"세부내용\": [\n                \"샘플링 속도가 낮아질 경우 발생하는 버그 해결\",\n                \"샘플링 속도 조정 옵션 추가 및 테스트\",\n                \"오디오 파일의 샘플링 속도에 따른 사용자 인터페이스 반응성 테스트\"\n            ]\n        },\n        {\n            \"단계\": \"2단계\",\n            \"내용\": \"사용자 인터페이스 구성 요소 개선 및 사용자 피드백 수집\",\n            \"기간\": \"2023.12.01 ~ 2023.12.31\",\n            \"세부내용\": [\n                \"모든 사용자 인터페이스 구성 요소의 표시 최적화\",\n                \"새로운 대본 및 오디오 파일 로딩 속도 개선\",\n                \"사용자 피드백을 통해 추가 개선 사항 도출\",\n                \"Tcl-TK를 사용한 프로토타입 제작 및 테스트\"\n            ]\n        },\n        {\n            \"단계\": \"3단계\",\n            \"내용\": \"데이터 공개 및 필터링 기능 강화\",\n            \"기간\": \"2024.01.01 ~ 2024.01.31\",\n            \"세부내용\": [\n                \"정규 표현식을 통한 필터링 기능 구현\",\n                \"데이터 공개 시 승인 절차 강화\",\n                \"Quicknet 라이브러리 최적화를 통한 정보 검색 속도 향상\"\n            ]\n        }\n    ],\n    \"expected_effects\": [\n        \"기대효과 1: 오디오 파일 처리 시간이 50% 이상 단축되어 데이터 분석의 효율성 증가\",\n        \"기대효과 2: 개선된 사용자 인터페이스로 인해 사용자 만족도 및 접근성이 향상\",\n        \"기대효과 3: 강화된 데이터 공개 및 필터링 기능으로 정보 검색의 정확성과 속도가 증가\"\n    ],\n    \"additional_information\": [\n        \"회의에서 논의된 주요 기술적 문제는 샘플링 속도가 낮을 때 발생하는 버그와 사용자 인터페이스의 로딩 속도 문제\",\n        \"회의에서 언급된 도구로는 Transcriber 도구와 Quicknet 라이브러리가 있으며, 이들의 최적화가 필요함\",\n        \"Tcl-TK를 사용한 프로토타입 제작이 논의되었으며, 이를 통해 사용자 인터페이스 개선을 시도할 예정\",\n        \"오디오 파일의 샘플링 속도 조정 시 발생할 수 있는 버그를 해결하기 위한 기술적 접근이 필요함\"\n    ]\n}\n```",
  "prd_output": "```json\n{\n    \"overview\": \"파싱된 프로젝트는 회의 내용을 기반으로 프로젝트를 생성하고 관리하는 것을 목표로 합니다. 이 프로젝트는 회의 중 논의된 내용을 자동으로 파싱하여 프로젝트 계획을 수립하는 데 어려움을 겪는 사용자들을 대상으로 하며, 효율적인 프로젝트 관리와 시간 절약을 위한 가치를 제공합니다.\",\n    \"core_features\": \"1. 회의 내용 자동 파싱: 회의 중 논의된 내용을 실시간으로 파싱하여 프로젝트 계획에 반영합니다. 2. 프로젝트 자동 생성: 파싱된 데이터를 기반으로 자동으로 프로젝트를 생성하고 관리합니다. 3. 사용자 맞춤형 대시보드: 사용자에게 맞춤형 프로젝트 진행 상황을 시각적으로 제공합니다.\",\n    \"user_experience\": \"사용자는 회의가 끝난 후 자동으로 생성된 프로젝트 계획을 확인할 수 있습니다. 주요 페르소나는 프로젝트 관리자와 팀원이며, 직관적인 UI/UX를 통해 쉽게 프로젝트를 관리할 수 있습니다.\",\n    \"technical_architecture\": \"시스템은 음성 인식 API를 통해 회의 내용을 텍스트로 변환하고, 자연어 처리(NLP) 기술을 사용하여 핵심 정보를 파싱합니다. 데이터는 클라우드 기반의 데이터베이스에 저장되며, 웹 애플리케이션을 통해 사용자에게 제공됩니다.\",\n    \"development_roadmap\": \"MVP는 회의 내용 파싱 및 기본적인 프로젝트 생성 기능을 포함합니다. 이후 단계에서는 사용자 피드백을 반영하여 맞춤형 대시보드와 고급 분석 기능을 추가할 예정입니다.\",\n    \"logical_dependency_chain\": \"1. 음성 인식 및 텍스트 변환 기능 개발 2. 자연어 처리 기반 파싱 엔진 구축 3. 프로젝트 생성 및 관리 기능 구현 4. 사용자 대시보드 개발\",\n    \"risks_and_mitigations\": \"음성 인식의 정확도가 낮을 경우 파싱 결과의 신뢰성이 떨어질 수 있습니다. 이를 위해 다양한 음성 데이터셋을 활용하여 모델을 지속적으로 개선할 계획입니다. 또한, 초기 MVP 범위를 명확히 정의하여 자원 제약을 관리합니다.\",\n    \"appendix\": \"추가 정보로는 자연어 처리 기술에 대한 연구 자료와 음성 인식 API의 기술 사양이 포함됩니다.\"\n}\n```",
  "quality_metrics": {
    "final_score": 6.0,
    "is_production_ready": true,
    "iterations_used": 3,
    "is_high_quality": false
  },
  "metadata": {
    "source_file": "../batch_triplet_results\\result_Bmr028_processed\\05_final_result.json",
    "utterance_count": 814,
    "transcript_length": 27962,
    "speakers": [
      "Speaker_F",
      "Speaker_A",
      "Speaker_H",
      "Speaker_G",
      "Speaker_B",
      "Speaker_E",
      "Speaker_D",
      "Speaker_C"
    ],
    "dataset_type": "train",
    "processing_date": "2025-07-31T14:03:52.498133"
  }
}