{
  "id": "train_163",
  "source_dir": "result_IS1001a",
  "notion_output": "```json\n{\n    \"project_name\": \"차세대 방수 리모컨 디자인 프로젝트\",\n    \"project_purpose\": \"사용자의 편의성과 내구성을 극대화한 혁신적인 리모컨 디자인 개발\",\n    \"project_period\": \"2025.01.01 ~ 2025.03.31\",\n    \"project_manager\": \"Speaker_A\",\n    \"core_objectives\": [\n        \"목표 1: 사용자 요구 사항과 기술적 기능을 충족하는 기능적 디자인 개발\",\n        \"목표 2: 방수 기능을 포함한 내구성 강화 및 사용자 편의성 증대\",\n        \"목표 3: 제작비를 12.5유로 미만으로 낮추고, 판매 가격을 두 배로 올려 5천만 유로의 순수익 달성\"\n    ],\n    \"core_idea\": \"방수 기능과 사용자 편의성을 강화한 리모컨 디자인\",\n    \"idea_description\": \"방수 기능을 통해 욕조에서도 사용할 수 있는 리모컨을 개발하고, 휘파람이나 짖는 소리에 반응하는 기능을 추가하여 사용자 경험을 향상시킵니다. 또한 플라스틱 보호 필름을 옵션으로 제공하여 내구성을 강화합니다.\",\n    \"execution_plan\": \"1단계: 사용자 요구 사항 분석 및 기술적 기능 정의 (2025.01.01 ~ 2025.01.15)\\n2단계: 기능적 디자인 및 프로토타입 개발 (2025.01.16 ~ 2025.02.15)\\n3단계: 산업 디자이너와 협력하여 최종 디자인 확정 (2025.02.16 ~ 2025.03.01)\\n4단계: 생산 및 마케팅 전략 수립 (2025.03.02 ~ 2025.03.31)\",\n    \"expected_effects\": [\n        \"기대효과 1: 사용자 편의성과 만족도 증가로 인한 브랜드 이미지 개선\",\n        \"기대효과 2: 혁신적인 기능 도입으로 시장 점유율 확대\",\n        \"기대효과 3: 비용 절감 및 수익 증가로 인한 재정적 안정성 확보\"\n    ]\n}\n```",
  "prd_output": "```json\n{\n    \"overview\": \"파싱된 프로젝트는 회의 내용을 기반으로 프로젝트를 관리하고 추적하는 시스템입니다. 이 시스템은 회의에서 논의된 사항을 자동으로 파싱하여 프로젝트로 변환함으로써, 사용자의 업무 효율성을 높이고 프로젝트 관리의 투명성을 제공합니다. 타겟 사용자는 프로젝트 매니저, 팀 리더, 그리고 회의 주최자입니다. 이 프로젝트는 회의 후 작업 생성의 번거로움을 줄이고, 실시간으로 프로젝트 상태를 파악할 수 있는 가치를 제공합니다.\",\n    \"core_features\": \"1. 회의 내용 자동 파싱: 회의에서 논의된 내용을 자동으로 인식하고 프로젝트로 변환합니다. 2. 프로젝트 생성 및 관리: 파싱된 내용을 기반으로 프로젝트를 생성하고 관리할 수 있습니다. 3. 실시간 업데이트: 프로젝트 진행 상황을 실시간으로 업데이트하여 팀원들과 공유합니다.\",\n    \"user_experience\": \"사용자는 회의가 끝난 후, 자동으로 생성된 프로젝트를 검토하고 필요한 수정을 가할 수 있습니다. 주요 사용자 페르소나는 프로젝트 매니저로, 회의 후 즉시 프로젝트 상태를 확인하고 팀원들에게 할당할 수 있는 기능을 중시합니다. UI/UX는 직관적이고 간단한 인터페이스를 제공하여 사용자가 쉽게 접근할 수 있도록 설계됩니다.\",\n    \"technical_architecture\": \"시스템은 클라우드 기반으로 구축되며, 데이터 모델은 회의 내용과 프로젝트 정보를 효율적으로 저장하고 검색할 수 있도록 설계됩니다. API는 외부 회의 플랫폼과의 통합을 지원하며, 인프라는 확장 가능하고 안정적인 환경을 제공합니다.\",\n    \"development_roadmap\": \"MVP는 회의 내용 파싱 및 기본 프로젝트 생성 기능을 포함합니다. 이후 개선사항으로는 다양한 회의 플랫폼과의 통합, 고급 분석 기능 추가 등이 계획되어 있습니다. 개발은 3단계로 나누어 진행되며, 각 단계별로 기능을 확장합니다.\",\n    \"logical_dependency_chain\": \"기초 기능으로 회의 내용 파싱 및 프로젝트 생성 기능을 우선 개발합니다. 이후, 실시간 업데이트 및 외부 플랫폼 통합 기능을 점진적으로 추가합니다.\",\n    \"risks_and_mitigations\": \"기술적 도전으로는 자연어 처리의 정확도 향상과 외부 플랫폼과의 원활한 통합이 있습니다. MVP는 기본적인 파싱 및 프로젝트 생성 기능을 포함하며, 자원 제약사항으로는 개발 인력과 시간 관리가 있습니다.\",\n    \"appendix\": \"추가 정보로는 회의 내용 파싱을 위한 자연어 처리 기술 연구 결과와 API 통합 기술 사양이 포함됩니다.\"\n}\n```",
  "quality_metrics": {
    "final_score": 6.0,
    "is_production_ready": true,
    "iterations_used": 1,
    "is_high_quality": false
  },
  "metadata": {
    "source_file": "../batch_triplet_results\\result_IS1001a\\05_final_result.json",
    "utterance_count": 68,
    "transcript_length": 2370,
    "speakers": [
      "Speaker_B",
      "Speaker_D",
      "Speaker_C",
      "Speaker_A"
    ],
    "dataset_type": "train",
    "processing_date": "2025-07-31T14:09:06.866162"
  }
}