{
  "id": "train_043",
  "source_dir": "result_제22대국회 제427회(임시회) 제1차 교육위원회(법안심사소위원회) (2025.07.08.)",
  "notion_output": "```json\n{\n    \"project_name\": \"지방교육재정 및 교육환경 법률 개정 및 실행 프로젝트\",\n    \"project_purpose\": \"지방교육재정의 안정적 확보와 교육환경 개선을 위한 법률 개정 및 구체적 실행 계획 수립\",\n    \"project_period\": \"2025.01.01 ~ 2025.12.31\",\n    \"project_manager\": \"문정복 소위원장\",\n    \"core_objectives\": [\n        \"목표 1: 지방교육재정교부금의 유효기간 설정 및 고교 무상교육 경비 부담 특례 규정 재도입\",\n        \"목표 2: 초중등교육법 개정을 통한 스마트기기 사용 규제 및 교육환경 보호 강화\",\n        \"목표 3: 사립학교법 및 교육공무원법 개정을 통한 교원 임용 절차의 공정성 강화\",\n        \"목표 4: 액상형 전자담배 규제를 통한 교육환경 보호\"\n    ],\n    \"core_idea\": \"지방교육재정의 안정성과 교육환경의 질적 향상을 위한 법률 개정 및 실행\",\n    \"idea_description\": \"지방교육재정교부금의 유효기간을 설정하여 재정의 안정성을 확보하고, 초중등교육법 개정을 통해 스마트기기의 교육적 사용을 규제하며, 사립학교법 및 교육공무원법 개정을 통해 교원 임용의 공정성을 강화함으로써 교육환경을 개선한다. 또한, 액상형 전자담배 규제를 통해 청소년의 건강을 보호한다.\",\n    \"execution_plan\": [\n        {\n            \"단계\": \"1단계\",\n            \"활동\": \"법률 개정안 심사 및 수정\",\n            \"기간\": \"2025.01.01 ~ 2025.03.31\",\n            \"세부 활동\": [\n                \"지방교육재정교부금 유효기간 설정 및 고교 무상교육 경비 부담 특례 규정의 구체적인 내용 검토 및 수정\",\n                \"스마트기기 사용 규제 및 교육환경 보호를 위한 초중등교육법 개정안의 구체적인 시행 방안 마련\",\n                \"교원 임용 절차의 공정성 강화를 위한 사립학교법 및 교육공무원법 개정안의 세부 내용 검토\",\n                \"액상형 전자담배 규제를 위한 법률 개정안의 구체적인 내용 검토\"\n            ]\n        },\n        {\n            \"단계\": \"2단계\",\n            \"활동\": \"정부 및 관련 부처와의 협의 및 조율\",\n            \"기간\": \"2025.04.01 ~ 2025.06.30\",\n            \"세부 활동\": [\n                \"교육부 및 기획재정부와의 협의를 통해 지방교육재정교부금 관련 예산 조율 및 구체적 실행 방안 마련\",\n                \"스마트기기 사용 규제 시행 방안 마련 및 교육부와 협의\",\n                \"사립학교법 및 교육공무원법 개정안에 대한 교육부와의 협의 및 실행 계획 수립\",\n                \"액상형 전자담배 규제에 대한 보건복지부와의 협의 및 구체적 실행 방안 마련\"\n            ]\n        },\n        {\n            \"단계\": \"3단계\",\n            \"활동\": \"본회의 통과 및 법률 시행 준비\",\n            \"기간\": \"2025.07.01 ~ 2025.09.30\",\n            \"세부 활동\": [\n                \"본회의에서 법률안 통과\",\n                \"법률 시행을 위한 세부 계획 수립 및 준비\",\n                \"법률 시행에 필요한 인력 및 자원 배치\"\n            ]\n        },\n        {\n            \"단계\": \"4단계\",\n            \"활동\": \"법률 시행 및 모니터링\",\n            \"기간\": \"2025.10.01 ~ 2025.12.31\",\n            \"세부 활동\": [\n                \"법률 시행 후 초기 모니터링 및 피드백 수집\",\n                \"필요한 경우 추가 조정 및 개선 방안 마련\",\n                \"법률 시행 효과 분석 및 보고서 작성\"\n            ]\n        }\n    ],\n    \"expected_effects\": [\n        \"기대효과 1: 지방교육재정의 안정적 확보로 인한 교육 서비스의 질적 향상\",\n        \"기대효과 2: 스마트기기 사용 규제를 통한 학생들의 학습 집중도 및 교육 효과 증대\",\n        \"기대효과 3: 교원 임용 절차의 공정성 강화로 인한 교육 신뢰성 및 투명성 증대\",\n        \"기대효과 4: 액상형 전자담배 규제를 통한 청소년 건강 보호 및 교육환경 개선\"\n    ]\n}\n```",
  "prd_output": "```json\n{\n    \"overview\": \"파싱된 프로젝트는 회의 내용을 기반으로 프로젝트를 관리하고 추적하는 시스템입니다. 이 프로젝트는 회의에서 논의된 내용을 효과적으로 파악하고 실행 가능한 작업으로 변환하여 프로젝트 팀이 목표를 달성할 수 있도록 지원합니다. 타겟 사용자는 프로젝트 매니저와 팀원들로, 이 시스템을 통해 회의 내용을 명확히 이해하고, 작업을 체계적으로 관리할 수 있습니다. 가치 제안은 회의의 효율성을 높이고, 프로젝트 관리의 투명성을 강화하는 것입니다.\",\n    \"core_features\": \"1. 회의 내용 파싱 기능: 회의에서 논의된 내용을 자동으로 텍스트로 변환하고, 주요 포인트를 추출합니다.\\n2. 작업 생성 및 할당: 파싱된 내용을 기반으로 실행 가능한 작업을 생성하고 팀원들에게 할당합니다.\\n3. 진행 상황 추적: 각 작업의 진행 상황을 실시간으로 추적하여 프로젝트의 전반적인 상태를 파악할 수 있습니다.\\n4. 알림 시스템: 작업 마감일 및 주요 업데이트에 대한 알림을 제공하여 팀원들이 중요한 정보를 놓치지 않도록 합니다.\",\n    \"user_experience\": \"사용자는 회의가 끝난 후 시스템에 접속하여 파싱된 회의 내용을 확인합니다. 그런 다음, 자동 생성된 작업 목록을 검토하고 필요한 경우 수정합니다. 작업이 할당되면, 팀원들은 각자의 대시보드를 통해 자신의 작업을 확인하고 진행 상황을 업데이트합니다. UI/UX는 직관적이고 사용자 친화적으로 설계되어, 최소한의 클릭으로 필요한 정보를 얻을 수 있도록 합니다.\",\n    \"technical_architecture\": \"시스템은 클라이언트-서버 아키텍처로 구성되며, 클라이언트는 웹 애플리케이션 형태로 제공됩니다. 서버는 RESTful API를 통해 클라이언트와 통신하며, 데이터베이스는 회의 내용과 작업 정보를 저장합니다. 인프라는 클라우드 기반으로, 확장성과 안정성을 고려하여 설계되었습니다.\",\n    \"development_roadmap\": \"MVP 요구사항으로는 회의 내용 파싱, 작업 생성 및 할당, 진행 상황 추적 기능이 포함됩니다. 향후 개선사항으로는 AI 기반의 회의 내용 분석 기능과 더 나은 알림 시스템이 계획되어 있습니다. 개발은 3단계로 나누어 진행되며, 각 단계별로 기능을 점진적으로 확장합니다.\",\n    \"logical_dependency_chain\": \"먼저 회의 내용 파싱 기능을 개발하고, 이를 기반으로 작업 생성 및 할당 기능을 구현합니다. 이후, 진행 상황 추적 기능을 추가하여 전체적인 프로젝트 관리 기능을 완성합니다. 각 기능은 독립적으로 개발되지만, 파싱 기능이 가장 기초가 되므로 우선 개발됩니다.\",\n    \"risks_and_mitigations\": \"기술적 도전으로는 자연어 처리 기술의 정확도 향상이 필요합니다. MVP 정의는 명확하게 설정하여 초기 단계에서의 과도한 기능 확장을 방지합니다. 자원 제약사항으로는 개발 인력과 시간 관리가 있으며, 이를 위해 애자일 개발 방식을 채택하여 유연하게 대응합니다.\",\n    \"appendix\": \"추가 정보로는 자연어 처리 기술에 대한 최신 연구 결과와 관련 기술 사양이 포함됩니다. 또한, 프로젝트 관리 도구와의 통합 가능성에 대한 연구 자료도 참고할 수 있습니다.\"\n}\n```",
  "quality_metrics": {
    "final_score": 6.0,
    "is_production_ready": true,
    "iterations_used": 3,
    "is_high_quality": false
  },
  "metadata": {
    "source_file": "../batch_triplet_results\\result_제22대국회 제427회(임시회) 제1차 교육위원회(법안심사소위원회) (2025.07.08.)\\05_final_result.json",
    "utterance_count": 287,
    "transcript_length": 16185,
    "speakers": [
      "강경숙 위원",
      "김준혁 위원",
      "서지영 위원",
      "소위원장 문정복",
      "정을호 위원",
      "전문위원 윤상열",
      "김민전 위원",
      "조정훈 위원",
      "백승아 위원",
      "수석전문위원 최선영",
      "교육부차관 오석환",
      "고민정 위원"
    ],
    "dataset_type": "train",
    "processing_date": "2025-07-31T11:36:47.382214"
  }
}