{
  "id": "train_096",
  "source_dir": "result_ES2003b",
  "notion_output": "```json\n{\n    \"project_name\": \"차세대 사용자 중심 리모컨 개발\",\n    \"project_purpose\": \"사용자 경험을 극대화하고, 다양한 기기와의 호환성을 갖춘 혁신적인 리모컨을 개발하여 시장 경쟁력을 확보한다.\",\n    \"project_period\": \"2025.01.01 ~ 2025.06.30\",\n    \"project_manager\": \"Speaker_B\",\n    \"core_objectives\": [\n        \"목표 1: 사용자 중심의 인체공학적 디자인을 통해 리모컨 사용의 편의성을 향상시킨다.\",\n        \"목표 2: 음성 인식 및 조이스틱 기능을 통합하여 다양한 사용자 요구를 충족시킨다.\",\n        \"목표 3: TV 및 기타 가전제품과의 상호작용을 강화하여 리모컨의 활용도를 높인다.\"\n    ],\n    \"core_idea\": \"사용자 중심 디자인과 혁신적 기능 통합을 통한 차세대 리모컨 개발\",\n    \"idea_description\": \"리모컨의 물리적 버튼 수를 최소화하고, 음성 인식 및 조이스틱 기능을 통해 사용자 편의성을 극대화한다. 또한, 다양한 기기와의 호환성을 고려하여 리모컨의 활용도를 높인다.\",\n    \"execution_plan\": [\n        \"1단계: 시장 조사 및 사용자 요구 분석 (2025.01.01 ~ 2025.01.31)\",\n        \"2단계: 디자인 및 기능 설계 (2025.02.01 ~ 2025.03.15)\",\n        \"3단계: 프로토타입 개발 및 테스트 (2025.03.16 ~ 2025.04.30)\",\n        \"4단계: 최종 제품 개발 및 생산 준비 (2025.05.01 ~ 2025.06.15)\",\n        \"5단계: 제품 출시 및 마케팅 (2025.06.16 ~ 2025.06.30)\"\n    ],\n    \"expected_effects\": [\n        \"기대효과 1: 사용자 경험 개선으로 인한 고객 만족도 증가\",\n        \"기대효과 2: 혁신적 기능 도입으로 인한 시장 점유율 확대\",\n        \"기대효과 3: 다양한 기기와의 호환성 강화로 인한 판매 증가\"\n    ]\n}\n```",
  "prd_output": "```json\n{\n    \"overview\": \"파싱된 프로젝트는 회의 내용을 기반으로 한 프로젝트로, 회의 중 논의된 내용을 체계적으로 관리하고 추적할 수 있도록 돕는 것을 목표로 합니다. 이 프로젝트는 회의 참가자, 관리자, 프로젝트 매니저를 주요 사용자로 하며, 회의 후속 조치 및 의사 결정의 효율성을 높이는 가치를 제공합니다.\",\n    \"core_features\": \"1. 회의 내용 자동 파싱: 회의 녹음 파일을 텍스트로 변환하고, 주요 토픽 및 액션 아이템을 추출합니다. 2. 액션 아이템 관리: 추출된 액션 아이템을 할당하고, 진행 상태를 추적할 수 있는 기능을 제공합니다. 3. 통합 캘린더: 회의 일정과 액션 아이템의 마감일을 통합 관리할 수 있는 캘린더 기능을 제공합니다.\",\n    \"user_experience\": \"사용자 여정은 회의 녹음 파일 업로드에서 시작하여, 파싱된 결과를 검토하고, 액션 아이템을 할당 및 추적하는 흐름으로 구성됩니다. 주요 페르소나는 회의 주최자와 참가자이며, 직관적인 UI/UX를 통해 사용자가 쉽게 회의 내용을 관리할 수 있도록 설계됩니다.\",\n    \"technical_architecture\": \"시스템은 클라우드 기반으로 구성되며, 음성 인식 API를 활용하여 녹음 파일을 텍스트로 변환합니다. 데이터베이스는 관계형 DB를 사용하여 회의 내용 및 액션 아이템을 저장합니다. 프론트엔드는 React를 사용하여 사용자 인터페이스를 구축합니다.\",\n    \"development_roadmap\": \"MVP는 회의 녹음 파일의 텍스트 변환 및 액션 아이템 추출 기능을 포함합니다. 이후 단계에서는 통합 캘린더 기능과 사용자 피드백 기반의 기능 개선이 계획되어 있습니다.\",\n    \"logical_dependency_chain\": \"기본적으로 음성 인식 기능이 우선 개발되어야 하며, 이후 파싱된 데이터를 기반으로 액션 아이템 관리 기능이 개발됩니다. 점진적으로 캘린더 통합 및 사용자 인터페이스 개선이 이루어질 것입니다.\",\n    \"risks_and_mitigations\": \"주요 기술적 도전은 음성 인식의 정확도이며, 이를 위해 다양한 음성 인식 API를 테스트하여 최적의 솔루션을 선택할 계획입니다. 자원 제약사항으로는 초기 개발 인력의 부족이 있으며, 이를 외부 개발자와의 협업을 통해 해결할 예정입니다.\",\n    \"appendix\": \"추가 정보로는 음성 인식 기술에 대한 연구 결과 및 관련 기술 사양이 포함됩니다. 이를 통해 프로젝트의 기술적 기반을 강화할 수 있습니다.\"\n}\n```",
  "quality_metrics": {
    "final_score": 6.0,
    "is_production_ready": true,
    "iterations_used": 1,
    "is_high_quality": false
  },
  "metadata": {
    "source_file": "../batch_triplet_results\\result_ES2003b\\05_final_result.json",
    "utterance_count": 196,
    "transcript_length": 7255,
    "speakers": [
      "Speaker_A",
      "Speaker_B",
      "Speaker_D",
      "Speaker_C"
    ],
    "dataset_type": "train",
    "processing_date": "2025-07-31T12:41:08.798788"
  }
}