{
  "id": "train_214",
  "source_dir": "result_ES2016c",
  "notion_output": "```json\n{\n    \"project_name\": \"혁신적인 리모컨 디자인 프로젝트\",\n    \"project_purpose\": \"사용자 경험을 향상시키고 시장 트렌드를 반영한 혁신적인 리모컨 디자인 개발\",\n    \"project_period\": \"2025.01.01 ~ 2025.03.31\",\n    \"project_manager\": \"마누엘\",\n    \"core_objectives\": [\n        \"목표 1: 사용자 친화적인 인터페이스 디자인 개발\",\n        \"목표 2: 과일 및 채소 모양의 리모컨 디자인 구현\",\n        \"목표 3: 새로운 소재를 활용한 리모컨의 촉감 및 내구성 개선\"\n    ],\n    \"core_idea\": \"과일 및 채소 모양의 혁신적인 리모컨 디자인\",\n    \"idea_description\": \"리모컨을 과일이나 채소 모양으로 디자인하여 시각적 즐거움을 제공하고, 스펀지 같은 촉감의 소재를 사용하여 사용자 경험을 향상시킵니다. 또한, 사용하기 쉬운 인터페이스를 제공하여 사용자 편의성을 극대화합니다.\",\n    \"execution_plan\": \"1단계: 시장 조사 및 사용자 요구 분석 (2025.01.01 ~ 2025.01.31)\\n2단계: 디자인 컨셉 개발 및 프로토타입 제작 (2025.02.01 ~ 2025.02.28)\\n3단계: 사용자 테스트 및 피드백 수집 (2025.03.01 ~ 2025.03.15)\\n4단계: 최종 디자인 확정 및 생산 준비 (2025.03.16 ~ 2025.03.31)\",\n    \"expected_effects\": [\n        \"기대효과 1: 사용자 만족도 향상 - 새로운 디자인과 촉감으로 사용자 경험을 개선하여 만족도를 높임\",\n        \"기대효과 2: 시장 경쟁력 강화 - 차별화된 디자인으로 시장에서의 경쟁 우위를 확보\",\n        \"기대효과 3: 브랜드 이미지 제고 - 혁신적인 제품 개발로 브랜드의 혁신성과 창의성을 강조\"\n    ]\n}\n```",
  "prd_output": "```json\n{\n    \"overview\": \"파싱된 프로젝트는 회의 내용을 기반으로 프로젝트를 생성하고 관리하는 시스템입니다. 이 프로젝트는 회의에서 논의된 사항을 자동으로 파싱하여 프로젝트로 변환함으로써 회의 후 작업의 효율성을 높이고, 정보 누락을 방지합니다. 타겟 사용자는 프로젝트 매니저, 팀 리더, 그리고 회의 주최자이며, 이들에게 회의 후 신속한 프로젝트 관리와 명확한 업무 분배를 제공합니다.\",\n    \"core_features\": \"1. 자동 파싱 기능: 회의 내용을 텍스트로 입력하면 자동으로 주요 항목을 파싱하여 프로젝트로 변환합니다. 2. 프로젝트 생성 및 관리: 파싱된 데이터를 기반으로 프로젝트를 생성하고, 할당된 작업을 관리할 수 있습니다. 3. 실시간 협업: 팀원들과 실시간으로 프로젝트 상태를 공유하고 업데이트할 수 있습니다.\",\n    \"user_experience\": \"사용자는 회의가 끝난 후 회의록을 시스템에 입력합니다. 시스템은 이를 분석하여 프로젝트를 자동 생성하며, 사용자는 생성된 프로젝트를 검토하고 필요한 수정 사항을 반영합니다. 주요 페르소나는 프로젝트 매니저로, UI/UX는 직관적이고 사용하기 쉽게 설계되어야 합니다.\",\n    \"technical_architecture\": \"시스템은 클라우드 기반으로 설계되며, 데이터 모델은 회의 내용과 프로젝트 항목을 중심으로 구성됩니다. API는 외부 회의록 입력과 내부 프로젝트 관리 기능을 지원하며, 인프라는 AWS를 기반으로 구축됩니다.\",\n    \"development_roadmap\": \"MVP는 자동 파싱 및 프로젝트 생성 기능을 포함하며, 이후 실시간 협업 기능과 사용자 맞춤형 대시보드를 추가할 예정입니다. 단계별로 기능을 확장하여 사용자 피드백을 반영할 계획입니다.\",\n    \"logical_dependency_chain\": \"1. 자동 파싱 엔진 개발 2. 프로젝트 생성 모듈 구현 3. 사용자 인터페이스 설계 4. 실시간 협업 기능 추가 5. 사용자 피드백 기반 개선\",\n    \"risks_and_mitigations\": \"기술적 도전은 자연어 처리의 정확성 확보이며, 이를 위해 지속적인 모델 학습과 테스트가 필요합니다. MVP는 자동 파싱과 프로젝트 생성 기능에 집중하며, 자원 제약사항은 클라우드 비용과 개발 인력입니다.\",\n    \"appendix\": \"추가 정보로는 자연어 처리 기술 연구 결과와 프로젝트 관리 도구 비교 자료가 포함됩니다.\"\n}\n```",
  "quality_metrics": {
    "final_score": 6.0,
    "is_production_ready": true,
    "iterations_used": 1,
    "is_high_quality": false
  },
  "metadata": {
    "source_file": "../batch_triplet_results\\result_ES2016c\\05_final_result.json",
    "utterance_count": 207,
    "transcript_length": 8098,
    "speakers": [
      "Speaker_B",
      "Speaker_D",
      "Speaker_C",
      "Speaker_A"
    ],
    "dataset_type": "train",
    "processing_date": "2025-07-31T15:07:12.924328"
  }
}