{
  "id": "train_252",
  "source_dir": "result_IS1003b",
  "notion_output": "```json\n{\n    \"project_name\": \"스마트 리모컨 개발 프로젝트\",\n    \"project_purpose\": \"사용자 친화적이며 강력한 기능을 갖춘 스마트 리모컨 개발\",\n    \"project_period\": \"2024.01.01 ~ 2024.06.30\",\n    \"project_manager\": \"데이비드 조던\",\n    \"core_objectives\": [\n        \"목표 1: 사용하기 쉬운 사용자 인터페이스 설계\",\n        \"목표 2: 다양한 기능을 하나의 리모컨에 통합\",\n        \"목표 3: 비용 효율적인 생산 및 마케팅 전략 수립\"\n    ],\n    \"core_idea\": \"사용자 인터페이스가 직관적이면서도 다양한 기능을 제공하는 리모컨 개발\",\n    \"idea_description\": \"리모컨은 TV, 레코더, 캠코더 등 다양한 기기를 제어할 수 있는 기능을 갖추며, 사용자가 쉽게 조작할 수 있도록 직관적인 인터페이스를 제공한다. 또한, 무선 기술을 활용하여 배터리 문제를 최소화하고, 사용자 선호에 따라 색상을 선택할 수 있는 옵션을 제공한다.\",\n    \"execution_plan\": [\n        \"1단계: 시장 조사 및 요구 사항 분석 (2024.01.01 ~ 2024.02.15)\",\n        \"2단계: 사용자 인터페이스 및 산업 디자인 개발 (2024.02.16 ~ 2024.03.31)\",\n        \"3단계: 프로토타입 제작 및 테스트 (2024.04.01 ~ 2024.05.15)\",\n        \"4단계: 생산 및 마케팅 전략 수립 (2024.05.16 ~ 2024.06.15)\",\n        \"5단계: 제품 출시 및 피드백 수집 (2024.06.16 ~ 2024.06.30)\"\n    ],\n    \"expected_effects\": [\n        \"기대효과 1: 사용자 만족도 증가 - 직관적인 인터페이스로 인해 사용자가 리모컨을 쉽게 사용할 수 있음\",\n        \"기대효과 2: 시장 점유율 확대 - 다양한 기능과 패션 요소를 결합하여 경쟁 제품 대비 차별화된 제품 제공\",\n        \"기대효과 3: 비용 절감 - 효율적인 생산 및 마케팅 전략을 통해 비용을 절감하고, 가격 경쟁력을 확보\"\n    ]\n}\n```",
  "prd_output": "```json\n{\n    \"overview\": \"파싱된 프로젝트는 회의 내용을 기반으로 프로젝트를 생성하고 관리하는 것을 목적으로 합니다. 이 프로젝트는 회의에서 논의된 내용을 자동으로 파싱하여 프로젝트 관리에 필요한 정보를 추출하고, 이를 통해 팀의 협업을 효율적으로 지원합니다. 타겟 사용자는 프로젝트 매니저, 팀 리더, 그리고 팀원들로, 이들은 회의 후 프로젝트 계획을 신속하게 수립하고 실행할 수 있는 도구를 필요로 합니다. 이 프로젝트는 시간을 절약하고, 정보의 누락을 방지하며, 팀의 생산성을 향상시키는 가치를 제공합니다.\",\n    \"core_features\": \"1. 회의 내용 파싱: 회의에서 논의된 내용을 자동으로 텍스트로 변환하고, 주요 정보를 추출합니다. 2. 프로젝트 생성: 파싱된 정보를 기반으로 자동으로 프로젝트와 관련된 작업 항목을 생성합니다. 3. 협업 도구 통합: Slack, Microsoft Teams 등과 같은 협업 도구와 통합하여 실시간으로 업데이트를 제공합니다.\",\n    \"user_experience\": \"사용자는 회의가 끝난 후, 자동으로 생성된 프로젝트 계획을 검토하고 수정할 수 있습니다. 페르소나는 프로젝트 매니저로, 주요 플로우는 회의 기록 업로드, 자동 파싱, 프로젝트 검토 및 수정입니다. UI/UX는 직관적이고 사용하기 쉬운 인터페이스를 제공하여 사용자가 쉽게 적응할 수 있도록 설계됩니다.\",\n    \"technical_architecture\": \"시스템은 클라우드 기반으로 구성되며, 자연어 처리(NLP) 엔진을 사용하여 회의 내용을 파싱합니다. 데이터 모델은 프로젝트, 작업 항목, 사용자 정보를 포함하며, RESTful API를 통해 외부 시스템과 통신합니다. 인프라는 AWS를 기반으로 하여 확장성과 안정성을 보장합니다.\",\n    \"development_roadmap\": \"MVP 요구사항은 회의 내용 파싱 및 기본 프로젝트 생성 기능을 포함합니다. 향후 개선사항으로는 다양한 협업 도구와의 통합, 고급 분석 기능 추가 등이 있습니다. 단계별 개발 범위는 초기 파싱 기능 개발, UI/UX 디자인, 협업 도구 통합 순으로 진행됩니다.\",\n    \"logical_dependency_chain\": \"개발 순서는 NLP 엔진 개발, 데이터 모델 설계, API 개발, UI 개발 순으로 진행됩니다. 기초 기능은 회의 내용 파싱과 프로젝트 생성이며, 이후 점진적으로 협업 도구 통합과 고급 기능을 추가합니다.\",\n    \"risks_and_mitigations\": \"기술적 도전으로는 NLP의 정확도 향상과 다양한 회의 형식 지원이 있으며, 이를 위해 지속적인 모델 학습과 피드백 루프를 설정합니다. MVP 정의는 기본 파싱 및 프로젝트 생성 기능으로, 자원 제약사항은 개발 인력과 시간입니다.\",\n    \"appendix\": \"추가 정보로는 NLP 기술 연구 결과와 기존 프로젝트 관리 도구 분석 자료가 포함됩니다. 기술 사양은 AWS 인프라 구성, NLP 엔진 사양 등이 포함됩니다.\"\n}\n```",
  "quality_metrics": {
    "final_score": 6.0,
    "is_production_ready": true,
    "iterations_used": 1,
    "is_high_quality": false
  },
  "metadata": {
    "source_file": "../batch_triplet_results\\result_IS1003b\\05_final_result.json",
    "utterance_count": 185,
    "transcript_length": 6548,
    "speakers": [
      "Speaker_A",
      "Speaker_B",
      "Speaker_D",
      "Speaker_C"
    ],
    "dataset_type": "train",
    "processing_date": "2025-07-31T15:48:57.394861"
  }
}