{
  "id": "train_189",
  "source_dir": "result_Bro022_processed",
  "notion_output": "```json\n{\n    \"project_name\": \"고급 오디오 신호 처리 및 음성 인식 성능 최적화\",\n    \"project_purpose\": \"다양한 필터링 및 정규화 기법을 통해 음성 인식 시스템의 정확성을 극대화하고, 다양한 환경에서의 일관성을 확보하는 것\",\n    \"project_period\": \"2024.01.01 ~ 2024.03.31\",\n    \"project_manager\": \"모건 (Morgan)\",\n    \"core_objectives\": [\n        \"목표 1: VAD(Voice Activity Detection) 시스템의 개선을 통해 음성 신호의 정확한 감지 및 에코 타이밍 최적화\",\n        \"목표 2: PZM 신호의 증폭 및 정규화를 통해 음성 인식 성능 향상\",\n        \"목표 3: 다양한 필터링 기법(고역 통과 필터, 위너 필터, IIR 필터 등)을 적용하여 잔향 및 잡음을 최소화\",\n        \"목표 4: 채널 및 스피커 적응 방식을 활용하여 다양한 환경에서의 음성 인식 성능 일관성 확보\",\n        \"목표 5: SNR 추정 및 스펙트럼 감산 기법을 통해 노이즈 제거 및 음성 신호 명료도 향상\"\n    ],\n    \"core_idea\": \"오디오 신호의 정규화 및 다양한 필터링 기법을 통한 음성 인식 성능 향상\",\n    \"idea_description\": \"VAD 시스템을 개선하고, PZM 신호의 증폭 및 정규화를 통해 음성 인식 시스템의 정확성을 높이며, 다양한 필터링 기법을 적용하여 잔향 및 잡음을 최소화하는 기술 개발. 특히, 고역 통과 필터, 위너 필터, IIR 필터를 활용하여 에코 및 잡음을 효과적으로 제거하고, 채널 및 스피커 적응 방식을 통해 다양한 환경에서의 성능을 최적화. 또한, SNR 추정 및 스펙트럼 감산 기법을 통해 노이즈를 제거하고 음성 신호의 명료도를 높인다.\",\n    \"execution_plan\": \"1단계: VAD 시스템 개선 및 에코 타이밍 최적화 (2024.01.01 ~ 2024.01.31)\\n2단계: PZM 신호 증폭 및 정규화 기술 개발 (2024.02.01 ~ 2024.02.15)\\n3단계: 고역 통과 필터, 위너 필터, IIR 필터 적용 및 테스트 (2024.02.16 ~ 2024.03.01)\\n4단계: SNR 추정 및 스펙트럼 감산 기법 적용 (2024.03.02 ~ 2024.03.15)\\n5단계: 채널 및 스피커 적응 방식 적용 및 최종 테스트 (2024.03.16 ~ 2024.03.31)\",\n    \"expected_effects\": [\n        \"기대효과 1: 음성 인식 시스템의 정확도 5% 이상 향상\",\n        \"기대효과 2: 잡음 및 잔향 감소로 인한 사용자 경험 개선\",\n        \"기대효과 3: 다양한 환경에서의 음성 인식 성능 일관성 확보\",\n        \"기대효과 4: 에코 및 잡음 제거로 인한 음성 신호의 명료도 향상\",\n        \"기대효과 5: SNR 추정 및 스펙트럼 감산을 통한 노이즈 제거로 음성 신호의 품질 향상\"\n    ]\n}\n```",
  "prd_output": "```json\n{\n    \"overview\": \"파싱된 프로젝트는 회의 내용을 기반으로 프로젝트를 생성하는 것을 목표로 합니다. 이 프로젝트는 회의에서 논의된 사항을 자동으로 파싱하여 프로젝트 관리에 필요한 정보를 제공합니다. 타겟 사용자는 회의를 자주 진행하는 팀이나 조직이며, 이 솔루션은 회의 후 프로젝트 관리에 드는 시간을 절약하고 효율성을 높이는 가치를 제공합니다.\",\n    \"core_features\": \"1. 회의 내용 자동 파싱: 회의 녹음 파일이나 텍스트를 자동으로 분석하여 프로젝트에 필요한 정보를 추출합니다. 2. 프로젝트 생성: 파싱된 정보를 바탕으로 자동으로 프로젝트를 생성하고, 관련된 태스크와 마일스톤을 설정합니다. 3. 통합 기능: 기존의 프로젝트 관리 도구와 통합하여 사용자가 익숙한 환경에서 작업할 수 있도록 지원합니다.\",\n    \"user_experience\": \"사용자는 회의가 끝난 후, 녹음 파일을 업로드하거나 텍스트를 입력하여 자동으로 프로젝트를 생성할 수 있습니다. 페르소나는 프로젝트 매니저와 팀 리더로, 주요 플로우는 회의 후 프로젝트 생성 및 관리입니다. UI/UX는 직관적이고 사용하기 쉬운 인터페이스를 제공하여 사용자가 최소한의 노력으로 최대한의 결과를 얻을 수 있도록 설계됩니다.\",\n    \"technical_architecture\": \"시스템은 음성 인식 및 자연어 처리(NLP) 모듈을 포함하며, 데이터 모델은 회의 내용, 프로젝트 정보, 사용자 데이터를 포함합니다. API는 외부 프로젝트 관리 도구와의 통합을 지원하며, 인프라는 클라우드 기반으로 확장성을 고려하여 설계됩니다.\",\n    \"development_roadmap\": \"MVP는 회의 내용 파싱 및 기본적인 프로젝트 생성 기능을 포함합니다. 향후 개선사항으로는 고급 NLP 기능, 다양한 프로젝트 관리 도구와의 통합, 사용자 맞춤형 기능 추가가 있습니다. 단계별 개발 범위는 초기 MVP 개발, 사용자 피드백 수집, 기능 개선 및 확장으로 나뉩니다.\",\n    \"logical_dependency_chain\": \"기초 기능으로는 음성 인식 및 NLP 모듈 개발이 우선이며, 이후 프로젝트 생성 및 관리 기능이 개발됩니다. 점진적 개발 방식으로 초기 MVP를 출시한 후 사용자 피드백을 반영하여 기능을 개선합니다.\",\n    \"risks_and_mitigations\": \"기술적 도전으로는 음성 인식의 정확도와 NLP의 성능이 있으며, 이를 위해 최신 기술과 알고리즘을 활용합니다. MVP 정의는 최소한의 기능으로 사용자에게 가치를 제공하는 것이며, 자원 제약사항으로는 개발 인력과 시간입니다.\",\n    \"appendix\": \"추가 정보로는 음성 인식 및 NLP 관련 최신 연구 결과와 기술 사양이 포함됩니다.\"\n}\n```",
  "quality_metrics": {
    "final_score": 6.0,
    "is_production_ready": true,
    "iterations_used": 3,
    "is_high_quality": false
  },
  "metadata": {
    "source_file": "../batch_triplet_results\\result_Bro022_processed\\05_final_result.json",
    "utterance_count": 378,
    "transcript_length": 13962,
    "speakers": [
      "Speaker_F",
      "Speaker_A",
      "Speaker_G",
      "Speaker_B",
      "Speaker_E",
      "Speaker_D",
      "Speaker_C"
    ],
    "dataset_type": "train",
    "processing_date": "2025-07-31T14:43:38.090487"
  }
}