{
  "id": "train_207",
  "source_dir": "result_ES2011d",
  "notion_output": "```json\n{\n    \"project_name\": \"다양한 과일 디자인 리모컨 혁신 프로젝트\",\n    \"project_purpose\": \"소비자에게 신선하고 트렌디한 경험을 제공하며, 다수의 리모컨 구매를 유도하여 매출 증대 및 브랜드 이미지를 강화\",\n    \"project_period\": \"2024.01.01 ~ 2024.06.30\",\n    \"project_manager\": \"Speaker_B\",\n    \"core_objectives\": [\n        \"목표 1: 다양한 과일 디자인의 리모컨 개발 및 출시\",\n        \"목표 2: 사용자 요구 사항을 반영한 기능적이고 편리한 디자인 구현\",\n        \"목표 3: 생산 비용 절감을 통한 가격 경쟁력 확보\",\n        \"목표 4: 사용자 피드백을 반영하여 지속적인 제품 개선\"\n    ],\n    \"core_idea\": \"과일 모양의 트렌디한 디자인을 리모컨에 적용하여 소비자들에게 시각적 즐거움과 사용의 편리함을 제공\",\n    \"idea_description\": \"리모컨의 디자인을 브로콜리, 딸기 등 다양한 과일 모양으로 변경하여 시각적 즐거움을 제공하고, 색상과 모양을 다양화하여 소비자 선택의 폭을 넓힘. 디자인은 사용자 피드백을 통해 지속적으로 개선\",\n    \"execution_plan\": {\n        \"단계 1: 사용자 요구 사항 분석 및 시장 조사 (2024.01.01 ~ 2024.02.15)\",\n        \"단계 2: 디자인 컨셉 개발 및 프로토타입 제작 (2024.02.16 ~ 2024.03.31)\",\n        \"단계 3: 사용자 테스트 및 피드백 수집 (2024.04.01 ~ 2024.04.30)\",\n        \"단계 4: 최종 디자인 확정 및 대량 생산 준비 (2024.05.01 ~ 2024.05.31)\",\n        \"단계 5: 제품 출시 및 마케팅 캠페인 시작 (2024.06.01 ~ 2024.06.30)\"\n    },\n    \"evaluation_criteria\": [\n        \"기준 1: 사용자 만족도 조사 점수\",\n        \"기준 2: 생산 비용 대비 매출 증가율\",\n        \"기준 3: 디자인 다양성 및 소비자 선택의 폭\",\n        \"기준 4: 사용자 피드백 반영 정도\",\n        \"기준 5: 시장 점유율 변화\"\n    ],\n    \"expected_effects\": [\n        \"기대효과 1: 소비자 만족도 증가로 인한 브랜드 이미지 강화\",\n        \"기대효과 2: 다양한 디자인 옵션 제공으로 인한 매출 증대\",\n        \"기대효과 3: 생산 비용 절감을 통한 가격 경쟁력 강화\",\n        \"기대효과 4: 혁신적인 디자인으로 시장 점유율 확대\"\n    ]\n}\n```",
  "prd_output": "```json\n{\n    \"overview\": \"파싱된 프로젝트는 회의 내용을 기반으로 프로젝트를 관리하는 시스템입니다. 이 프로젝트는 회의에서 논의된 내용을 체계적으로 정리하고, 이를 바탕으로 프로젝트를 효과적으로 관리할 수 있도록 돕습니다. 타겟 사용자는 프로젝트 관리자와 팀원들로, 이 시스템을 통해 회의 후속 작업을 효율적으로 수행할 수 있습니다. 가치 제안은 회의 내용을 자동으로 파싱하여 프로젝트 관리에 필요한 정보를 제공함으로써 시간과 노력을 절감하는 것입니다.\",\n    \"core_features\": \"1. 회의 내용 파싱: 회의 녹음 파일이나 텍스트를 입력하면 자동으로 주요 내용을 추출합니다. 2. 프로젝트 생성: 파싱된 내용을 기반으로 자동으로 프로젝트를 생성하고, 관련된 작업 항목을 제안합니다. 3. 작업 관리: 생성된 프로젝트 내에서 작업을 추가, 수정, 삭제할 수 있으며, 팀원들과 협업할 수 있습니다. 4. 알림 시스템: 작업 마감일이나 중요한 업데이트에 대해 사용자에게 알림을 제공합니다.\",\n    \"user_experience\": \"사용자 경험은 회의 내용을 쉽게 입력하고, 자동으로 생성된 프로젝트를 직관적으로 관리할 수 있도록 설계됩니다. 주요 페르소나는 프로젝트 관리자와 팀원이며, 이들은 회의 후속 작업을 신속하게 처리하고 싶어합니다. 주요 플로우는 회의 내용 입력 -> 자동 파싱 -> 프로젝트 생성 -> 작업 관리로 구성됩니다. UI/UX는 사용자가 최소한의 클릭으로 원하는 정보를 얻을 수 있도록 설계됩니다.\",\n    \"technical_architecture\": \"시스템은 클라이언트-서버 아키텍처로 구성되며, 서버는 회의 내용을 파싱하고 프로젝트를 생성하는 역할을 합니다. 데이터 모델은 회의, 프로젝트, 작업 항목 간의 관계를 정의합니다. API는 클라이언트와 서버 간의 통신을 담당하며, RESTful API를 사용합니다. 인프라 요구사항은 클라우드 기반 서버와 데이터베이스를 포함합니다.\",\n    \"development_roadmap\": \"MVP 요구사항은 회의 내용 파싱과 프로젝트 생성 기능입니다. 향후 개선사항으로는 자연어 처리(NLP) 기술을 활용한 파싱 정확도 향상과 사용자 맞춤형 대시보드 제공이 있습니다. 단계별 개발 범위는 초기 MVP 개발 -> 사용자 피드백 수집 -> 기능 개선 및 확장으로 진행됩니다.\",\n    \"logical_dependency_chain\": \"개발 순서는 회의 내용 파싱 기능을 먼저 구현하고, 그 후 프로젝트 생성 기능을 개발합니다. 기초 기능 우선순위는 파싱 정확도와 프로젝트 생성 자동화입니다. 점진적 개발 방식으로 초기 MVP를 출시한 후 사용자 피드백을 반영하여 기능을 개선합니다.\",\n    \"risks_and_mitigations\": \"기술적 도전은 자연어 처리 기술의 정확도와 성능입니다. 이를 위해 최신 NLP 기술을 연구하고 테스트합니다. MVP 정의는 기본적인 파싱 및 프로젝트 생성 기능으로, 자원 제약사항은 개발 인력과 시간입니다. 이를 해결하기 위해 우선순위를 명확히 하고, 외부 전문가의 도움을 받을 수 있습니다.\",\n    \"appendix\": \"추가 정보로는 최신 NLP 기술에 대한 연구 결과와 기술 사양이 포함됩니다. 참고 자료로는 유사한 프로젝트의 사례 연구와 사용자 인터뷰 결과가 있습니다.\"\n}\n```",
  "quality_metrics": {
    "final_score": 6.0,
    "is_production_ready": true,
    "iterations_used": 2,
    "is_high_quality": false
  },
  "metadata": {
    "source_file": "../batch_triplet_results\\result_ES2011d\\05_final_result.json",
    "utterance_count": 288,
    "transcript_length": 8679,
    "speakers": [
      "Speaker_B",
      "Speaker_D",
      "Speaker_C",
      "Speaker_A"
    ],
    "dataset_type": "train",
    "processing_date": "2025-07-31T15:01:54.032900"
  }
}