{
  "id": "train_145",
  "source_dir": "result_Bmr006_processed",
  "notion_output": "```json\n{\n    \"project_name\": \"회의 데이터 익명화 및 고급 담론 분석 프로젝트\",\n    \"project_purpose\": \"회의 참가자의 개인정보를 보호하고, 고급 담론 분석을 통해 회의의 질적 향상을 도모\",\n    \"project_period\": \"2025.01.01 ~ 2025.03.31\",\n    \"project_manager\": {\n        \"name\": \"Speaker_A\",\n        \"role\": \"프로젝트 총괄 책임자\"\n    },\n    \"core_objectives\": [\n        \"목표 1: 회의 참가자의 이름을 익명화하여 개인정보 보호 강화\",\n        \"목표 2: 익명화된 데이터를 활용한 고급 담론 분석 수행\",\n        \"목표 3: 데이터 수집 및 분석 과정에서 발생할 수 있는 법적 문제를 사전에 예방\",\n        \"목표 4: 회의록의 기술적 세부사항을 반영하여 분석의 정확성 및 깊이 강화\"\n    ],\n    \"core_idea\": \"회의 데이터의 익명화 및 고급 담론 분석을 통한 회의 질적 향상\",\n    \"idea_description\": \"회의에서 수집되는 발언자 데이터를 익명화하여 개인정보를 보호하고, 익명화된 데이터를 활용하여 고급 담론 분석을 수행함으로써 회의의 질적 향상을 도모한다.\",\n    \"execution_plan\": [\n        {\n            \"phase\": \"1단계\",\n            \"description\": \"회의 데이터 익명화 시스템 구축\",\n            \"duration\": \"2025.01.01 ~ 2025.01.31\",\n            \"tasks\": [\n                \"발언자 식별자와 실제 이름 간의 매핑 제거\",\n                \"익명화된 데이터의 보안 강화\",\n                \"회의록에서 논의된 법적 문제와 관련된 구체적인 대응 방안 포함\"\n            ]\n        },\n        {\n            \"phase\": \"2단계\",\n            \"description\": \"익명화된 데이터를 활용한 고급 담론 분석 방법론 개발\",\n            \"duration\": \"2025.02.01 ~ 2025.02.28\",\n            \"tasks\": [\n                \"다양한 기술적 접근법 적용 (예: 신경망 알고리즘, 클러스터링)\",\n                \"담론 분석을 위한 데이터 처리 및 정제\",\n                \"회의록에서 논의된 구체적인 기술적 접근법 반영\"\n            ]\n        },\n        {\n            \"phase\": \"3단계\",\n            \"description\": \"분석 결과를 바탕으로 회의 개선 방안 제시\",\n            \"duration\": \"2025.03.01 ~ 2025.03.31\",\n            \"tasks\": [\n                \"분석 결과에 기반한 회의 효율성 및 효과성 증대 방안 도출\",\n                \"조직 내 커뮤니케이션 향상을 위한 구체적 제안\",\n                \"회의록에서 논의된 법적 문제와 관련된 구체적인 대응 방안 포함\"\n            ]\n        }\n    ],\n    \"expected_effects\": [\n        \"기대효과 1: 개인정보 보호 강화로 인한 법적 리스크 감소\",\n        \"기대효과 2: 고급 담론 분석을 통한 회의 효율성 및 효과성 증대\",\n        \"기대효과 3: 데이터 기반의 회의 개선으로 조직 내 커뮤니케이션 향상\"\n    ],\n    \"legal_considerations\": [\n        \"법적 문제를 사전에 예방하기 위한 익명화 프로세스 강화\",\n        \"회의록에서 논의된 법적 문제와 관련된 구체적인 대응 방안 포함\"\n    ],\n    \"technical_approaches\": [\n        \"신경망 알고리즘 및 클러스터링을 통한 발언 패턴 분석\",\n        \"다양한 마이크로폰 데이터를 활용한 발언자 식별 정확도 향상\",\n        \"상관관계 분석을 통한 발언자 간의 상호작용 파악\",\n        \"회의록에서 논의된 구체적인 기술적 접근법 반영\"\n    ]\n}\n```",
  "prd_output": "```json\n{\n    \"overview\": \"파싱된 프로젝트는 회의 내용을 기반으로 프로젝트를 관리하고 추적하는 시스템입니다. 이 프로젝트는 회의 중 논의된 내용을 자동으로 파싱하여 프로젝트로 변환함으로써 업무 효율성을 높이는 것을 목표로 합니다. 타겟 사용자는 주로 프로젝트 매니저와 팀 리더이며, 이 시스템을 통해 회의 후 수작업으로 프로젝트를 생성하는 시간을 절약할 수 있습니다.\",\n    \"core_features\": \"1. 회의 내용 자동 파싱: 회의 중 논의된 내용을 텍스트로 변환하고 이를 기반으로 프로젝트를 자동 생성합니다. 2. 프로젝트 생성 및 관리: 파싱된 내용을 기반으로 프로젝트를 생성하고, 이를 관리할 수 있는 기능을 제공합니다. 3. 알림 및 업데이트: 프로젝트 진행 상황에 대한 알림을 제공하여 사용자들이 최신 정보를 얻을 수 있도록 합니다.\",\n    \"user_experience\": \"사용자는 회의가 끝난 후 자동으로 생성된 프로젝트를 검토하고 필요한 수정을 할 수 있습니다. 주요 페르소나는 프로젝트 매니저로, 회의 내용을 기반으로 빠르게 프로젝트를 생성하고 관리할 수 있는 기능을 중시합니다. UI/UX는 직관적이고 사용하기 쉬운 인터페이스를 제공하여 사용자가 쉽게 적응할 수 있도록 설계합니다.\",\n    \"technical_architecture\": \"시스템은 음성 인식 API를 사용하여 회의 내용을 텍스트로 변환하고, 이를 파싱하여 프로젝트로 생성합니다. 데이터 모델은 프로젝트, 태스크, 사용자 등의 엔티티로 구성되며, 클라우드 기반 인프라를 통해 확장성을 제공합니다.\",\n    \"development_roadmap\": \"MVP는 회의 내용을 텍스트로 변환하고, 이를 기반으로 기본적인 프로젝트를 생성하는 기능을 포함합니다. 이후 단계에서는 사용자 피드백을 반영하여 기능을 개선하고, 추가적인 관리 기능을 개발할 예정입니다.\",\n    \"logical_dependency_chain\": \"먼저 음성 인식 및 텍스트 변환 기능을 개발하고, 이를 기반으로 파싱 및 프로젝트 생성 기능을 구현합니다. 이후 알림 및 업데이트 기능을 추가하여 전체 시스템을 완성합니다.\",\n    \"risks_and_mitigations\": \"기술적 도전은 음성 인식의 정확도와 파싱 알고리즘의 효율성입니다. 이를 해결하기 위해 최신 음성 인식 기술을 도입하고, 지속적인 알고리즘 개선을 통해 정확도를 높입니다. 자원 제약사항은 초기 개발 인력의 부족으로, 이를 해결하기 위해 외부 전문가와 협업을 고려합니다.\",\n    \"appendix\": \"추가 정보로는 음성 인식 기술에 대한 연구 결과와 파싱 알고리즘의 기술 사양이 포함됩니다. 또한, 유사 프로젝트 사례 연구를 통해 얻은 인사이트를 공유합니다.\"\n}\n```",
  "quality_metrics": {
    "final_score": 6.0,
    "is_production_ready": true,
    "iterations_used": 3,
    "is_high_quality": false
  },
  "metadata": {
    "source_file": "../batch_triplet_results\\result_Bmr006_processed\\05_final_result.json",
    "utterance_count": 1183,
    "transcript_length": 40349,
    "speakers": [
      "Speaker_F",
      "Speaker_A",
      "Speaker_B",
      "Speaker_E",
      "Speaker_D",
      "Speaker_C"
    ],
    "dataset_type": "train",
    "processing_date": "2025-07-31T13:45:35.235551"
  }
}