{
  "id": "train_071",
  "source_dir": "result_IS1009c",
  "notion_output": "```json\n{\n    \"project_name\": \"트렌디 스마트 리모컨 개발 프로젝트\",\n    \"project_purpose\": \"사용자 친화적이고 환경을 고려한 스마트 리모컨 개발\",\n    \"project_period\": \"2025.01.01 ~ 2025.03.31\",\n    \"project_manager\": \"Jana와 Francine\",\n    \"core_objectives\": [\n        \"목표 1: 사용자 인터페이스 개선을 통해 사용 편의성 증대\",\n        \"목표 2: 친환경적이고 재활용 가능한 소재 사용\",\n        \"목표 3: 음성 인식 및 모스 부호 신호 전송 기능을 통한 스마트 기능 강화\"\n    ],\n    \"core_idea\": \"트렌디하고 컴팩트한 디자인의 스마트 리모컨\",\n    \"idea_description\": \"스마트 리모컨은 사용자의 음성을 인식하여 TV를 제어할 수 있는 기능을 갖추고 있으며, 모스 부호 신호를 통해 효율적인 채널 전환을 제공합니다. 트렌디한 디자인과 컴팩트한 크기로 사용자 경험을 향상시키며, 재활용 가능한 소재를 사용하여 환경 친화적인 제품을 지향합니다.\",\n    \"execution_plan\": [\n        {\n            \"phase\": \"1단계: 디자인 및 프로토타입 제작\",\n            \"period\": \"2025.01.01 ~ 2025.01.31\",\n            \"tasks\": [\n                \"모델링 점토를 사용한 프로토타입 제작\",\n                \"구체적인 디자인 요소 및 소재 결정\",\n                \"모스 부호 신호 전송 시스템 설계\"\n            ],\n            \"responsible\": [\"Jana\", \"Francine\"]\n        },\n        {\n            \"phase\": \"2단계: 기술 개발 및 테스트\",\n            \"period\": \"2025.02.01 ~ 2025.02.28\",\n            \"tasks\": [\n                \"모스 부호 신호 생성 및 전송 기능 개발\",\n                \"음성 인식 기능 통합 및 테스트\",\n                \"트랜지스터 및 LED를 활용한 신호 증폭 시스템 개발\"\n            ],\n            \"responsible\": [\"기술 팀\"]\n        },\n        {\n            \"phase\": \"3단계: 마케팅 전략 수립 및 출시 준비\",\n            \"period\": \"2025.03.01 ~ 2025.03.31\",\n            \"tasks\": [\n                \"마케팅 전문가를 통한 제품 평가 및 전략 수립\",\n                \"광고 캠페인 준비 및 실행\",\n                \"출시 전 최종 테스트 및 피드백 반영\"\n            ],\n            \"responsible\": [\"마케팅 팀\"]\n        }\n    ],\n    \"expected_effects\": [\n        \"기대효과 1: 사용자 편의성 향상으로 인한 고객 만족도 증가\",\n        \"기대효과 2: 친환경 소재 사용으로 인한 브랜드 이미지 개선\",\n        \"기대효과 3: 음성 인식 및 모스 부호 신호 기능을 통한 시장 경쟁력 강화\"\n    ]\n}\n```",
  "prd_output": "```json\n{\n    \"overview\": \"파싱된 프로젝트는 회의 내용을 기반으로 한 프로젝트로, 사용자들이 회의에서 논의된 내용을 효율적으로 관리하고 활용할 수 있도록 돕습니다. 이 프로젝트는 회의 기록을 체계적으로 정리하고, 중요한 정보를 추출하여 사용자에게 제공함으로써 회의 후속 작업을 간소화합니다. 타겟 사용자는 주로 비즈니스 전문가, 팀 리더, 프로젝트 매니저이며, 가치 제안은 시간 절약과 정보의 효율적 관리입니다.\",\n    \"core_features\": \"1. 회의 내용 자동 파싱: 회의 내용을 자동으로 텍스트로 변환하고 요약합니다. 2. 중요 정보 추출: 키워드 및 주요 논점 식별 기능을 제공합니다. 3. 프로젝트 생성: 추출된 정보를 기반으로 자동으로 프로젝트를 생성합니다. 4. 사용자 맞춤형 알림: 사용자에게 중요한 업데이트를 알림으로 제공합니다.\",\n    \"user_experience\": \"사용자는 회의가 끝난 후, 녹음 파일을 업로드하여 자동으로 파싱된 결과를 확인할 수 있습니다. 주요 페르소나는 프로젝트 매니저로, 회의 후속 작업을 효율적으로 관리하고자 합니다. 주요 플로우는 파일 업로드, 파싱 결과 확인, 프로젝트 생성, 알림 설정입니다. UI/UX는 직관적이고 사용하기 쉽게 설계됩니다.\",\n    \"technical_architecture\": \"시스템은 클라우드 기반으로 운영되며, 음성 인식 API를 통해 회의 내용을 텍스트로 변환합니다. 데이터 모델은 회의 기록, 프로젝트 정보, 사용자 알림을 포함합니다. 인프라는 AWS를 기반으로 하며, 데이터베이스는 MySQL을 사용합니다.\",\n    \"development_roadmap\": \"MVP는 회의 내용 파싱 및 프로젝트 생성 기능을 포함합니다. 이후 단계에서는 사용자 맞춤형 알림 기능과 다국어 지원을 추가할 예정입니다. 초기 개발 범위는 핵심 기능 구현에 집중합니다.\",\n    \"logical_dependency_chain\": \"1. 음성 인식 기능 개발 2. 텍스트 파싱 및 요약 기능 개발 3. 프로젝트 생성 기능 개발 4. 사용자 알림 기능 개발. 각 단계는 이전 단계의 기능이 완료된 후 진행됩니다.\",\n    \"risks_and_mitigations\": \"기술적 도전은 음성 인식의 정확도와 텍스트 파싱의 효율성입니다. 이를 위해 최신 음성 인식 기술을 도입하고, 지속적인 테스트와 개선을 통해 정확도를 높입니다. 자원 제약사항은 개발 인력과 시간이며, 이를 위해 외부 전문가와의 협력을 고려합니다.\",\n    \"appendix\": \"추가 정보로는 음성 인식 기술에 대한 최신 연구 결과와 데이터베이스 설계 사양이 포함됩니다.\"\n}\n```",
  "quality_metrics": {
    "final_score": 6.0,
    "is_production_ready": true,
    "iterations_used": 2,
    "is_high_quality": false
  },
  "metadata": {
    "source_file": "../batch_triplet_results\\result_IS1009c\\05_final_result.json",
    "utterance_count": 180,
    "transcript_length": 7180,
    "speakers": [
      "Speaker_B",
      "Speaker_D",
      "Speaker_C",
      "Speaker_A"
    ],
    "dataset_type": "train",
    "processing_date": "2025-07-31T12:13:04.685570"
  }
}