{
  "id": "train_061",
  "source_dir": "result_ES2004a",
  "notion_output": "```json\n{\n    \"project_name\": \"다기능 스마트 리모컨 개발 프로젝트\",\n    \"project_purpose\": \"사용자 경험을 극대화하고 시장 경쟁력을 강화하기 위한 다기능 스마트 리모컨 개발\",\n    \"project_period\": \"2025.01.01 ~ 2025.03.31\",\n    \"project_manager\": \"Speaker_B\",\n    \"core_objectives\": [\n        \"목표 1: 사용자 친화적인 인터페이스와 직관적인 기호 설계\",\n        \"목표 2: 다양한 기기와의 호환성 및 프로그래밍 가능성 확보\",\n        \"목표 3: 비용 효율적이며 혁신적인 디자인 구현\"\n    ],\n    \"core_idea\": \"혁신적인 플립탑 디자인과 작은 LCD 디스플레이를 갖춘 스마트 리모컨 개발\",\n    \"idea_description\": \"리모컨에 작은 LCD 디스플레이를 장착하고, 플립탑 디자인을 통해 화면을 확장하여 다양한 기기와의 프로그래밍 호환성을 제공하며, 사용자가 쉽게 이해할 수 있는 단순화된 기호를 사용\",\n    \"execution_plan\": {\n        \"단계 1\": \"시장 조사 및 요구사항 분석 (2025.01.01 ~ 2025.01.15)\",\n        \"단계 2\": \"디자인 및 프로토타입 개발 (2025.01.16 ~ 2025.02.15)\",\n        \"단계 3\": \"제품 테스트 및 피드백 수집 (2025.02.16 ~ 2025.03.01)\",\n        \"단계 4\": \"최종 제품 생산 및 출시 준비 (2025.03.02 ~ 2025.03.31)\"\n    },\n    \"expected_effects\": [\n        \"기대효과 1: 사용자 만족도 향상으로 인한 브랜드 이미지 제고\",\n        \"기대효과 2: 다양한 기기와의 호환성으로 인한 시장 점유율 확대\",\n        \"기대효과 3: 혁신적인 디자인으로 인한 제품 차별화 및 경쟁력 강화\"\n    ],\n    \"additional_considerations\": [\n        \"비용 문제: 플립탑 디자인과 LCD 디스플레이 사용에 따른 비용 효율성 검토 필요\",\n        \"기술적 기능: 리모컨의 프로그래밍 가능성과 직관적인 기호 사용에 대한 구체적인 기술적 구현 방안 마련\"\n    ]\n}\n```",
  "prd_output": "```json\n{\n    \"overview\": \"파싱된 프로젝트는 회의 내용을 기반으로 프로젝트를 생성하는 것을 목표로 합니다. 이 프로젝트는 회의에서 논의된 사항을 체계적으로 정리하고 관리할 수 있는 솔루션을 제공합니다. 타겟 사용자는 회의 내용을 효율적으로 관리하고자 하는 기업 및 팀입니다. 이 프로젝트의 가치 제안은 회의 후속 작업의 효율성을 높이고, 정보의 누락을 방지하며, 프로젝트 관리의 일관성을 유지하는 것입니다.\",\n    \"core_features\": \"1. 회의 내용 자동 파싱: 회의록을 자동으로 분석하여 주요 항목을 추출합니다. 2. 프로젝트 생성: 파싱된 내용을 기반으로 프로젝트를 자동 생성합니다. 3. 태스크 관리: 생성된 프로젝트 내에서 태스크를 관리하고 할당할 수 있는 기능을 제공합니다. 4. 통합 캘린더: 회의 일정과 연동하여 프로젝트 진행 상황을 시각화합니다.\",\n    \"user_experience\": \"사용자는 회의록을 업로드하거나 실시간으로 회의 내용을 입력할 수 있습니다. 페르소나는 프로젝트 매니저와 팀 리더로 설정되며, 주요 플로우는 회의록 업로드 -> 자동 파싱 -> 프로젝트 생성 -> 태스크 관리입니다. UI/UX는 직관적이고 사용하기 쉬운 인터페이스를 제공하여 사용자 경험을 극대화합니다.\",\n    \"technical_architecture\": \"시스템은 클라우드 기반으로 설계되며, 주요 구성 요소는 데이터 파싱 모듈, 프로젝트 생성 엔진, 태스크 관리 시스템, 캘린더 통합 모듈입니다. 데이터 모델은 회의록, 프로젝트, 태스크, 사용자 정보로 구성됩니다. API는 RESTful 방식으로 설계되며, 인프라는 AWS를 기반으로 구축됩니다.\",\n    \"development_roadmap\": \"MVP 요구사항은 회의 내용 자동 파싱 및 프로젝트 생성 기능입니다. 향후 개선사항으로는 통합 캘린더 기능 및 사용자 맞춤형 대시보드가 포함됩니다. 단계별 개발 범위는 초기 MVP 개발, 기능 확장, 사용자 피드백 반영 순으로 진행됩니다.\",\n    \"logical_dependency_chain\": \"개발 순서는 회의 내용 파싱 기능을 먼저 구현하고, 이후 프로젝트 생성 및 태스크 관리 기능을 개발합니다. 기초 기능 우선순위는 파싱 정확도 향상, 사용자 인터페이스 개선, 통합 캘린더 개발입니다. 점진적 개발 방식으로 각 기능을 단계적으로 완성해 나갑니다.\",\n    \"risks_and_mitigations\": \"기술적 도전은 자연어 처리의 정확도와 성능 최적화입니다. MVP 정의는 필수 기능의 최소 구현을 목표로 하며, 자원 제약사항은 개발 인력과 시간입니다. 이러한 위험 요소를 완화하기 위해 초기 단계에서 철저한 요구사항 분석과 프로토타입 테스트를 진행합니다.\",\n    \"appendix\": \"추가 정보로는 자연어 처리 기술에 대한 연구 결과와 관련 기술 사양이 포함됩니다. 또한, 사용자 인터뷰 및 시장 조사 결과를 통해 프로젝트의 필요성을 뒷받침합니다.\"\n}\n```",
  "quality_metrics": {
    "final_score": 6.0,
    "is_production_ready": true,
    "iterations_used": 3,
    "is_high_quality": false
  },
  "metadata": {
    "source_file": "../batch_triplet_results\\result_ES2004a\\05_final_result.json",
    "utterance_count": 126,
    "transcript_length": 3869,
    "speakers": [
      "Speaker_B",
      "Speaker_D",
      "Speaker_C",
      "Speaker_A"
    ],
    "dataset_type": "train",
    "processing_date": "2025-07-31T12:00:54.020743"
  }
}