{
  "id": "train_217",
  "source_dir": "result_ES2013c",
  "notion_output": "```json\n{\n    \"project_name\": \"에코 스마트 리모컨 개발 프로젝트\",\n    \"project_purpose\": \"친환경적이고 사용자 친화적인 스마트 리모컨을 개발하여 시장 점유율 확대\",\n    \"project_period\": \"2025.01.01 ~ 2025.06.30\",\n    \"project_manager\": \"사라\",\n    \"core_objectives\": [\n        \"목표 1: 15세에서 35세 사이의 시장을 타겟으로 한 스마트 리모컨 개발\",\n        \"목표 2: 운동 에너지를 활용한 친환경 에너지원 채택\",\n        \"목표 3: 경제적이고 사용하기 쉬운 인터페이스 설계\",\n        \"목표 4: 혁신적인 디자인과 재료 사용으로 제품 차별화\"\n    ],\n    \"core_idea\": \"운동 에너지를 사용하는 에코 스마트 리모컨\",\n    \"idea_description\": \"사용자가 리모컨을 움직여 에너지를 생성하는 방식으로, 배터리 교체가 필요 없는 친환경적이고 경제적인 제품을 목표로 합니다. 간단한 푸시 버튼과 스크롤 기능을 통해 사용자 경험을 향상시키며, 플라스틱과 고무 소재를 사용하여 경제성과 내구성을 확보합니다.\",\n    \"design_details\": {\n        \"material\": \"플라스틱 및 고무\",\n        \"features\": [\n            \"간단한 푸시 버튼\",\n            \"스크롤 기능\",\n            \"운동 에너지 기반 충전\"\n        ],\n        \"aesthetic\": \"미래지향적이고 깔끔한 디자인\"\n    },\n    \"collaboration_with_manufacturing\": \"제조 부서와의 협업을 통해 최신 샘플 센서와 스피커 장치를 활용하여 제품 개발\",\n    \"pricing_discussion\": \"시장 평균보다 낮은 가격대를 목표로 하며, 경제적인 재료 사용으로 비용 절감\",\n    \"execution_plan\": [\n        {\n            \"phase\": \"1단계: 시장 조사 및 요구사항 분석\",\n            \"period\": \"2025.01.01 ~ 2025.01.31\",\n            \"details\": \"목표 시장 분석 및 소비자 요구사항 수집\"\n        },\n        {\n            \"phase\": \"2단계: 제품 설계 및 프로토타입 개발\",\n            \"period\": \"2025.02.01 ~ 2025.03.31\",\n            \"details\": \"디자인 시안 확정 및 프로토타입 제작\"\n        },\n        {\n            \"phase\": \"3단계: 테스트 및 피드백 수집\",\n            \"period\": \"2025.04.01 ~ 2025.04.30\",\n            \"details\": \"사용자 테스트 및 피드백 반영\"\n        },\n        {\n            \"phase\": \"4단계: 최종 제품 개발 및 생산 준비\",\n            \"period\": \"2025.05.01 ~ 2025.06.15\",\n            \"details\": \"최종 제품 디자인 확정 및 생산 준비\"\n        },\n        {\n            \"phase\": \"5단계: 마케팅 및 출시\",\n            \"period\": \"2025.06.16 ~ 2025.06.30\",\n            \"details\": \"마케팅 캠페인 실행 및 제품 출시\"\n        }\n    ],\n    \"expected_effects\": [\n        \"기대효과 1: 15세에서 35세 사이의 주요 소비자층을 대상으로 한 판매 증가\",\n        \"기대효과 2: 운동 에너지를 활용함으로써 환경 친화적인 기업 이미지 제고\",\n        \"기대효과 3: 사용자 친화적인 인터페이스로 인한 고객 만족도 향상\",\n        \"기대효과 4: 혁신적인 디자인으로 브랜드 인지도 상승\"\n    ]\n}\n```",
  "prd_output": "```json\n{\n    \"overview\": \"파싱된 프로젝트는 회의 내용을 기반으로 프로젝트를 생성 및 관리하는 시스템입니다. 이 프로젝트는 회의 중 논의된 내용을 자동으로 파싱하여 프로젝트로 변환함으로써, 사용자가 수동으로 프로젝트를 생성하는 시간을 절약하고 효율성을 높이는 것을 목표로 합니다. 주요 타겟 사용자는 프로젝트 관리자 및 팀 리더이며, 이들에게 자동화된 프로젝트 생성 및 관리의 가치를 제공합니다.\",\n    \"core_features\": \"1. 회의 내용 파싱: 음성 및 텍스트 데이터를 분석하여 주요 논의 사항을 추출합니다. 2. 자동 프로젝트 생성: 파싱된 데이터를 기반으로 프로젝트 및 태스크를 자동으로 생성합니다. 3. 실시간 업데이트: 회의 중 실시간으로 프로젝트 상태를 업데이트합니다. 4. 사용자 정의 가능성: 사용자가 원하는 대로 프로젝트 구조를 커스터마이즈할 수 있습니다.\",\n    \"user_experience\": \"사용자는 회의 중에 앱을 실행하여 자동으로 프로젝트를 생성할 수 있습니다. 주요 페르소나는 프로젝트 관리자이며, 이들은 회의 후 자동으로 생성된 프로젝트를 검토하고 수정할 수 있습니다. UI/UX는 직관적이며, 최소한의 클릭으로 프로젝트를 관리할 수 있도록 설계되었습니다.\",\n    \"technical_architecture\": \"시스템은 음성 인식 API와 자연어 처리(NLP) 엔진을 사용하여 회의 내용을 파싱합니다. 데이터는 클라우드 기반 데이터베이스에 저장되며, RESTful API를 통해 프론트엔드와 통신합니다. 인프라는 AWS를 기반으로 하며, 확장성을 고려하여 설계되었습니다.\",\n    \"development_roadmap\": \"MVP는 회의 내용 파싱 및 자동 프로젝트 생성 기능을 포함합니다. 이후 단계에서는 사용자 정의 기능 및 실시간 업데이트 기능을 추가할 예정입니다. 각 단계는 2개월 간격으로 계획되어 있습니다.\",\n    \"logical_dependency_chain\": \"기초 기능으로 음성 인식 및 NLP 엔진 개발이 우선되어야 하며, 이후 자동 프로젝트 생성 기능을 개발합니다. 점진적으로 사용자 정의 및 실시간 업데이트 기능을 추가합니다.\",\n    \"risks_and_mitigations\": \"기술적 도전은 음성 인식의 정확도 및 NLP의 효율성입니다. 이를 위해 최신 기술을 지속적으로 연구하고 테스트할 예정입니다. 자원 제약사항으로는 개발 인력의 부족이 있으며, 외부 전문가를 고용하여 이를 보완할 계획입니다.\",\n    \"appendix\": \"추가 정보로는 음성 인식 및 NLP 관련 최신 연구 결과와 기술 사양이 포함됩니다. 또한, 사용자 피드백을 기반으로 한 초기 프로토타입 테스트 결과도 포함됩니다.\"\n}\n```",
  "quality_metrics": {
    "final_score": 6.0,
    "is_production_ready": true,
    "iterations_used": 2,
    "is_high_quality": false
  },
  "metadata": {
    "source_file": "../batch_triplet_results\\result_ES2013c\\05_final_result.json",
    "utterance_count": 221,
    "transcript_length": 8213,
    "speakers": [
      "Speaker_B",
      "Speaker_D",
      "Speaker_C",
      "Speaker_A"
    ],
    "dataset_type": "train",
    "processing_date": "2025-07-31T15:09:48.241398"
  }
}