{
  "id": "train_066",
  "source_dir": "result_TS3011c",
  "notion_output": "```json\n{\n    \"project_name\": \"차세대 사용자 인터페이스 혁신 프로젝트\",\n    \"project_purpose\": \"젊은 세대를 위한 혁신적이고 지속 가능한 사용자 인터페이스 개발\",\n    \"project_period\": \"2025.01.01 ~ 2025.03.31\",\n    \"project_manager\": \"Speaker_A\",\n    \"core_objectives\": [\n        \"목표 1: 사용자 경험을 향상시키기 위한 혁신적 디자인 요소 개발\",\n        \"목표 2: 다양한 에너지원(배터리 및 태양열)을 활용한 지속 가능한 제품 설계\",\n        \"목표 3: 고객의 선호도를 반영한 다양한 소재 및 색상 옵션 제공\",\n        \"목표 4: 고객 피드백을 반영한 사용자 맞춤형 인터페이스 구현\"\n    ],\n    \"core_idea\": \"사용자 편의성과 혁신을 동시에 만족시키는 인터페이스 디자인\",\n    \"idea_description\": \"고무와 같은 부드러운 소재를 사용하여 젊은 세대의 취향을 반영하고, 배터리 및 태양열을 활용한 지속 가능한 에너지 솔루션을 제공하는 제품을 개발합니다. 다양한 케이스 디자인(곡면, 평면, 나무, 티타늄 등)을 통해 사용자 맞춤형 경험을 제공합니다.\",\n    \"execution_plan\": [\n        \"단계 1: 시장 조사 및 고객 요구 분석 (2025.01.01 ~ 2025.01.15)\",\n        \"단계 2: 디자인 컨셉 개발 및 프로토타입 제작 (2025.01.16 ~ 2025.02.15)\",\n        \"단계 3: 사용자 테스트 및 피드백 수집 (2025.02.16 ~ 2025.03.01)\",\n        \"단계 4: 최종 디자인 수정 및 제품 출시 준비 (2025.03.02 ~ 2025.03.31)\",\n        \"단계 5: 고객 피드백 기반의 지속적인 제품 개선 및 업데이트 계획 수립 (2025.03.31 이후)\"\n    ],\n    \"technical_details\": [\n        \"기술 세부사항 1: 스크롤 휠과 버튼의 통합 설계\",\n        \"기술 세부사항 2: 고무 및 플라스틱 소재의 조합을 통한 사용자 경험 향상\",\n        \"기술 세부사항 3: 태양열과 배터리의 혼합 에너지원 사용\",\n        \"기술 세부사항 4: 다양한 케이스 디자인 옵션 제공 (곡면, 평면, 나무, 티타늄 등)\"\n    ],\n    \"expected_effects\": [\n        \"기대효과 1: 혁신적 디자인을 통한 시장 경쟁력 강화\",\n        \"기대효과 2: 지속 가능한 에너지 솔루션을 통한 환경 친화적 이미지 구축\",\n        \"기대효과 3: 사용자 맞춤형 제품 제공으로 인한 고객 만족도 향상\",\n        \"기대효과 4: 고객 피드백을 반영한 지속적인 제품 개선으로 장기적인 브랜드 충성도 확보\"\n    ]\n}\n```",
  "prd_output": "```json\n{\n    \"overview\": \"파싱된 프로젝트는 회의 내용을 기반으로 하여 프로젝트를 관리하고 추적하는 솔루션입니다. 이 프로젝트는 회의에서 논의된 사항을 체계적으로 정리하고, 이를 바탕으로 프로젝트를 계획 및 실행하는 데 도움을 줍니다. 타겟 사용자는 프로젝트 매니저, 팀 리더 및 회의 참석자들로, 이 솔루션을 통해 회의 후속 조치를 효율적으로 관리할 수 있습니다. 가치 제안은 회의 내용을 자동으로 파싱하여 프로젝트 관리에 필요한 정보를 제공함으로써 시간과 노력을 절약하는 것입니다.\",\n    \"core_features\": \"주요 기능으로는 회의 내용 자동 파싱, 프로젝트 생성 및 관리, 진행 상황 추적, 알림 및 리마인더 기능이 포함됩니다. 회의 내용 자동 파싱 기능은 회의록을 분석하여 주요 항목을 추출하고, 이를 기반으로 프로젝트를 생성합니다. 프로젝트 생성 및 관리 기능은 사용자가 프로젝트의 목표, 일정, 담당자를 설정할 수 있도록 합니다. 진행 상황 추적 기능은 프로젝트의 진행 상태를 실시간으로 업데이트하며, 알림 및 리마인더 기능은 중요한 마감일이나 회의 일정을 사용자에게 알려줍니다.\",\n    \"user_experience\": \"사용자 경험 설계는 직관적이고 사용하기 쉬운 인터페이스를 제공하는 데 중점을 둡니다. 페르소나는 프로젝트 매니저와 팀 리더로 설정되며, 주요 플로우는 회의록 업로드, 자동 파싱 결과 확인, 프로젝트 생성 및 관리, 진행 상황 모니터링으로 구성됩니다. UI/UX 고려사항으로는 명확한 정보 전달, 쉬운 내비게이션, 사용자 맞춤형 대시보드가 포함됩니다.\",\n    \"technical_architecture\": \"기술 아키텍처는 클라우드 기반의 서버와 데이터베이스로 구성되며, 회의 내용을 파싱하는 자연어 처리(NLP) 모듈이 핵심입니다. 데이터 모델은 프로젝트, 회의록, 사용자 정보 등을 포함하며, API는 외부 시스템과의 연동을 지원합니다. 인프라 요구사항으로는 안정적인 서버 운영과 데이터 보안이 중요합니다.\",\n    \"development_roadmap\": \"개발 로드맵은 MVP 단계에서 회의 내용 파싱 및 프로젝트 생성 기능을 우선 구현하고, 이후 진행 상황 추적 및 알림 기능을 추가하는 방식으로 진행됩니다. 향후 개선사항으로는 사용자 피드백을 반영한 기능 개선 및 확장, 다양한 회의록 형식 지원이 포함됩니다.\",\n    \"logical_dependency_chain\": \"논리적 의존성 체인은 회의 내용 파싱 기능을 먼저 개발하고, 이를 기반으로 프로젝트 생성 및 관리 기능을 구현합니다. 이후 진행 상황 추적 및 알림 기능을 추가하여 점진적으로 기능을 확장합니다.\",\n    \"risks_and_mitigations\": \"위험 요소로는 자연어 처리의 정확성, 데이터 보안, 서버 안정성이 있으며, 이를 완화하기 위해 정교한 NLP 알고리즘 개발, 데이터 암호화, 서버 모니터링 시스템을 구축합니다. MVP 정의는 회의 내용 파싱 및 프로젝트 생성 기능을 포함합니다. 자원 제약사항으로는 개발 인력 및 시간 제한이 있습니다.\",\n    \"appendix\": \"추가 정보 및 참고 자료로는 자연어 처리 기술 연구 결과, 유사 프로젝트 사례, 기술 사양 문서가 포함됩니다.\"\n}\n```",
  "quality_metrics": {
    "final_score": 6.0,
    "is_production_ready": true,
    "iterations_used": 3,
    "is_high_quality": false
  },
  "metadata": {
    "source_file": "../batch_triplet_results\\result_TS3011c\\05_final_result.json",
    "utterance_count": 261,
    "transcript_length": 8700,
    "speakers": [
      "Speaker_B",
      "Speaker_D",
      "Speaker_C",
      "Speaker_A"
    ],
    "dataset_type": "train",
    "processing_date": "2025-07-31T12:08:40.167957"
  }
}