{
  "id": "train_213",
  "source_dir": "result_ES2006c",
  "notion_output": "```json\n{\n    \"project_name\": \"다기능 에코 리모컨 개발 프로젝트\",\n    \"project_purpose\": \"사용자 편의성과 지속 가능성을 동시에 추구하는 친환경 리모컨 개발\",\n    \"project_period\": \"2024.01.01 ~ 2024.06.30\",\n    \"project_manager\": \"Speaker_C\",\n    \"core_objectives\": [\n        \"목표 1: 다양한 옵션을 제공하는 사용자 친화적 인터페이스 개발\",\n        \"목표 2: 운동 에너지를 활용한 친환경 충전 시스템 구현\",\n        \"목표 3: 저렴한 비용으로 고품질의 인쇄 회로 기판(PCB) 설계\",\n        \"목표 4: 다양한 재료와 디자인 옵션을 활용한 혁신적 제품 디자인\"\n    ],\n    \"core_idea\": \"다양한 기능을 통합하고 친환경적인 요소를 강조한 리모컨 개발\",\n    \"idea_description\": \"리모컨에 스크롤 휠과 기본 버튼을 배치하고, 운동 에너지를 활용한 충전 시스템을 통해 지속 가능한 에너지를 사용하며, 저렴한 PCB를 활용하여 비용 효율성을 높임. 또한, 나무와 고무 같은 다양한 재료를 사용하여 디자인의 혁신성을 더함.\",\n    \"execution_plan\": \"1단계: 사용자 인터페이스 디자인 및 재료 선택 (2024.01.01 ~ 2024.02.15)\\n2단계: PCB 설계 및 다양한 구성 옵션 검토 (2024.02.16 ~ 2024.03.15)\\n3단계: 프로토타입 제작 및 운동 에너지 충전 시스템 개발 (2024.03.16 ~ 2024.05.15)\\n4단계: 테스트 및 피드백 반영, 최종 디자인 확정 (2024.05.16 ~ 2024.06.30)\",\n    \"technical_implementation\": {\n        \"energy_system\": \"운동 에너지를 활용한 충전 시스템은 핸드 다이너모와 유사한 방식으로, 사용자가 리모컨을 흔들거나 돌려서 에너지를 생성할 수 있도록 설계\",\n        \"pcb_options\": \"다양한 집적 회로 옵션을 통해 간단한 칩부터 고급 칩까지 선택 가능하며, 저렴한 PCB를 사용하여 비용 효율성을 극대화\",\n        \"material_selection\": \"나무와 고무를 포함한 다양한 재료를 사용하여 제품의 외관과 촉감을 개선\"\n    },\n    \"expected_effects\": [\n        \"기대효과 1: 사용자 편의성 증대 - 다양한 기능을 하나의 리모컨에 통합하여 사용자의 편리함을 극대화\",\n        \"기대효과 2: 환경 보호 - 운동 에너지를 활용한 충전 시스템으로 전력 소비를 줄이고 지속 가능성 향상\",\n        \"기대효과 3: 비용 절감 - 저렴한 PCB 사용으로 생산 비용 절감 및 가격 경쟁력 확보\",\n        \"기대효과 4: 혁신적 디자인 - 다양한 재료와 디자인 옵션을 통해 시장에서의 차별화된 제품 제공\"\n    ]\n}\n```",
  "prd_output": "```json\n{\n    \"overview\": \"파싱된 프로젝트는 회의 내용을 기반으로 프로젝트를 생성하는 것을 목표로 합니다. 이 프로젝트는 회의 중 논의된 내용을 자동으로 파싱하여 프로젝트 관리에 필요한 정보를 추출하고, 이를 통해 효율적인 프로젝트 관리가 가능하도록 돕습니다. 타겟 사용자는 회의를 자주 진행하는 팀 리더 및 프로젝트 매니저들로, 이들에게 회의 후 프로젝트 계획 수립의 부담을 줄여주는 가치를 제공합니다.\",\n    \"core_features\": \"1. 회의 내용 자동 파싱: 회의 내용을 텍스트로 입력하면 자동으로 주요 정보를 추출합니다.\\n2. 프로젝트 생성: 파싱된 정보를 바탕으로 자동으로 프로젝트 계획을 생성합니다.\\n3. 목표 추적: 설정된 목표를 추적하고 진행 상황을 시각적으로 표시합니다.\",\n    \"user_experience\": \"사용자는 회의가 끝난 후, 회의록을 시스템에 입력합니다. 시스템은 이를 분석하여 프로젝트 계획을 제안합니다. 주요 사용자 페르소나는 프로젝트 매니저로, 직관적이고 간단한 UI를 통해 빠르게 프로젝트를 생성할 수 있습니다.\",\n    \"technical_architecture\": \"시스템은 자연어 처리(NLP) 모듈을 사용하여 회의 내용을 분석합니다. 데이터 모델은 프로젝트, 목표, 작업 등의 엔티티로 구성되며, RESTful API를 통해 외부 시스템과 통신합니다. 클라우드 기반 인프라를 활용하여 확장성을 보장합니다.\",\n    \"development_roadmap\": \"1. MVP: 회의 내용 파싱 및 기본 프로젝트 생성 기능 개발\\n2. 향후 개선: 목표 추적 기능 추가, 사용자 인터페이스 개선\\n3. 단계별 개발: 초기에는 핵심 기능에 집중하고, 이후 사용자 피드백을 반영하여 개선\",\n    \"logical_dependency_chain\": \"1. NLP 모듈 개발\\n2. 데이터 모델 설계 및 구현\\n3. 기본 프로젝트 생성 기능 개발\\n4. 목표 추적 기능 추가\\n5. UI/UX 개선\",\n    \"risks_and_mitigations\": \"기술적 도전은 NLP의 정확도 향상이며, 이를 위해 지속적인 모델 학습이 필요합니다. MVP는 회의 내용 파싱 및 프로젝트 생성 기능으로 정의됩니다. 자원 제약사항으로는 개발 인력과 시간 관리가 있습니다.\",\n    \"appendix\": \"추가 정보로는 NLP 기술 연구 자료 및 프로젝트 관리 도구와의 비교 분석 자료가 포함됩니다.\"\n}\n```",
  "quality_metrics": {
    "final_score": 6.0,
    "is_production_ready": true,
    "iterations_used": 2,
    "is_high_quality": false
  },
  "metadata": {
    "source_file": "../batch_triplet_results\\result_ES2006c\\05_final_result.json",
    "utterance_count": 238,
    "transcript_length": 7751,
    "speakers": [
      "Speaker_A",
      "Speaker_B",
      "Speaker_D",
      "Speaker_C"
    ],
    "dataset_type": "train",
    "processing_date": "2025-07-31T15:06:36.873891"
  }
}