{
  "id": "train_108",
  "source_dir": "result_제22대국회 제427회(임시회) 제4차 기획재정위원회(전체회의) (2025.07.18.)",
  "notion_output": "```json\n{\n    \"project_name\": \"국무위원후보자 인사청문경과보고서 작성 및 공무직 근로자 처우 개선 계획 프로젝트\",\n    \"project_purpose\": \"국무위원후보자 인사청문경과보고서를 체계적으로 작성하고, 국회 공무직 근로자와 보좌직원의 처우 개선을 위한 구체적 계획을 수립하여 국회의 의사결정 과정을 투명하고 효율적으로 운영하며, 회의에서 논의된 모든 주요 사항을 반영\",\n    \"project_period\": \"2023.07.17 ~ 2023.08.15\",\n    \"project_manager\": \"임이자 위원장\",\n    \"core_objectives\": [\n        \"목표 1: 국무위원후보자 인사청문회 결과를 종합하여 보고서 작성 및 채택\",\n        \"목표 2: 국회 공무직 근로자와 보좌직원의 처우 개선 관련 구체적 실행 계획 수립\",\n        \"목표 3: 인사청문경과보고서의 자구 정리 및 최종 채택\",\n        \"목표 4: 진성준 위원의 서면질문 및 답변에 대한 구체적 내용 반영\",\n        \"목표 5: 김영진 위원의 의사진행발언을 반영하여 상임위 운영의 원칙 강화\"\n    ],\n    \"core_idea\": \"국무위원후보자 인사청문회 결과를 바탕으로 종합의견을 작성하고, 국회와 정부 간의 협력 및 소통을 강화하여 공무직 근로자 처우 개선 등 정책적 발전을 도모하며, 회의에서 논의된 모든 주요 사항을 반영\",\n    \"idea_description\": \"인사청문회에서 논의된 사항을 종합하여 보고서로 작성하고, 국회 공무직 근로자와 보좌직원의 처우 개선을 위한 구체적 실행 계획을 수립하여 정책적 발전을 도모하며, 김영진 위원의 의사진행발언을 반영하여 상임위 운영의 원칙을 강화\",\n    \"execution_plan\": [\n        \"1. 인사청문회 결과 종합의견 작성 (2023.07.17 ~ 2023.07.20)\",\n        \"2. 위원회 내 의견 수렴 및 조정 (2023.07.21 ~ 2023.07.25)\",\n        \"3. 인사청문경과보고서 초안 작성 및 검토 (2023.07.26 ~ 2023.07.28)\",\n        \"4. 공무직 근로자 처우 개선 관련 실행 계획 수립 (2023.07.29 ~ 2023.08.05)\",\n        \"5. 진성준 위원의 서면질문 및 답변 내용 반영 (2023.08.06 ~ 2023.08.08)\",\n        \"6. 김영진 위원의 의사진행발언 반영 및 상임위 운영 원칙 강화 (2023.08.09 ~ 2023.08.10)\",\n        \"7. 최종 보고서 채택 및 발표 (2023.08.10)\",\n        \"8. 실행 계획 발표 및 시행 (2023.08.15)\"\n    ],\n    \"expected_effects\": [\n        \"기대효과 1: 국무위원후보자 인사청문회 결과의 체계적 정리 및 투명성 강화\",\n        \"기대효과 2: 국회 공무직 근로자와 보좌직원의 처우 개선을 위한 정책적 논의 촉진 및 실행\",\n        \"기대효과 3: 국회의 의사결정 과정의 효율성 및 신뢰성 증대\",\n        \"기대효과 4: 진성준 위원의 서면질문 및 답변을 통한 구체적 정책 방향 제시\",\n        \"기대효과 5: 김영진 위원의 의사진행발언을 반영하여 상임위 운영의 원칙 강화\"\n    ]\n}\n```",
  "prd_output": "```json\n{\n    \"overview\": \"파싱된 프로젝트는 회의 내용을 기반으로 프로젝트를 생성하고 관리하는 도구입니다. 이 프로젝트는 회의에서 논의된 사항을 자동으로 파싱하여 프로젝트로 변환함으로써 사용자의 업무 효율성을 높이는 것을 목표로 합니다. 타겟 사용자는 회의를 자주 진행하는 팀과 프로젝트 매니저이며, 이 도구는 회의 후속 작업의 자동화를 통해 시간 절약과 정확성을 제공합니다.\",\n    \"core_features\": \"1. 회의 내용 파싱: 회의 내용을 자동으로 분석하여 프로젝트의 주요 요소로 변환합니다. 2. 프로젝트 생성: 파싱된 데이터를 기반으로 자동으로 프로젝트를 생성합니다. 3. 실시간 업데이트: 회의 중 변경 사항을 실시간으로 반영하여 프로젝트에 업데이트합니다.\",\n    \"user_experience\": \"사용자는 회의 내용을 입력하거나 업로드하면 시스템이 자동으로 파싱하여 프로젝트를 생성합니다. 주요 페르소나는 프로젝트 매니저로, 회의 후속 작업을 자동화하여 시간을 절약하고 효율성을 높이는 것을 목표로 합니다. UI/UX는 직관적이고 사용하기 쉬운 인터페이스를 제공하여 사용자가 쉽게 접근할 수 있도록 설계됩니다.\",\n    \"technical_architecture\": \"시스템은 자연어 처리(NLP) 엔진을 사용하여 회의 내용을 파싱합니다. 데이터 모델은 프로젝트 관리 요소를 포함하며, API는 외부 회의 플랫폼과의 통합을 지원합니다. 인프라는 클라우드 기반으로 확장성을 고려하여 설계됩니다.\",\n    \"development_roadmap\": \"MVP는 회의 내용을 파싱하여 기본적인 프로젝트를 생성하는 기능을 포함합니다. 이후 단계에서는 회의 플랫폼과의 통합, 고급 분석 기능, 사용자 맞춤형 대시보드 등을 추가할 예정입니다.\",\n    \"logical_dependency_chain\": \"기본 회의 파싱 기능을 우선 개발하고, 이후 프로젝트 생성 및 업데이트 기능을 추가합니다. 이후 단계에서는 외부 플랫폼과의 통합 기능을 개발합니다.\",\n    \"risks_and_mitigations\": \"자연어 처리의 정확도가 주요 기술적 도전입니다. 초기 MVP는 기본적인 파싱 기능에 집중하고, 사용자 피드백을 통해 점진적으로 개선합니다. 자원 제약사항은 클라우드 인프라를 통해 완화합니다.\",\n    \"appendix\": \"추가 정보로는 자연어 처리 기술에 대한 연구 자료와 프로젝트 관리 모범 사례가 포함됩니다.\"\n}\n```",
  "quality_metrics": {
    "final_score": 6.0,
    "is_production_ready": true,
    "iterations_used": 3,
    "is_high_quality": false
  },
  "metadata": {
    "source_file": "../batch_triplet_results\\result_제22대국회 제427회(임시회) 제4차 기획재정위원회(전체회의) (2025.07.18.)\\05_final_result.json",
    "utterance_count": 42,
    "transcript_length": 2723,
    "speakers": [
      "정태호 위원",
      "위원장 임이자",
      "진성준 위원",
      "김영진 위원",
      "박수영 위원"
    ],
    "dataset_type": "train",
    "processing_date": "2025-07-31T12:57:59.980385"
  }
}