{
  "id": "train_008",
  "source_dir": "result_Bns002_processed",
  "notion_output": "```json\n{\n    \"project_name\": \"지능형 무선 네트워크 최적화 및 에너지 절감 프로젝트\",\n    \"project_purpose\": \"무선 네트워크의 멀티캐스트 라우팅 프로토콜 최적화와 전송 메커니즘 개선을 통해 서비스 품질 향상 및 에너지 절약을 달성\",\n    \"project_period\": \"2025.01.01 ~ 2025.03.31\",\n    \"project_manager\": \"미구엘\",\n    \"team_members\": [\n        \"호르디 도밍고 파스쿠알\",\n        \"Speaker_B\",\n        \"Speaker_C\",\n        \"Speaker_D\",\n        \"Speaker_E\"\n    ],\n    \"core_objectives\": [\n        \"목표 1: 무선 네트워크에서의 전송 효율성 20% 향상\",\n        \"목표 2: 멀티캐스트 라우팅 프로토콜 최적화\",\n        \"목표 3: 에너지 효율적인 전송 메커니즘 개발 및 15% 에너지 소비 절감\"\n    ],\n    \"core_idea\": \"무선 네트워크의 전송 및 라우팅 최적화를 통해 네트워크 성능과 에너지 효율성을 동시에 개선\",\n    \"idea_description\": \"본 프로젝트는 무선 네트워크에서의 멀티캐스트 라우팅 프로토콜을 최적화하고, 전송 효율성을 높이기 위한 새로운 메커니즘을 개발하는 것을 목표로 합니다. 이를 통해 에너지 소비를 줄이고, 네트워크의 서비스 품질을 향상시킵니다.\",\n    \"technical_details\": [\n        \"멀티캐스트 라우팅 프로토콜의 개선을 위해 RTS/CTS 메커니즘을 활용하여 충돌을 방지하고 전송 효율성을 높임\",\n        \"전송 전력 최적화를 통해 에너지 소비를 줄이고, 전송 범위를 동적으로 조정하여 효율성을 극대화\",\n        \"고정된 전송 범위 대신, 노드의 위치와 환경 조건에 따라 전송 범위를 조정하는 알고리즘 개발\",\n        \"RTS와 CTS 패킷을 활용하여 전송 전력 수준을 조정하고, 충돌을 최소화하는 메커니즘 구현\",\n        \"노드의 이동성과 환경 변화에 대응할 수 있는 적응형 라우팅 프로토콜 개발\"\n    ],\n    \"execution_plan\": [\n        \"1단계: 현재 무선 네트워크의 문제점 분석 및 기술적 요구사항 수집 (2025.01.01 ~ 2025.01.15)\",\n        \"2단계: 멀티캐스트 라우팅 프로토콜 연구 및 개선 방안 도출 (2025.01.16 ~ 2025.02.15)\",\n        \"3단계: 에너지 효율적인 전송 메커니즘 개발 및 테스트 (2025.02.16 ~ 2025.03.15)\",\n        \"4단계: 프로젝트 결과 분석 및 보고서 작성 (2025.03.16 ~ 2025.03.31)\"\n    ],\n    \"expected_effects\": [\n        \"기대효과 1: 네트워크 전송 효율성 20% 향상\",\n        \"기대효과 2: 에너지 소비 15% 절감\",\n        \"기대효과 3: 서비스 품질 향상으로 사용자 만족도 증가\"\n    ]\n}\n```",
  "prd_output": "```json\n{\n    \"overview\": \"파싱된 프로젝트는 회의 내용을 기반으로 프로젝트를 생성하고 관리하는 시스템입니다. 이 프로젝트는 회의에서 논의된 사항을 체계적으로 정리하여 프로젝트로 전환하는 데 어려움을 겪는 사용자들을 대상으로 합니다. 이를 통해 사용자는 회의 후에도 명확한 실행 계획을 수립할 수 있으며, 프로젝트 진행 상황을 효율적으로 관리할 수 있습니다.\",\n    \"core_features\": \"1. 회의 내용 자동 파싱: 회의 녹음을 텍스트로 변환하고, 주요 내용을 자동으로 추출하여 프로젝트로 생성합니다. 2. 프로젝트 생성 및 관리: 파싱된 내용을 기반으로 프로젝트를 생성하고, 목표 및 실행 계획을 설정할 수 있습니다. 3. 협업 도구 통합: 다양한 협업 도구와의 통합을 통해 팀원들과의 원활한 소통을 지원합니다.\",\n    \"user_experience\": \"사용자는 회의 녹음을 업로드하고, 자동으로 생성된 프로젝트를 검토 및 수정할 수 있습니다. 주요 페르소나는 프로젝트 매니저와 팀 리더이며, 이들은 회의 후 빠르게 프로젝트를 설정하고 팀원들과 공유할 수 있습니다. UI/UX는 직관적이고 사용자가 쉽게 접근할 수 있도록 설계됩니다.\",\n    \"technical_architecture\": \"시스템은 클라우드 기반으로 설계되며, 음성 인식 API를 통해 회의 내용을 텍스트로 변환합니다. 데이터베이스는 프로젝트와 관련된 모든 정보를 저장하며, RESTful API를 통해 외부 협업 도구와의 통합을 지원합니다.\",\n    \"development_roadmap\": \"1단계: MVP 개발 - 회의 내용 파싱 및 프로젝트 생성 기능 구현. 2단계: 협업 도구 통합 및 사용자 피드백 반영. 3단계: 고급 분석 기능 추가 및 UI/UX 개선.\",\n    \"logical_dependency_chain\": \"우선적으로 회의 내용 파싱 기능을 개발하고, 이후 프로젝트 생성 및 관리 기능을 구현합니다. 협업 도구 통합은 기본 기능이 안정화된 후 진행됩니다.\",\n    \"risks_and_mitigations\": \"음성 인식 정확도와 관련된 기술적 도전이 있으며, 이를 위해 최신 음성 인식 기술을 도입합니다. MVP는 핵심 기능에 집중하여 빠르게 시장에 출시하고 사용자 피드백을 반영해 개선합니다. 자원 제약사항은 클라우드 인프라를 활용하여 최소화합니다.\",\n    \"appendix\": \"추가 정보로는 음성 인식 기술에 대한 연구 결과와 프로젝트 관리 도구와의 통합 사례가 포함됩니다.\"\n}\n```",
  "quality_metrics": {
    "final_score": 6.0,
    "is_production_ready": true,
    "iterations_used": 3,
    "is_high_quality": false
  },
  "metadata": {
    "source_file": "../batch_triplet_results\\result_Bns002_processed\\05_final_result.json",
    "utterance_count": 812,
    "transcript_length": 28295,
    "speakers": [
      "Speaker_D",
      "Speaker_F",
      "Speaker_A",
      "Speaker_B",
      "Speaker_E",
      "Speaker_C"
    ],
    "dataset_type": "train",
    "processing_date": "2025-07-31T10:56:01.405012"
  }
}