{
  "id": "train_203",
  "source_dir": "result_제22대국회 제427회(임시회) 제4차 산업통상자원중소벤처기업위원회(전체회의) (2025.07.18.)",
  "notion_output": "```json\n{\n    \"project_name\": \"국무위원후보자 인사청문경과보고서 채택 프로젝트\",\n    \"project_purpose\": \"국무위원후보자 인사청문경과보고서를 체계적으로 정리하고 채택하여 국회 절차를 원활히 진행\",\n    \"project_period\": \"2023.10.01 ~ 2023.10.31\",\n    \"project_manager\": \"이철규 위원장\",\n    \"core_objectives\": [\n        \"목표 1: 국무위원후보자 인사청문경과보고서의 종합의견 작성 및 검토\",\n        \"목표 2: 양당 간사 위원과의 협의를 통해 보고서 채택\",\n        \"목표 3: 보고서 체계 및 자구 정리 완료\"\n    ],\n    \"core_idea\": \"국무위원후보자 인사청문경과보고서를 체계적으로 정리하고, 위원회 내 합의를 통해 공식 채택\",\n    \"idea_description\": \"국무위원후보자의 인사청문과정에서 나온 질의와 답변을 종합하여 보고서를 작성하고, 이를 바탕으로 위원회 내에서 보고서를 공식 채택하는 절차를 진행\",\n    \"execution_plan\": \"1. 인사청문경과보고서 초안 작성 (2023.10.01 ~ 2023.10.10)\\n2. 위원회 내 검토 및 의견 수렴 (2023.10.11 ~ 2023.10.20)\\n3. 양당 간사 위원과 협의 후 보고서 수정 (2023.10.21 ~ 2023.10.25)\\n4. 최종 보고서 채택 및 체계 정리 (2023.10.26 ~ 2023.10.31)\",\n    \"expected_effects\": [\n        \"기대효과 1: 국무위원후보자 인사청문 절차의 투명성 및 신뢰성 강화\",\n        \"기대효과 2: 국회 내 인사청문 절차의 효율적 진행\",\n        \"기대효과 3: 국무위원후보자에 대한 명확한 평가 및 기록 제공\"\n    ]\n}\n```",
  "prd_output": "```json\n{\n    \"overview\": \"파싱된 프로젝트는 회의 내용을 기반으로 프로젝트를 관리하는 도구입니다. 이 프로젝트는 회의에서 논의된 내용을 체계적으로 정리하고 이를 바탕으로 프로젝트를 생성하여 관리하는 문제를 해결합니다. 타겟 사용자는 회의를 자주 진행하는 팀이나 조직이며, 이 도구는 회의 내용을 효율적으로 활용하여 프로젝트 관리의 효율성을 높이는 가치를 제공합니다.\",\n    \"core_features\": \"1. 회의 내용 파싱: 회의 기록을 자동으로 분석하여 주요 내용을 추출합니다. 2. 프로젝트 생성: 파싱된 내용을 기반으로 자동으로 프로젝트를 생성합니다. 3. 목표 설정: 추출된 내용을 바탕으로 프로젝트의 핵심 목표를 자동으로 설정합니다. 4. 진행 상황 추적: 프로젝트의 진행 상황을 실시간으로 추적하고 업데이트합니다.\",\n    \"user_experience\": \"사용자는 회의가 끝난 후 회의 기록을 업로드하면, 시스템이 자동으로 내용을 분석하여 프로젝트를 생성합니다. 주요 페르소나는 프로젝트 매니저와 팀 리더이며, 이들은 직관적인 UI를 통해 프로젝트의 목표와 진행 상황을 쉽게 파악할 수 있습니다.\",\n    \"technical_architecture\": \"시스템은 클라우드 기반으로 운영되며, 주요 구성 요소로는 데이터 파싱 모듈, 프로젝트 관리 모듈, 사용자 인터페이스가 있습니다. 데이터 모델은 회의 기록과 프로젝트 데이터를 저장하며, API는 외부 시스템과의 연동을 지원합니다.\",\n    \"development_roadmap\": \"MVP는 회의 내용 파싱 및 프로젝트 생성 기능을 포함합니다. 이후 단계에서는 목표 설정 자동화 및 진행 상황 추적 기능을 추가할 예정입니다. 각 단계별로 사용자 피드백을 반영하여 기능을 개선합니다.\",\n    \"logical_dependency_chain\": \"1. 회의 내용 파싱 기능 개발 2. 프로젝트 생성 기능 개발 3. 목표 설정 자동화 기능 개발 4. 진행 상황 추적 기능 개발. 각 기능은 이전 기능이 완료된 후 순차적으로 개발됩니다.\",\n    \"risks_and_mitigations\": \"기술적 도전으로는 자연어 처리의 정확도가 있으며, 이를 위해 최신 NLP 기술을 도입합니다. MVP는 핵심 기능인 회의 내용 파싱과 프로젝트 생성을 포함하며, 자원 제약사항으로는 개발 인력과 시간입니다.\",\n    \"appendix\": \"추가 정보로는 최신 NLP 기술 연구 결과와 기술 사양이 포함됩니다. 또한, 프로젝트의 초기 사용자 조사 결과도 참고 자료로 제공됩니다.\"\n}\n```",
  "quality_metrics": {
    "final_score": 6.0,
    "is_production_ready": true,
    "iterations_used": 1,
    "is_high_quality": false
  },
  "metadata": {
    "source_file": "../batch_triplet_results\\result_제22대국회 제427회(임시회) 제4차 산업통상자원중소벤처기업위원회(전체회의) (2025.07.18.)\\05_final_result.json",
    "utterance_count": 14,
    "transcript_length": 959,
    "speakers": [
      "위원장 이철규"
    ],
    "dataset_type": "train",
    "processing_date": "2025-07-31T14:54:36.354724"
  }
}