{
  "id": "train_196",
  "source_dir": "result_IS1000b",
  "notion_output": "```json\n{\n    \"project_name\": \"차세대 리모컨 개발 프로젝트\",\n    \"project_purpose\": \"사용자 친화적이며 다기능을 갖춘 차세대 리모컨 개발\",\n    \"project_period\": \"2025.01.01 ~ 2025.03.31\",\n    \"project_manager\": \"Speaker_B\",\n    \"core_objectives\": [\n        \"목표 1: 사용자 요구에 부합하는 직관적이고 사용하기 쉬운 리모컨 디자인\",\n        \"목표 2: 다양한 기기와 호환 가능한 유니버설 리모컨 기능 구현\",\n        \"목표 3: 생산 비용을 절감하여 경쟁력 있는 가격으로 시장 출시\"\n    ],\n    \"core_idea\": \"사용자 경험을 극대화한 다기능 리모컨\",\n    \"idea_description\": \"리모컨의 기본 기능을 유지하면서도, 다양한 기기와의 호환성을 높이고, 사용자가 쉽게 접근할 수 있는 직관적인 인터페이스를 제공하여 시장 경쟁력을 확보합니다.\",\n    \"execution_plan\": [\n        \"1단계: 시장 조사 및 사용자 요구 분석 (2025.01.01 ~ 2025.01.15)\",\n        \"2단계: 디자인 및 기술 사양 확정 (2025.01.16 ~ 2025.02.15)\",\n        \"3단계: 프로토타입 개발 및 테스트 (2025.02.16 ~ 2025.03.15)\",\n        \"4단계: 최종 제품 개발 및 출시 준비 (2025.03.16 ~ 2025.03.31)\"\n    ],\n    \"expected_effects\": [\n        \"기대효과 1: 사용자 만족도 향상 - 직관적이고 사용하기 쉬운 리모컨 제공으로 사용자 만족도 증가\",\n        \"기대효과 2: 시장 점유율 확대 - 다양한 기기와의 호환성을 통해 더 넓은 고객층 확보\",\n        \"기대효과 3: 비용 효율성 - 생산 비용 절감을 통해 경쟁력 있는 가격으로 시장에 진입\"\n    ]\n}\n```",
  "prd_output": "```json\n{\n    \"overview\": \"파싱된 프로젝트는 회의 내용을 기반으로 프로젝트를 관리하고 추적하는 도구입니다. 이 프로젝트는 회의에서 논의된 내용을 효과적으로 파악하고 이를 기반으로 프로젝트를 생성, 관리하는 문제를 해결합니다. 타겟 사용자는 회의를 자주 진행하는 팀과 프로젝트 매니저입니다. 이 도구는 회의에서 나온 정보를 체계적으로 정리하고, 프로젝트 관리에 필요한 모든 요소를 자동으로 생성하여 시간과 노력을 절약할 수 있는 가치를 제공합니다.\",\n    \"core_features\": \"주요 기능으로는 회의 내용 자동 파싱, 프로젝트 자동 생성, 목표 및 기대 효과 추적 기능이 있습니다. 회의 내용을 자동으로 파싱하여 프로젝트를 생성하는 기능은 사용자가 회의 후 별도로 프로젝트를 생성할 필요 없이 자동으로 관리할 수 있게 해줍니다. 목표 및 기대 효과 추적 기능은 프로젝트의 진행 상황을 실시간으로 모니터링하고, 목표 달성 여부를 평가할 수 있습니다.\",\n    \"user_experience\": \"사용자 여정은 회의 후 자동으로 생성된 프로젝트를 검토하고, 필요한 수정 사항을 반영하는 흐름으로 구성됩니다. 주요 페르소나는 프로젝트 매니저와 팀 리더입니다. UI/UX는 직관적이고 사용하기 쉬운 인터페이스를 제공하여 사용자가 최소한의 노력으로 프로젝트를 관리할 수 있도록 설계됩니다.\",\n    \"technical_architecture\": \"시스템 구성요소는 회의 내용 파싱 모듈, 프로젝트 생성 엔진, 목표 추적 시스템으로 이루어져 있습니다. 데이터 모델은 회의 내용, 프로젝트 정보, 목표 및 기대 효과 데이터를 포함합니다. API는 외부 회의 도구와의 연동을 지원하며, 인프라는 클라우드 기반으로 확장성을 고려하여 설계됩니다.\",\n    \"development_roadmap\": \"MVP 요구사항은 회의 내용 파싱 및 프로젝트 자동 생성 기능을 포함합니다. 향후 개선사항으로는 다양한 회의 도구와의 연동, 고급 목표 추적 기능이 있습니다. 단계별 개발 범위는 초기 MVP 개발, 사용자 피드백 수집, 기능 확장 순으로 진행됩니다.\",\n    \"logical_dependency_chain\": \"개발 순서는 회의 내용 파싱 기능을 먼저 개발하고, 이후 프로젝트 생성 및 목표 추적 기능을 추가하는 방식으로 진행됩니다. 기초 기능 우선순위는 파싱 기능, 생성 기능, 추적 기능 순입니다. 점진적 개발 방식으로 각 기능을 단계적으로 완성해 나갑니다.\",\n    \"risks_and_mitigations\": \"기술적 도전으로는 다양한 회의 형식을 정확히 파싱하는 것이 있으며, 이를 위해 머신러닝 기술을 활용할 계획입니다. MVP 정의는 기본적인 파싱 및 생성 기능을 포함하며, 자원 제약사항으로는 초기 데이터 수집 및 모델 학습에 필요한 시간이 있습니다.\",\n    \"appendix\": \"추가 정보로는 회의 내용 파싱에 사용되는 알고리즘 연구 결과와 기술 사양이 포함됩니다. 참고 자료로는 유사 프로젝트 사례 연구 및 관련 기술 문서가 있습니다.\"\n}\n```",
  "quality_metrics": {
    "final_score": 6.0,
    "is_production_ready": true,
    "iterations_used": 1,
    "is_high_quality": false
  },
  "metadata": {
    "source_file": "../batch_triplet_results\\result_IS1000b\\05_final_result.json",
    "utterance_count": 325,
    "transcript_length": 11281,
    "speakers": [
      "Speaker_B",
      "Speaker_D",
      "Speaker_C",
      "Speaker_A"
    ],
    "dataset_type": "train",
    "processing_date": "2025-07-31T14:48:58.535777"
  }
}