{
  "id": "train_178",
  "source_dir": "result_TS3006a",
  "notion_output": "```json\n{\n    \"project_name\": \"트렌디한 무선 리모컨 개발 프로젝트\",\n    \"project_purpose\": \"사용하기 편리하고 독창적인 무선 리모컨을 개발하여 시장 점유율을 확대하고 최대 5천만 유로의 판매를 달성한다.\",\n    \"project_period\": \"2024.01.01 ~ 2024.06.30\",\n    \"project_manager\": \"Speaker_A\",\n    \"core_objectives\": [\n        \"목표 1: 사용자 인터페이스 디자이너가 기술적 기능을 구체적으로 지정하여 사용하기 편리한 리모컨을 설계한다.\",\n        \"목표 2: 시장에 출시된 기존 제품들을 조사하여 경쟁력 있는 제품을 개발한다.\",\n        \"목표 3: 적외선을 사용하여 TV나 스테레오로 신호를 전달하는 기능을 구현한다.\"\n    ],\n    \"core_idea\": \"독창적이고 트렌디한 디자인의 무선 리모컨 개발\",\n    \"idea_description\": \"기존 리모컨의 기능을 개선하여 모든 채널 변경 및 볼륨 조절 버튼을 포함하고, 적외선을 사용하여 신호를 전달하는 기능을 추가한다. 또한, 디자인적으로도 트렌디함을 강조하여 사용자 경험을 향상시킨다.\",\n    \"execution_plan\": [\n        \"1단계: 기능적 디자인을 완료하고, 사용자 인터페이스 디자이너가 기술적 기능을 구체적으로 지정한다. (2024.01.01 ~ 2024.02.15)\",\n        \"2단계: 개별 작업을 진행하여 프로토타입을 개발한다. (2024.02.16 ~ 2024.04.15)\",\n        \"3단계: 최종 회의를 통해 결과를 논의하고, 시장 출시를 준비한다. (2024.04.16 ~ 2024.06.30)\"\n    ],\n    \"expected_effects\": [\n        \"기대효과 1: 최대 5천만 유로의 매출을 달성하여 회사의 수익성을 증대시킨다.\",\n        \"기대효과 2: 사용하기 편리한 디자인과 기능을 통해 고객 만족도를 향상시킨다.\",\n        \"기대효과 3: 트렌디한 디자인으로 브랜드 이미지를 강화하고 시장 점유율을 확대한다.\"\n    ]\n}\n```",
  "prd_output": "```json\n{\n    \"overview\": \"파싱된 프로젝트는 회의 내용을 기반으로 하여 프로젝트를 관리하고 실행하는 것을 목표로 합니다. 이 프로젝트는 회의에서 논의된 사항을 체계적으로 정리하고, 이를 바탕으로 프로젝트를 효율적으로 관리할 수 있도록 돕습니다. 주 타겟 사용자는 프로젝트 매니저와 팀원들로, 회의 내용을 쉽게 파악하고 프로젝트 진행 상황을 명확히 이해하는 데 가치를 제공합니다.\",\n    \"core_features\": \"주요 기능으로는 회의 내용 자동 파싱, 프로젝트 생성 및 관리, 진행 상황 추적 등이 있습니다. 회의 내용 자동 파싱 기능은 회의에서 논의된 내용을 자동으로 텍스트로 변환하고, 이를 기반으로 프로젝트를 생성합니다. 프로젝트 생성 및 관리 기능은 사용자가 프로젝트를 생성하고, 할당된 작업을 관리할 수 있도록 합니다. 진행 상황 추적 기능은 프로젝트의 진행 상황을 시각적으로 보여주어 팀원들이 현재 상태를 쉽게 파악할 수 있도록 합니다.\",\n    \"user_experience\": \"사용자는 회의가 끝난 후, 자동으로 생성된 프로젝트 개요를 확인하고 필요한 수정을 할 수 있습니다. 페르소나는 프로젝트 매니저와 팀원으로, 이들은 회의 내용을 기반으로 프로젝트를 관리하고, 각자의 작업을 추적합니다. 주요 플로우는 회의 내용 파싱 -> 프로젝트 생성 -> 작업 할당 및 관리 -> 진행 상황 추적입니다. UI/UX는 직관적이고 사용하기 쉬운 인터페이스를 제공하여 사용자가 빠르게 적응할 수 있도록 설계되었습니다.\",\n    \"technical_architecture\": \"시스템은 회의 내용 파싱 모듈, 프로젝트 관리 모듈, 진행 상황 추적 모듈로 구성됩니다. 데이터 모델은 회의 내용, 프로젝트 정보, 작업 정보 등을 포함하며, API는 외부 서비스와의 통합을 지원합니다. 인프라 요구사항으로는 클라우드 기반의 데이터 저장소와 안정적인 서버 환경이 필요합니다.\",\n    \"development_roadmap\": \"MVP 요구사항으로는 회의 내용 파싱 및 프로젝트 생성 기능이 포함됩니다. 향후 개선사항으로는 AI 기반의 회의 내용 분석, 사용자 맞춤형 대시보드 제공 등이 있습니다. 단계별 개발 범위는 초기 MVP 개발 -> 사용자 피드백 수집 -> 기능 개선 및 확장입니다.\",\n    \"logical_dependency_chain\": \"개발 순서는 회의 내용 파싱 기능을 먼저 개발하고, 그 후 프로젝트 생성 및 관리 기능을 추가합니다. 기초 기능 우선순위는 파싱 기능 -> 프로젝트 관리 기능 -> 진행 상황 추적 기능입니다. 점진적 개발 방식으로 각 기능을 단계별로 구현하고 테스트합니다.\",\n    \"risks_and_mitigations\": \"기술적 도전으로는 회의 내용의 정확한 파싱과 분석이 있으며, 이를 위해 자연어 처리 기술을 활용합니다. MVP 정의는 최소한의 기능으로 사용자에게 가치를 제공하는 것을 목표로 하며, 자원 제약사항으로는 개발 인력과 시간 제한이 있습니다.\",\n    \"appendix\": \"추가 정보로는 자연어 처리 기술 연구 결과와 관련 기술 사양이 포함됩니다. 이 자료들은 프로젝트 개발에 필요한 기술적 인사이트를 제공합니다.\"\n}\n```",
  "quality_metrics": {
    "final_score": 6.0,
    "is_production_ready": true,
    "iterations_used": 1,
    "is_high_quality": false
  },
  "metadata": {
    "source_file": "../batch_triplet_results\\result_TS3006a\\05_final_result.json",
    "utterance_count": 199,
    "transcript_length": 5973,
    "speakers": [
      "Speaker_B",
      "Speaker_D",
      "Speaker_C",
      "Speaker_A"
    ],
    "dataset_type": "train",
    "processing_date": "2025-07-31T14:27:19.125185"
  }
}