{
  "id": "train_204",
  "source_dir": "result_제22대국회 제426회(임시회) 제2차 법제사법위원회(전체회의) (2025.07.03.)",
  "notion_output": "```json\n{\n    \"project_name\": \"국회 법제사법위원회 법률안 통합 개정 프로젝트\",\n    \"project_purpose\": \"국방, 농림축산, 산업, 문화 및 사법 분야의 법률 개정을 통해 체계적인 법적 근거 마련 및 제도 개선\",\n    \"project_period\": \"2024.01.01 ~ 2024.06.30\",\n    \"project_manager\": \"이춘석 위원장\",\n    \"core_objectives\": [\n        \"목표 1: 방위사업법 및 계엄법 개정을 통해 국방 관련 법률 체계 강화\",\n        \"목표 2: 군급식기본법 및 병역법 개정을 통한 군복지 및 병역제도 개선\",\n        \"목표 3: 농림축산 분야의 법률 개정을 통한 농업 및 축산업의 지속 가능성 확보\",\n        \"목표 4: 전기안전관리법 등 산업 관련 법률 개정을 통한 안전성 및 효율성 증대\",\n        \"목표 5: 문화체육관광 분야의 법률 개정을 통한 지역 주민의 체육시설 접근성 향상\",\n        \"목표 6: 사법 분야의 법률 개정을 통해 공정한 수사 및 기소 체계 확립\"\n    ],\n    \"core_idea\": \"다양한 분야의 법률 개정을 통해 관련 제도의 효율성과 공정성을 높이고, 법적 체계를 강화하여 국민의 안전과 복지를 증진\",\n    \"idea_description\": \"국방 분야에서는 방위사업법과 계엄법의 개정을 통해 방산업체의 운영 및 계엄 상황에서의 법적 절차를 명확히 하고, 농림축산 분야에서는 군급식기본법과 병역법의 개정을 통해 군복지와 병역제도를 개선하며, 농업 및 축산업의 지속 가능성을 위한 법적 근거를 마련합니다. 산업 분야에서는 전기안전관리법 등의 개정을 통해 안전성을 강화하고, 문화체육관광 분야에서는 체육시설의 접근성을 높여 지역 주민의 복지를 증진합니다. 또한, 사법 분야에서는 검찰개혁을 통해 수사와 기소의 분리를 명확히 하고, 공정한 사법 체계를 확립합니다.\",\n    \"execution_plan\": \"1단계: 법률안 검토 및 수정 (2024.01.01 ~ 2024.02.28)\\n2단계: 관련 부처 및 전문가 의견 수렴 (2024.03.01 ~ 2024.03.31)\\n3단계: 법률안 최종 확정 및 국회 제출 (2024.04.01 ~ 2024.04.30)\\n4단계: 국회 심의 및 의결 (2024.05.01 ~ 2024.06.30)\",\n    \"expected_effects\": [\n        \"기대효과 1: 국방 분야의 법적 체계 강화로 인해 방산업체의 운영 투명성 및 계엄 상황에서의 법적 절차 명확화\",\n        \"기대효과 2: 군급식 및 병역제도의 개선을 통해 군인의 복지 향상 및 병역제도의 공정성 강화\",\n        \"기대효과 3: 농림축산 분야의 법적 근거 마련을 통해 농업 및 축산업의 지속 가능성 확보 및 농민의 경제적 안정성 증대\",\n        \"기대효과 4: 산업 분야의 안전성 및 효율성 증대로 인해 국민의 안전 보장\",\n        \"기대효과 5: 문화체육관광 분야의 체육시설 접근성 향상을 통해 지역 주민의 복지 증진\",\n        \"기대효과 6: 사법 분야의 개혁을 통해 공정한 수사 및 기소 체계 확립\"\n    ],\n    \"additional_information\": {\n        \"담당자\": \"이춘석 위원장\",\n        \"관련 부처\": [\n            \"국방부\",\n            \"농림축산식품부\",\n            \"산업통상자원부\",\n            \"문화체육관광부\",\n            \"법무부\"\n        ],\n        \"회의에서 논의된 주요 법안\": [\n            \"방위사업법 일부개정법률안\",\n            \"계엄법 일부개정법률안\",\n            \"군급식기본법안\",\n            \"병역법 일부개정법률안\",\n            \"전기안전관리법 일부개정법률안\",\n            \"문화체육관광 관련 법률안\",\n            \"검찰개혁 관련 법률안\"\n        ]\n    }\n}\n```",
  "prd_output": "```json\n{\n    \"overview\": \"파싱된 프로젝트는 회의 내용을 기반으로 한 프로젝트로, 회의에서 논의된 내용을 체계적으로 관리하고 추적할 수 있도록 돕습니다. 이 프로젝트는 회의 참여자, 관리자 및 프로젝트 매니저를 주요 사용자로 하며, 회의의 효율성을 높이고 정보 손실을 최소화하는 것을 목표로 합니다.\",\n    \"core_features\": \"1. 회의 내용 자동 파싱: 회의 내용을 자동으로 텍스트로 변환하고 분석하여 주요 항목을 추출합니다. 2. 프로젝트 생성 및 관리: 파싱된 내용을 기반으로 프로젝트를 생성하고, 관련 작업을 할당할 수 있습니다. 3. 알림 및 리마인더: 중요한 마일스톤 및 작업 기한에 대한 알림을 제공합니다.\",\n    \"user_experience\": \"사용자는 회의가 끝난 후 자동으로 생성된 프로젝트 개요를 확인하고, 필요한 작업을 할당받습니다. 주요 페르소나는 프로젝트 매니저로, 회의 후 빠르게 프로젝트를 설정하고 팀원들에게 작업을 할당하는 흐름을 경험합니다. UI/UX는 직관적이고 사용자가 쉽게 탐색할 수 있도록 설계됩니다.\",\n    \"technical_architecture\": \"시스템은 클라우드 기반으로 설계되며, 음성 인식 API를 활용하여 회의 내용을 텍스트로 변환합니다. 데이터 모델은 회의, 프로젝트, 작업 등의 엔티티로 구성되며, 각 엔티티 간의 관계를 명확히 정의합니다. 인프라는 AWS를 기반으로 하며, 확장성을 고려하여 설계됩니다.\",\n    \"development_roadmap\": \"MVP 단계에서는 회의 내용 파싱 및 프로젝트 생성 기능을 우선 구현합니다. 이후 단계에서는 알림 및 리마인더 기능을 추가하고, 사용자 피드백을 반영하여 UI/UX를 개선합니다.\",\n    \"logical_dependency_chain\": \"1. 음성 인식 및 텍스트 변환 기능 개발 2. 파싱된 내용을 기반으로 프로젝트 생성 기능 구현 3. 알림 및 리마인더 기능 추가 4. UI/UX 개선 및 사용자 피드백 반영\",\n    \"risks_and_mitigations\": \"기술적 도전으로는 음성 인식의 정확도가 있으며, 이를 위해 최신 음성 인식 기술을 활용합니다. MVP 정의는 핵심 기능에 집중하며, 자원 제약사항은 클라우드 인프라를 통해 완화합니다.\",\n    \"appendix\": \"추가 정보로는 음성 인식 기술에 대한 연구 결과 및 기술 사양이 포함됩니다. 또한, 유사 프로젝트 사례 연구를 통해 얻은 인사이트를 공유합니다.\"\n}\n```",
  "quality_metrics": {
    "final_score": 6.0,
    "is_production_ready": true,
    "iterations_used": 3,
    "is_high_quality": false
  },
  "metadata": {
    "source_file": "../batch_triplet_results\\result_제22대국회 제426회(임시회) 제2차 법제사법위원회(전체회의) (2025.07.03.)\\05_final_result.json",
    "utterance_count": 505,
    "transcript_length": 32819,
    "speakers": [
      "박준태 위원",
      "서영교 위원",
      "박지원 위원",
      "박은정 위원",
      "이성윤 위원",
      "송석준 위원",
      "법원행정처장 천대엽",
      "소위원장 김용민",
      "김용민 위원",
      "위원장 이춘석",
      "전문위원 김성완",
      "농림축산식품부장관 송미령",
      "법무부장관직무대행 이진수",
      "전현희 위원",
      "조배숙 위원",
      "전문위원 이은정",
      "문화체육관광부제2차관 장미란",
      "김기표 위원",
      "전문위원 이화실",
      "신동욱 위원",
      "수석전문위원 정환철",
      "국방부장관직무대행 이두희",
      "장동혁 위원"
    ],
    "dataset_type": "train",
    "processing_date": "2025-07-31T14:58:49.214204"
  }
}