{
  "id": "train_021",
  "source_dir": "result_IS1006a",
  "notion_output": "```json\n{\n    \"project_name\": \"다채로운 범용 리모컨 디자인 프로젝트\",\n    \"project_purpose\": \"사용하기 편리하고 독창적이며 트렌디한 범용 리모컨을 디자인하여 시장에서 경쟁력을 확보한다.\",\n    \"project_period\": \"2024.01.01 ~ 2024.03.31\",\n    \"project_manager\": \"크리스타 파블로프\",\n    \"core_objectives\": [\n        \"목표 1: 사용자가 쉽게 사용할 수 있는 직관적인 인터페이스 디자인\",\n        \"목표 2: 제작 비용을 50유로 이하로 유지하면서도 고품질의 제품 개발\",\n        \"목표 3: 다양한 사용자 요구를 반영한 다채로운 색상 및 크기 옵션 제공\"\n    ],\n    \"core_idea\": \"소형이면서도 다양한 기능을 제공하는 범용 리모컨 개발\",\n    \"idea_description\": \"리모컨은 손바닥 크기로, 3개의 주요 버튼을 포함하며, 왼손잡이 사용자도 쉽게 사용할 수 있도록 설계된다. 제작 비용은 50유로 이하로 유지하며, 색상과 크기 옵션을 다양화하여 사용자 선택의 폭을 넓힌다.\",\n    \"execution_plan\": \"1단계: 시장 조사 및 사용자 요구 분석 (2024.01.01 ~ 2024.01.15)\\n2단계: 디자인 프로토타입 개발 (2024.01.16 ~ 2024.02.15)\\n3단계: 프로토타입 테스트 및 피드백 수집 (2024.02.16 ~ 2024.02.28)\\n4단계: 최종 디자인 확정 및 생산 준비 (2024.03.01 ~ 2024.03.15)\\n5단계: 제품 출시 및 마케팅 (2024.03.16 ~ 2024.03.31)\",\n    \"expected_effects\": [\n        \"기대효과 1: 사용자 친화적인 디자인으로 고객 만족도 향상\",\n        \"기대효과 2: 제작 비용 절감을 통한 수익성 개선\",\n        \"기대효과 3: 다양한 사용자 요구를 충족하여 시장 점유율 확대\"\n    ]\n}\n```",
  "prd_output": "```json\n{\n    \"overview\": \"파싱된 프로젝트는 회의 내용을 기반으로 프로젝트를 관리하는 시스템입니다. 이 프로젝트는 회의 중 논의된 내용을 체계적으로 정리하고 추적할 수 있는 솔루션을 제공합니다. 타겟 사용자는 기업 내 프로젝트 관리자 및 팀원들로, 회의에서 나온 아이디어와 결정을 효과적으로 관리하고 실행할 수 있는 도구를 찾고 있는 사람들입니다. 이 시스템은 회의의 효율성을 높이고, 정보의 누락을 방지하며, 프로젝트의 성공적인 완료를 지원합니다.\",\n    \"core_features\": \"1. 회의 내용 자동 파싱: 회의 중 논의된 내용을 자동으로 파싱하여 프로젝트로 변환합니다. 2. 프로젝트 생성 및 관리: 파싱된 내용을 바탕으로 프로젝트를 생성하고, 할당된 작업을 관리합니다. 3. 실시간 협업: 팀원들이 실시간으로 프로젝트에 참여하고 업데이트를 공유할 수 있습니다. 4. 알림 및 리마인더: 중요한 마일스톤과 작업 기한에 대한 알림을 제공합니다.\",\n    \"user_experience\": \"사용자는 회의가 끝난 후 자동으로 생성된 프로젝트를 확인하고, 필요한 경우 수동으로 내용을 수정할 수 있습니다. 주요 페르소나는 프로젝트 관리자와 팀원으로, 이들은 직관적인 UI를 통해 쉽게 프로젝트를 관리할 수 있습니다. UI/UX는 간결하고 사용하기 쉬운 인터페이스를 제공하여 사용자 경험을 향상시킵니다.\",\n    \"technical_architecture\": \"시스템은 클라우드 기반으로 설계되며, 주요 구성 요소로는 데이터 파싱 엔진, 프로젝트 관리 모듈, 실시간 협업 모듈이 포함됩니다. 데이터 모델은 회의 내용, 프로젝트, 작업, 사용자 정보를 포함하며, RESTful API를 통해 외부 시스템과 통합됩니다. 인프라는 AWS를 기반으로 하여 확장성과 안정성을 보장합니다.\",\n    \"development_roadmap\": \"MVP는 회의 내용 파싱 및 프로젝트 생성 기능을 포함하며, 향후 개선 사항으로는 고급 분석 기능과 AI 기반 추천 시스템이 있습니다. 단계별 개발 범위는 초기에는 핵심 기능 구현에 집중하고, 이후 사용자 피드백을 반영하여 기능을 확장합니다.\",\n    \"logical_dependency_chain\": \"개발 순서는 데이터 파싱 엔진 개발을 우선으로 하며, 이후 프로젝트 관리 모듈과 실시간 협업 기능을 순차적으로 개발합니다. 기초 기능의 우선순위는 파싱 정확도와 사용자 인터페이스의 직관성에 중점을 둡니다.\",\n    \"risks_and_mitigations\": \"기술적 도전으로는 자연어 처리의 정확성과 실시간 협업의 안정성이 있으며, 이를 위해 최신 NLP 기술과 안정적인 서버 아키텍처를 채택합니다. MVP는 핵심 기능에 집중하여 자원 제약을 최소화합니다.\",\n    \"appendix\": \"추가 정보로는 자연어 처리 기술의 최신 동향과 프로젝트 관리 도구의 비교 분석 자료가 포함됩니다. 기술 사양은 AWS 인프라 구성과 데이터베이스 설계 문서를 참조합니다.\"\n}\n```",
  "quality_metrics": {
    "final_score": 6.0,
    "is_production_ready": true,
    "iterations_used": 1,
    "is_high_quality": false
  },
  "metadata": {
    "source_file": "../batch_triplet_results\\result_IS1006a\\05_final_result.json",
    "utterance_count": 104,
    "transcript_length": 3277,
    "speakers": [
      "Speaker_A",
      "Speaker_B",
      "Speaker_D",
      "Speaker_C"
    ],
    "dataset_type": "train",
    "processing_date": "2025-07-31T11:11:37.054331"
  }
}