{
  "id": "train_053",
  "source_dir": "result_Bed006_processed",
  "notion_output": "```json\n{\n    \"project_name\": \"SPG 액션 스키마 기반 자연어 이해 및 행동 계획 프로젝트\",\n    \"project_purpose\": \"소스-경로-목표(SPG) 액션 스키마를 활용하여 자연어 이해와 행동 계획을 혁신적으로 개선하고, 이를 통해 사용자 경험을 향상\",\n    \"project_period\": \"2024.04.26 ~ 2024.05.04\",\n    \"project_manager\": \"Speaker_F\",\n    \"core_objectives\": [\n        \"목표 1: SPG 액션 스키마의 구조적 정의 및 다양한 예시 구현\",\n        \"목표 2: 자연어 이해 모듈과 행동 계획자 간의 통합 및 테스트\",\n        \"목표 3: SPG 액션 스키마를 활용한 사용자 인터페이스 개선 및 실용성 검토\",\n        \"목표 4: 하이델베르크 관광 정보 웹사이트와의 연계 가능성 검토\"\n    ],\n    \"core_idea\": \"SPG 액션 스키마를 통해 자연어 처리와 행동 계획을 보다 효율적으로 수행하여 다양한 도메인에서의 적용 가능성을 높임\",\n    \"idea_description\": \"SPG 액션 스키마는 소스, 경로, 목표를 포함하는 구조로, 이를 통해 자연어 처리 시스템이 보다 명확하게 의도를 파악하고 행동 계획을 수립할 수 있도록 지원합니다. 이 스키마는 특히 관광 도메인에서의 활용 가능성을 염두에 두고 설계되었습니다.\",\n    \"execution_plan\": [\n        \"1단계: SPG 액션 스키마의 정의 및 다양한 예시 설계 (2024.04.26 ~ 2024.04.30)\",\n        \"2단계: 자연어 이해 모듈과의 통합 테스트 및 피드백 수집 (2024.05.01 ~ 2024.05.02)\",\n        \"3단계: 사용자 인터페이스 개선 및 최종 검토, 실제 적용 가능성 평가 (2024.05.03 ~ 2024.05.04)\",\n        \"4단계: 하이델베르크 관광 정보 웹사이트와의 연계 가능성 검토 및 구현 (2024.05.03 ~ 2024.05.04)\"\n    ],\n    \"expected_effects\": [\n        \"기대효과 1: 자연어 이해 정확도 향상 및 다양한 도메인에서의 적용 가능성 증대\",\n        \"기대효과 2: 사용자 경험 개선을 통한 인터페이스 효율성 증대\",\n        \"기대효과 3: 행동 계획의 정확성과 속도 향상, 특히 관광 정보 시스템에서의 활용\",\n        \"기대효과 4: 하이델베르크 관광 정보 웹사이트와의 연계를 통한 실질적인 사용자 경험 개선\"\n    ],\n    \"resources_and_staffing\": {\n        \"필요 리소스\": [\n            \"고성능 서버 및 데이터베이스 시스템\",\n            \"자연어 처리 및 행동 계획 관련 소프트웨어\",\n            \"하이델베르크 관광 정보 웹사이트 데이터 접근 권한\"\n        ],\n        \"인력 배치 계획\": [\n            \"프로젝트 매니저: Speaker_F\",\n            \"자연어 처리 전문가: Speaker_A\",\n            \"행동 계획 전문가: Speaker_B\",\n            \"사용자 인터페이스 디자이너: Speaker_C\",\n            \"데이터 연계 전문가: Speaker_E\"\n        ]\n    },\n    \"meeting_notes_integration\": [\n        \"회의에서 논의된 SPG 액션 스키마의 구체적인 예시를 프로젝트에 반영\",\n        \"하이델베르크 관광 정보 웹사이트와의 연계 가능성 검토\",\n        \"RAD 및 SPG 스키마의 병행 사용에 대한 논의 반영\",\n        \"회의에서 언급된 다양한 행동 계획 및 자연어 이해 모듈의 통합 전략 반영\"\n    ]\n}\n```",
  "prd_output": "```json\n{\n    \"overview\": \"파싱된 프로젝트는 회의 내용을 기반으로 한 프로젝트로, 회의록에서 중요한 정보를 자동으로 추출하고 정리하여 사용자에게 제공하는 것을 목표로 합니다. 이 프로젝트는 회의록 작성 및 관리의 효율성을 높이고, 중요한 정보를 놓치지 않도록 돕습니다. 타겟 사용자는 회의록 작성에 많은 시간을 소비하는 기업 및 팀입니다. 이 프로젝트는 정보의 자동화된 정리와 효율적인 관리라는 가치를 제공합니다.\",\n    \"core_features\": \"1. 자동 파싱 기능: 회의 내용을 자동으로 분석하여 중요한 정보를 추출합니다. 2. 사용자 정의 태그: 사용자가 원하는 키워드를 기반으로 정보를 분류할 수 있습니다. 3. 통합 검색 기능: 추출된 정보를 쉽게 검색할 수 있는 기능을 제공합니다. 4. 실시간 협업: 여러 사용자가 동시에 정보를 편집하고 공유할 수 있는 기능을 지원합니다.\",\n    \"user_experience\": \"사용자는 회의록을 업로드하면 자동으로 파싱된 결과를 확인할 수 있습니다. 페르소나는 주로 회의록 작성자 및 관리자로, 주요 플로우는 회의록 업로드 -> 파싱 결과 확인 -> 정보 수정 및 태그 추가 -> 최종 결과 저장 및 공유입니다. UI/UX는 직관적이고 사용자가 쉽게 접근할 수 있도록 설계됩니다.\",\n    \"technical_architecture\": \"시스템은 클라우드 기반으로 구성되며, 데이터 모델은 회의 내용, 태그, 사용자 정보로 구성됩니다. API는 RESTful 형식으로 제공되며, 인프라는 AWS를 기반으로 구축됩니다.\",\n    \"development_roadmap\": \"MVP 요구사항은 자동 파싱 기능과 기본적인 검색 기능입니다. 향후 개선사항으로는 사용자 정의 태그 및 실시간 협업 기능이 포함됩니다. 단계별 개발 범위는 초기 버전에서 핵심 기능을 구현하고, 이후 사용자 피드백을 반영하여 기능을 확장하는 방식입니다.\",\n    \"logical_dependency_chain\": \"기초 기능인 자동 파싱 기능을 우선 개발하고, 이후 검색 기능을 추가합니다. 그 다음 사용자 정의 태그와 실시간 협업 기능을 점진적으로 개발합니다.\",\n    \"risks_and_mitigations\": \"기술적 도전으로는 자연어 처리의 정확도 향상과 실시간 협업 기능의 동기화 문제가 있습니다. MVP 정의는 자동 파싱 및 검색 기능으로, 자원 제약사항으로는 데이터 처리 속도와 서버 비용이 있습니다.\",\n    \"appendix\": \"추가 정보로는 자연어 처리 기술에 대한 연구 결과와 AWS 인프라 구성에 대한 기술 사양이 포함됩니다.\"\n}\n```",
  "quality_metrics": {
    "final_score": 6.0,
    "is_production_ready": true,
    "iterations_used": 3,
    "is_high_quality": false
  },
  "metadata": {
    "source_file": "../batch_triplet_results\\result_Bed006_processed\\05_final_result.json",
    "utterance_count": 723,
    "transcript_length": 26076,
    "speakers": [
      "Speaker_D",
      "Speaker_F",
      "Speaker_A",
      "Speaker_G",
      "Speaker_B",
      "Speaker_E",
      "Speaker_C"
    ],
    "dataset_type": "train",
    "processing_date": "2025-07-31T11:51:12.307196"
  }
}