{
  "id": "train_067",
  "source_dir": "result_IS1000d",
  "notion_output": "```json\n{\n    \"project_name\": \"혁신적 리모컨 개발 프로젝트\",\n    \"project_purpose\": \"사용자 친화적이며 기능성이 뛰어난 리모컨 개발\",\n    \"project_period\": \"2024.01.01 ~ 2024.06.30\",\n    \"project_manager\": \"Speaker_C\",\n    \"core_objectives\": [\n        \"목표 1: 사용자 친화적인 디자인 구현\",\n        \"목표 2: 예산 내에서 고기능성 리모컨 개발\",\n        \"목표 3: 25유로 이하의 가격으로 시장 출시\"\n    ],\n    \"core_idea\": \"사용자 경험을 극대화한 혁신적 리모컨\",\n    \"idea_description\": \"기존 리모컨의 단순함을 유지하면서도, 사용자 편의성을 높이기 위해 적외선 LED, 볼륨 조절 버튼, 다양한 색상 및 질감을 제공하는 리모컨을 개발합니다. 특히, 노인층을 타겟으로 하여 사용이 간편한 인터페이스를 제공합니다.\",\n    \"execution_plan\": \"1단계: 시장 조사 및 요구사항 분석 (2024.01.01 ~ 2024.02.15)\\n2단계: 디자인 및 프로토타입 개발 (2024.02.16 ~ 2024.04.15)\\n3단계: 테스트 및 피드백 수집 (2024.04.16 ~ 2024.05.15)\\n4단계: 최종 제품 개발 및 생산 (2024.05.16 ~ 2024.06.15)\\n5단계: 마케팅 및 출시 준비 (2024.06.16 ~ 2024.06.30)\",\n    \"expected_effects\": [\n        \"기대효과 1: 사용자 편의성 향상으로 인한 고객 만족도 증대\",\n        \"기대효과 2: 25유로 이하의 가격으로 시장 경쟁력 확보\",\n        \"기대효과 3: 노인층을 포함한 다양한 고객층 확보\"\n    ]\n}\n```",
  "prd_output": "```json\n{\n    \"overview\": \"파싱된 프로젝트는 회의 내용을 기반으로 한 프로젝트로, 회의에서 논의된 핵심 아이디어와 실행 계획을 체계적으로 관리하고 추적하는 것을 목표로 합니다. 이 프로젝트는 회의 참석자, 프로젝트 관리자, 그리고 팀 리더를 주요 타겟 사용자로 하며, 회의 내용을 효과적으로 정리하고 프로젝트 진행을 원활하게 하는 가치를 제공합니다.\",\n    \"core_features\": \"1. 회의 내용 자동 파싱: 회의 녹음 파일을 텍스트로 변환하고 주요 아이디어를 추출합니다. 2. 프로젝트 생성 및 관리: 파싱된 내용을 기반으로 프로젝트를 자동 생성하고 진행 상황을 추적합니다. 3. 목표 설정 및 추적: 설정된 핵심 목표를 기반으로 프로젝트의 진행 상황을 모니터링합니다.\",\n    \"user_experience\": \"사용자는 회의 녹음 파일을 업로드하고, 자동으로 생성된 프로젝트와 목표를 확인할 수 있습니다. 페르소나는 프로젝트 관리자와 팀 리더로, 주요 플로우는 파일 업로드, 프로젝트 생성 확인, 목표 추적입니다. UI/UX는 직관적이고 사용하기 쉽게 설계됩니다.\",\n    \"technical_architecture\": \"시스템은 음성 인식 API를 사용하여 회의 내용을 텍스트로 변환하고, 자연어 처리 알고리즘을 통해 핵심 아이디어를 추출합니다. 데이터 모델은 프로젝트, 목표, 회의 내용 등으로 구성되며, 클라우드 기반 인프라를 사용하여 확장성을 보장합니다.\",\n    \"development_roadmap\": \"MVP는 회의 내용 파싱 및 프로젝트 생성 기능을 포함하며, 향후 개선사항으로 목표 추적 기능과 사용자 인터페이스 개선이 있습니다. 단계별 개발 범위는 초기 파싱 기능 개발, 프로젝트 관리 기능 추가, UI/UX 개선 순으로 진행됩니다.\",\n    \"logical_dependency_chain\": \"기초 기능인 회의 내용 파싱이 우선 개발되어야 하며, 이후 프로젝트 생성 및 관리 기능이 추가됩니다. 점진적 개발 방식으로 각 기능을 독립적으로 테스트하고 통합합니다.\",\n    \"risks_and_mitigations\": \"기술적 도전은 음성 인식 정확도와 자연어 처리의 복잡성입니다. MVP는 핵심 기능인 회의 내용 파싱과 프로젝트 생성에 집중하며, 자원 제약사항으로는 음성 인식 API 사용 비용이 있습니다.\",\n    \"appendix\": \"추가 정보로는 음성 인식 및 자연어 처리 관련 연구 결과와 기술 사양이 포함됩니다.\"\n}\n```",
  "quality_metrics": {
    "final_score": 6.0,
    "is_production_ready": true,
    "iterations_used": 1,
    "is_high_quality": false
  },
  "metadata": {
    "source_file": "../batch_triplet_results\\result_IS1000d\\05_final_result.json",
    "utterance_count": 433,
    "transcript_length": 13961,
    "speakers": [
      "Speaker_A",
      "Speaker_B",
      "Speaker_D",
      "Speaker_C"
    ],
    "dataset_type": "train",
    "processing_date": "2025-07-31T12:09:13.750932"
  }
}