{
  "id": "train_205",
  "source_dir": "result_제22대국회 제425회(임시회) 제1차 과학기술정보방송통신위원회(정보통신방송법안심사소위원회) (2025.05.09.)",
  "notion_output": "```json\n{\n    \"project_name\": \"방송 4법 개정 및 공영방송 독립성 강화 프로젝트\",\n    \"project_purpose\": \"공영방송의 정치적 독립성을 강화하고, 방송 4법 개정을 통해 공영방송의 운영 투명성과 공정성을 확보\",\n    \"project_period\": \"2024.01.01 ~ 2024.06.30\",\n    \"project_manager\": \"김현 소위원장\",\n    \"core_objectives\": [\n        \"목표 1: 방송 4법 개정을 통해 공영방송 이사회의 구성 다양화 및 독립성 강화\",\n        \"목표 2: 공영방송 사장 선임 절차의 투명성 확보 및 시민 참여 확대\",\n        \"목표 3: 방송통신위원회 및 방송통신심의위원회의 독립성 및 운영 정상화\"\n    ],\n    \"core_idea\": \"공영방송의 정치적 독립성과 운영 투명성을 강화하기 위한 법적, 제도적 개혁\",\n    \"idea_description\": \"방송 4법 개정을 통해 공영방송 이사회의 구성과 사장 선임 절차를 개선하고, 방송통신위원회 및 방송통신심의위원회의 독립성을 강화하여 공영방송의 공공성과 신뢰성을 회복\",\n    \"execution_plan\": \"1단계: 법안 초안 작성 및 검토 (2024.01.01 ~ 2024.02.28)\\n2단계: 공청회 및 전문가 의견 수렴 (2024.03.01 ~ 2024.03.31)\\n3단계: 법안 수정 및 최종안 확정 (2024.04.01 ~ 2024.04.30)\\n4단계: 국회 상정 및 통과 추진 (2024.05.01 ~ 2024.06.30)\",\n    \"expected_effects\": [\n        \"기대효과 1: 공영방송의 정치적 독립성 강화로 인한 공정한 방송 환경 조성\",\n        \"기대효과 2: 투명한 사장 선임 절차를 통한 공영방송 운영의 신뢰성 제고\",\n        \"기대효과 3: 방송통신위원회 및 방송통신심의위원회의 독립성 확보로 인한 방송 정책의 일관성 및 공정성 강화\"\n    ]\n}\n```",
  "prd_output": "```json\n{\n    \"overview\": \"파싱된 프로젝트는 회의 내용을 기반으로 프로젝트를 관리하는 도구입니다. 이 프로젝트는 회의에서 논의된 내용을 효율적으로 파악하고 관리하는 데 어려움을 겪는 사용자들을 대상으로 합니다. 이를 통해 사용자는 회의 후에도 중요한 정보를 놓치지 않고, 프로젝트 진행 상황을 명확히 파악할 수 있습니다.\",\n    \"core_features\": \"1. 회의 내용 자동 파싱: 회의 내용을 자동으로 텍스트로 변환하고, 주요 항목을 추출합니다. 2. 프로젝트 생성 및 관리: 파싱된 내용을 기반으로 프로젝트를 생성하고, 진행 상황을 관리할 수 있습니다. 3. 알림 및 리마인더: 중요한 일정이나 마감일에 대해 사용자에게 알림을 제공합니다.\",\n    \"user_experience\": \"사용자는 회의가 끝난 후, 녹음 파일을 업로드하면 자동으로 파싱된 내용을 확인할 수 있습니다. 주요 기능은 직관적인 UI를 통해 쉽게 접근할 수 있으며, 사용자는 프로젝트의 진행 상황을 한눈에 파악할 수 있습니다.\",\n    \"technical_architecture\": \"시스템은 클라우드 기반으로 구성되며, 음성 인식 API를 통해 회의 내용을 텍스트로 변환합니다. 데이터는 안전하게 저장되며, 사용자 인터페이스는 웹 및 모바일 환경에서 모두 접근 가능합니다.\",\n    \"development_roadmap\": \"MVP는 회의 내용 파싱 및 기본적인 프로젝트 관리 기능을 포함합니다. 이후, 사용자 피드백을 반영하여 알림 기능과 고급 분석 기능을 추가할 계획입니다.\",\n    \"logical_dependency_chain\": \"1. 음성 인식 및 텍스트 변환 기능 개발 2. 프로젝트 생성 및 관리 기능 구현 3. 알림 및 리마인더 기능 추가\",\n    \"risks_and_mitigations\": \"음성 인식의 정확도가 낮을 경우, 사용자 경험이 저하될 수 있습니다. 이를 위해 다양한 음성 인식 엔진을 테스트하고, 최적의 솔루션을 선택할 예정입니다. 자원 제약사항으로는 초기 개발 인력의 부족이 있을 수 있으며, 이를 해결하기 위해 외부 개발자와의 협업을 고려하고 있습니다.\",\n    \"appendix\": \"추가 정보로는 시장 조사 결과 및 유사 제품 분석 자료가 포함됩니다. 기술 사양은 음성 인식 API의 세부 사항과 데이터 보안 정책을 다룹니다.\"\n}\n```",
  "quality_metrics": {
    "final_score": 6.0,
    "is_production_ready": true,
    "iterations_used": 1,
    "is_high_quality": false
  },
  "metadata": {
    "source_file": "../batch_triplet_results\\result_제22대국회 제425회(임시회) 제1차 과학기술정보방송통신위원회(정보통신방송법안심사소위원회) (2025.05.09.)\\05_final_result.json",
    "utterance_count": 439,
    "transcript_length": 30658,
    "speakers": [
      "진술인 지성우",
      "소위원장 김현",
      "이훈기 위원",
      "진술인 이강혁",
      "노종면 위원",
      "진술인 최영묵",
      "한민수 위원",
      "진술인 이진순",
      "이정헌 위원",
      "방송통신위원회사무처장전담직무대리 김영관",
      "방송통신위원회방송정책국장직무대리겸방송기반국장 박동주",
      "최형두 위원",
      "전국언론노동조합KBS본부장 박상현",
      "이해민 위원",
      "전국언론노동조합MBC본부장 전성관",
      "진술인 이호찬",
      "전국언론노동조합EBS지부장 김성관",
      "전국언론노동조합YTN지부장 전준형"
    ],
    "dataset_type": "train",
    "processing_date": "2025-07-31T15:00:09.529121"
  }
}