{
  "id": "train_069",
  "source_dir": "result_TS3006d",
  "notion_output": "```json\n{\n    \"project_name\": \"차세대 스마트 통합 리모컨 개발 프로젝트\",\n    \"project_purpose\": \"사용자 편의성과 비용 효율성을 극대화한 차세대 스마트 리모컨 개발\",\n    \"project_period\": \"2024.01.01 ~ 2024.06.30\",\n    \"project_manager\": \"Speaker_D\",\n    \"core_objectives\": [\n        \"목표 1: 통합 스크롤 휠 푸시 버튼을 통해 모든 기능을 조작할 수 있는 직관적인 리모컨 개발\",\n        \"목표 2: 비용 절감을 위한 버튼 및 부품 최적화, 구체적으로 20% 비용 절감 목표\",\n        \"목표 3: 사용자 경험을 개선하기 위한 디자인 및 색상 최적화, 특히 사용자 피드백을 반영한 색상 변경\"\n    ],\n    \"core_idea\": \"통합 스크롤 휠 푸시 버튼을 활용한 리모컨의 기능 통합 및 비용 절감\",\n    \"idea_description\": \"리모컨의 다양한 버튼을 통합 스크롤 휠 푸시 버튼으로 대체하여 사용자가 보다 직관적으로 조작할 수 있도록 설계합니다. 이를 통해 부품 수를 줄이고, 비용을 절감하며, 사용자 경험을 향상시킵니다. 또한, 회의에서 논의된 특정 버튼의 기능과 디자인을 반영하여 최적화합니다.\",\n    \"execution_plan\": [\n        {\n            \"단계\": \"1단계: 설계 및 프로토타입 개발\",\n            \"기간\": \"2024.01.01 ~ 2024.02.28\",\n            \"책임자\": \"Speaker_A\",\n            \"세부사항\": \"특별한 색상의 버튼 및 핸드 다이너모를 고려한 설계. 통합 스크롤 휠 푸시 버튼을 통한 채널, 볼륨 조절 및 메뉴 탐색 기능 구현.\"\n        },\n        {\n            \"단계\": \"2단계: 사용자 테스트 및 피드백 수집\",\n            \"기간\": \"2024.03.01 ~ 2024.03.31\",\n            \"책임자\": \"Speaker_B\",\n            \"세부사항\": \"통합 버튼의 기능성과 사용자 만족도 조사. 사용자 피드백을 기반으로 디자인 및 기능 개선.\"\n        },\n        {\n            \"단계\": \"3단계: 최종 디자인 및 생산 준비\",\n            \"기간\": \"2024.04.01 ~ 2024.05.31\",\n            \"책임자\": \"Speaker_C\",\n            \"세부사항\": \"디자인 최적화 및 생산 라인 준비. 고무 재질과 회색 플라스틱 사용을 통한 내구성 강화.\"\n        },\n        {\n            \"단계\": \"4단계: 생산 및 출시\",\n            \"기간\": \"2024.06.01 ~ 2024.06.30\",\n            \"책임자\": \"Speaker_D\",\n            \"세부사항\": \"생산 시작 및 시장 출시 준비. 마케팅 전략 수립 및 초기 사용자 피드백 수집.\"\n        }\n    ],\n    \"expected_effects\": [\n        \"기대효과 1: 통합 버튼을 통해 사용자는 리모컨을 보다 직관적으로 사용할 수 있으며, 조작의 편리함이 증가합니다.\",\n        \"기대효과 2: 버튼 및 부품의 최적화를 통해 생산 비용이 20% 절감되고, 이는 제품 가격 경쟁력 향상으로 이어집니다.\",\n        \"기대효과 3: 디자인 및 색상 최적화를 통해 제품의 시장 경쟁력이 강화되며, 사용자 만족도가 15% 향상됩니다.\"\n    ],\n    \"technical_details\": {\n        \"버튼 기능\": \"통합 스크롤 휠 푸시 버튼으로 채널, 볼륨 조절 및 메뉴 탐색 가능\",\n        \"디자인 요소\": \"특별한 색상의 버튼 및 고무 재질 사용\",\n        \"비용 절감 방법\": \"부품 수 줄이기 및 통합 버튼 사용으로 5유로 절감\"\n    }\n}\n```",
  "prd_output": "```json\n{\n    \"overview\": \"파싱된 프로젝트는 회의 내용을 기반으로 한 프로젝트로, 회의에서 논의된 내용을 체계적으로 정리하고 관리할 수 있는 솔루션을 제공합니다. 주로 프로젝트 관리자와 팀원들이 타겟 사용자이며, 이 솔루션을 통해 회의 후속 작업을 효율적으로 관리하고, 중요한 정보를 놓치지 않도록 돕습니다.\",\n    \"core_features\": \"1. 회의 내용 자동 파싱: 회의 중 기록된 내용을 자동으로 파싱하여 구조화된 데이터로 변환합니다. 2. 프로젝트 관리 통합: 파싱된 데이터를 기존의 프로젝트 관리 툴과 통합하여 후속 작업을 자동으로 생성합니다. 3. 알림 및 리마인더: 중요한 마일스톤과 작업 기한을 사용자에게 알림으로 제공합니다.\",\n    \"user_experience\": \"사용자는 회의가 끝난 후, 파싱된 데이터를 검토하고 필요한 작업을 생성합니다. 페르소나는 프로젝트 관리자와 팀원으로, 주요 플로우는 회의 기록 업로드, 데이터 검토, 작업 생성 및 관리입니다. UI/UX는 직관적이고 사용하기 쉬운 인터페이스를 제공하여 사용자가 빠르게 적응할 수 있도록 설계합니다.\",\n    \"technical_architecture\": \"시스템은 클라우드 기반으로 설계되며, 데이터 파싱 엔진, 사용자 인터페이스, 프로젝트 관리 API 통합 모듈로 구성됩니다. 데이터 모델은 회의 기록, 작업 항목, 사용자 알림 등을 포함합니다. 인프라 요구사항으로는 안정적인 클라우드 서비스와 데이터 보안이 포함됩니다.\",\n    \"development_roadmap\": \"MVP 요구사항은 회의 내용 파싱 및 기본적인 프로젝트 관리 통합 기능입니다. 향후 개선사항으로는 AI 기반의 회의 내용 요약 기능과 다양한 프로젝트 관리 툴과의 통합 확대가 포함됩니다. 단계별 개발 범위는 초기 파싱 기능 개발, 통합 기능 개발, AI 기능 추가 순으로 진행됩니다.\",\n    \"logical_dependency_chain\": \"개발 순서는 데이터 파싱 엔진 개발, 사용자 인터페이스 구축, 프로젝트 관리 API 통합 순으로 진행됩니다. 기초 기능 우선순위는 데이터 파싱 정확도와 사용자 인터페이스의 직관성입니다. 점진적 개발 방식으로 MVP를 빠르게 출시하고, 사용자 피드백을 반영하여 개선합니다.\",\n    \"risks_and_mitigations\": \"기술적 도전으로는 데이터 파싱의 정확도와 다양한 회의 형식 지원이 있습니다. MVP 정의는 기본적인 파싱 및 통합 기능으로, 자원 제약사항은 개발 인력과 클라우드 인프라 비용입니다. 이를 완화하기 위해 초기 MVP에 집중하고, 클라우드 비용을 최적화합니다.\",\n    \"appendix\": \"추가 정보로는 회의 내용 파싱 기술에 대한 연구 결과와 프로젝트 관리 툴 통합 사례가 포함됩니다. 기술 사양으로는 사용된 파싱 알고리즘과 API 명세가 제공됩니다.\"\n}\n```",
  "quality_metrics": {
    "final_score": 6.0,
    "is_production_ready": true,
    "iterations_used": 3,
    "is_high_quality": false
  },
  "metadata": {
    "source_file": "../batch_triplet_results\\result_TS3006d\\05_final_result.json",
    "utterance_count": 532,
    "transcript_length": 15767,
    "speakers": [
      "Speaker_B",
      "Speaker_D",
      "Speaker_C",
      "Speaker_A"
    ],
    "dataset_type": "train",
    "processing_date": "2025-07-31T12:11:39.290531"
  }
}