{
  "id": "train_236",
  "source_dir": "result_Bro026_processed",
  "notion_output": "```json\n{\n    \"project_name\": \"신경망 기반 음성 인식 시스템의 보안 및 성능 최적화 프로젝트\",\n    \"project_purpose\": \"SSH 및 CVS 메커니즘을 통합하여 시스템의 보안성과 접근성을 강화하고, 신경망 기반 TRAPS 시스템을 활용하여 음성 인식의 정확도와 효율성을 개선\",\n    \"project_period\": \"2024.01.01 ~ 2024.06.30\",\n    \"project_manager\": \"하이넥\",\n    \"core_objectives\": [\n        \"목표 1: 신경망 기반 TRAPS 시스템의 성능 최적화 및 FFT 빈 활용\",\n        \"목표 2: 멜 대역의 스펙트럼 감산 적용을 통한 잡음 감소\",\n        \"목표 3: 온라인 정규화 및 LDA RASTA 기법을 통한 데이터 처리 개선\",\n        \"목표 4: SSH 및 CVS 메커니즘을 통한 시스템 보안 및 접근성 강화\"\n    ],\n    \"core_idea\": \"신경망과 FFT 빈을 활용하여 음성 인식 시스템의 성능을 향상시키고, SSH와 CVS 메커니즘을 통해 보안 및 접근성을 강화\",\n    \"idea_description\": \"신경망 기반의 TRAPS 시스템을 도입하여 음성 인식의 정확도를 높이고, FFT 빈 및 멜 대역의 스펙트럼 감산을 통해 잡음을 줄여 시스템의 효율성을 개선한다. 또한, SSH 및 CVS 메커니즘을 통합하여 시스템의 보안성과 접근성을 강화한다.\",\n    \"execution_plan\": \"1단계: 신경망 기반 TRAPS 시스템 설계 및 구현 (2024.01.01 ~ 2024.02.28)\\n2단계: FFT 빈 및 멜 대역의 스펙트럼 감산 적용 (2024.03.01 ~ 2024.04.30)\\n3단계: 온라인 정규화 및 LDA RASTA 기법 적용 및 테스트 (2024.05.01 ~ 2024.06.30)\\n4단계: SSH 및 CVS 메커니즘 통합 및 보안 테스트 (2024.05.01 ~ 2024.06.30)\",\n    \"expected_effects\": [\n        \"기대효과 1: 음성 인식 정확도 5% 향상\",\n        \"기대효과 2: 시스템 처리 속도 10% 개선\",\n        \"기대효과 3: 잡음 환경에서도 인식률 향상으로 사용자 만족도 증가\",\n        \"기대효과 4: 시스템 보안성 및 접근성 강화로 사용자 신뢰도 증가\"\n    ],\n    \"additional_details\": {\n        \"technical_challenges\": [\n            \"SSH 및 CVS 메커니즘 통합 시 발생할 수 있는 보안 이슈 해결\",\n            \"신경망 기반 TRAPS 시스템의 최적화 과정에서의 성능 저하 방지\",\n            \"FFT 빈 및 멜 대역의 스펙트럼 감산 적용 시 발생할 수 있는 잡음 처리 문제 해결\"\n        ],\n        \"meetings_summary\": [\n            \"Hynek과의 회의에서 SSH 및 CVS 메커니즘 통합의 필요성 확인 및 구체적인 적용 방안 논의\",\n            \"벨기에에서의 SSH 사용 사례 검토 및 적용 방안 논의\",\n            \"현재 시스템의 성능 및 보안성 평가를 통한 개선 방향 설정\",\n            \"재귀와 주파수 기반의 평활화 기법 적용 논의\",\n            \"LDA 및 온라인 정규화 기법을 통한 데이터 처리 개선 방안 논의\"\n        ]\n    }\n}\n```",
  "prd_output": "```json\n{\n    \"overview\": \"파싱된 프로젝트는 회의 내용을 기반으로 프로젝트를 관리하는 시스템입니다. 이 프로젝트는 회의에서 논의된 사항을 체계적으로 정리하고 추적할 수 있도록 도와줍니다. 타겟 사용자는 주로 프로젝트 매니저, 팀 리더, 그리고 회의 주최자입니다. 이 시스템은 회의에서 나온 아이디어와 결정을 효과적으로 관리하여 프로젝트의 성공률을 높이는 것을 목표로 합니다.\",\n    \"core_features\": \"1. 회의 내용 자동 파싱: 회의에서 논의된 내용을 자동으로 파싱하여 프로젝트 관리에 필요한 정보로 변환합니다. 2. 프로젝트 생성 및 관리: 파싱된 내용을 바탕으로 새로운 프로젝트를 생성하고 관리할 수 있습니다. 3. 알림 및 업데이트: 프로젝트의 진행 상황을 실시간으로 업데이트하고 관련 팀원들에게 알림을 보냅니다.\",\n    \"user_experience\": \"사용자는 회의 내용을 업로드하거나 실시간으로 입력할 수 있으며, 시스템은 이를 분석하여 프로젝트로 변환합니다. 주요 페르소나는 프로젝트 매니저로, 이들은 직관적인 UI를 통해 프로젝트의 상태를 쉽게 파악할 수 있습니다. 사용자 여정은 회의 내용 입력 -> 파싱 결과 확인 -> 프로젝트 생성 및 관리로 구성됩니다.\",\n    \"technical_architecture\": \"시스템은 클라우드 기반으로 설계되며, 주요 구성 요소로는 데이터 파싱 모듈, 프로젝트 관리 모듈, 알림 시스템이 있습니다. 데이터 모델은 회의 내용, 프로젝트 정보, 사용자 데이터를 포함하며, API를 통해 외부 시스템과 연동됩니다. 인프라 요구사항으로는 안정적인 클라우드 서버와 데이터베이스가 필요합니다.\",\n    \"development_roadmap\": \"MVP 단계에서는 회의 내용 파싱 및 기본적인 프로젝트 관리 기능을 구현합니다. 이후 단계에서는 사용자 피드백을 반영하여 고급 분석 기능과 협업 도구를 추가할 계획입니다.\",\n    \"logical_dependency_chain\": \"초기 단계에서는 회의 내용 파싱 기능을 우선 개발하고, 이후 프로젝트 관리 기능을 확장합니다. 알림 시스템은 기본 기능이 안정화된 후에 추가됩니다.\",\n    \"risks_and_mitigations\": \"기술적 도전으로는 자연어 처리의 정확도가 있으며, 이를 위해 최신 NLP 기술을 도입합니다. MVP 정의는 최소 기능으로 시작하여 점진적으로 확장하는 방식으로 자원 제약을 극복합니다.\",\n    \"appendix\": \"추가 정보로는 자연어 처리 기술 연구 결과와 프로젝트 관리 도구의 시장 분석 자료가 포함됩니다.\"\n}\n```",
  "quality_metrics": {
    "final_score": 6.0,
    "is_production_ready": true,
    "iterations_used": 3,
    "is_high_quality": false
  },
  "metadata": {
    "source_file": "../batch_triplet_results\\result_Bro026_processed\\05_final_result.json",
    "utterance_count": 554,
    "transcript_length": 18491,
    "speakers": [
      "Speaker_A",
      "Speaker_B",
      "Speaker_E",
      "Speaker_D",
      "Speaker_C"
    ],
    "dataset_type": "train",
    "processing_date": "2025-07-31T15:25:54.230944"
  }
}