{
  "id": "train_100",
  "source_dir": "result_제22대국회 제420회(임시회) 제1차 과학기술정보방송통신위원회(과학기술원자력법안심사소위원회) (2024.12.27.)",
  "notion_output": "```json\n{\n    \"project_name\": \"과학기술분야 정부출연연구기관 운영 개선 및 육성 프로젝트\",\n    \"project_purpose\": \"과학기술분야 정부출연연구기관의 운영 효율성을 높이고, 후임 원장 임명 지연을 최소화하여 연구기관의 안정적 운영을 도모\",\n    \"project_period\": \"2024.01.01 ~ 2024.12.31\",\n    \"project_manager\": \"최형두 소위원장\",\n    \"core_objectives\": [\n        \"목표 1: 후임 원장 임명 절차를 재직 중인 원장의 임기만료 3개월 이전에 착수하도록 법적 근거 마련\",\n        \"목표 2: 연구기관 평가 절차를 개선하여 임명 지연 문제 해결\",\n        \"목표 3: 나노기술개발 촉진법 개정을 통해 나노팹 서비스 통합정보 시스템 구축\"\n    ],\n    \"core_idea\": \"정부출연연구기관의 운영 및 임명 절차 개선을 통해 연구기관의 안정성과 효율성을 강화\",\n    \"idea_description\": \"현행 연구기관의 임명 절차 및 평가 시스템을 개선하여 후임 원장 임명 지연 문제를 해결하고, 나노기술개발 촉진법 개정을 통해 나노팹 서비스 통합정보 시스템을 구축하여 연구개발 인프라를 강화\",\n    \"execution_plan\": \"1단계: 법률 개정안 마련 및 발의 (2024년 1분기)\\n2단계: 관련 부처 및 기관과 협의하여 세부 실행 계획 수립 (2024년 2분기)\\n3단계: 나노팹 서비스 통합정보 시스템 구축 및 운영 (2024년 3분기)\\n4단계: 후임 원장 임명 절차 개선 및 시행 (2024년 4분기)\",\n    \"expected_effects\": [\n        \"기대효과 1: 연구기관의 운영 안정성 및 효율성 향상\",\n        \"기대효과 2: 나노기술 연구개발 인프라 강화로 인한 연구 성과 증대\",\n        \"기대효과 3: 후임 원장 임명 지연 문제 해결로 인한 기관 운영의 연속성 확보\"\n    ]\n}\n```",
  "prd_output": "```json\n{\n    \"overview\": \"파싱된 프로젝트는 회의 내용을 기반으로 한 프로젝트로, 회의에서 논의된 사항들을 체계적으로 정리하고 관리할 수 있는 솔루션을 제공합니다. 이 프로젝트는 회의 후속 작업을 효율적으로 관리하고자 하는 팀과 조직을 대상으로 하며, 회의 내용을 자동으로 파싱하여 프로젝트로 변환함으로써 시간과 노력을 절약할 수 있는 가치를 제공합니다.\",\n    \"core_features\": \"1. 회의 내용 자동 파싱: 회의 녹음 파일이나 텍스트를 입력하면 자동으로 주요 내용을 파싱하여 프로젝트로 변환합니다. 2. 프로젝트 생성 및 관리: 파싱된 내용을 기반으로 프로젝트를 생성하고, 할 일 목록과 마일스톤을 관리할 수 있습니다. 3. 협업 도구 통합: Slack, Trello 등과 같은 협업 도구와의 통합을 통해 팀원 간의 원활한 커뮤니케이션을 지원합니다.\",\n    \"user_experience\": \"사용자는 회의가 끝난 후 녹음 파일을 업로드하거나 텍스트를 입력하여 프로젝트를 생성합니다. 주요 페르소나는 프로젝트 매니저와 팀 리더로, 이들은 간편한 UI를 통해 빠르게 프로젝트를 생성하고 팀원들과 공유할 수 있습니다. UI/UX는 직관적이고 사용하기 쉬운 인터페이스를 제공하여 사용자가 최소한의 클릭으로 원하는 작업을 수행할 수 있도록 설계됩니다.\",\n    \"technical_architecture\": \"시스템은 클라우드 기반으로 설계되며, 주요 구성 요소는 프론트엔드, 백엔드, 데이터베이스, 그리고 외부 API 통합 모듈로 이루어집니다. 데이터 모델은 회의 내용, 프로젝트, 할 일 목록 등을 포함하며, RESTful API를 통해 외부 시스템과의 통신을 지원합니다. 인프라는 AWS를 기반으로 하여 확장성과 안정성을 보장합니다.\",\n    \"development_roadmap\": \"MVP 단계에서는 회의 내용 파싱 및 기본적인 프로젝트 생성 기능을 구현합니다. 이후 단계에서는 협업 도구 통합, 고급 분석 기능, 사용자 맞춤형 대시보드 등을 추가하여 기능을 확장합니다.\",\n    \"logical_dependency_chain\": \"1. 회의 내용 파싱 기능 개발 2. 프로젝트 생성 및 관리 기능 구현 3. 협업 도구 통합 4. 고급 분석 기능 추가 5. 사용자 맞춤형 대시보드 개발\",\n    \"risks_and_mitigations\": \"기술적 도전으로는 자연어 처리(NLP) 기술의 정확성 확보가 있으며, 이를 위해 최신 NLP 모델을 활용하고 지속적인 학습을 통해 성능을 개선합니다. 자원 제약사항으로는 초기 개발 인력 부족이 있으며, 이를 해결하기 위해 외부 개발자와의 협업을 고려합니다.\",\n    \"appendix\": \"추가 정보로는 최신 NLP 기술 연구 결과와 협업 도구 API 문서가 포함됩니다. 기술 사양으로는 사용된 프레임워크와 라이브러리 목록이 제공됩니다.\"\n}\n```",
  "quality_metrics": {
    "final_score": 6.0,
    "is_production_ready": true,
    "iterations_used": 1,
    "is_high_quality": false
  },
  "metadata": {
    "source_file": "../batch_triplet_results\\result_제22대국회 제420회(임시회) 제1차 과학기술정보방송통신위원회(과학기술원자력법안심사소위원회) (2024.12.27.)\\05_final_result.json",
    "utterance_count": 251,
    "transcript_length": 16223,
    "speakers": [
      "과학기술정보통신부과학기술혁신본부장 류광준",
      "박충권 위원",
      "우주항공청차장 노경원",
      "원자력안전위원회사무처장직무대리 손명선",
      "전문위원 임명현",
      "김우영 위원",
      "조인철 위원",
      "과학기술정보통신부제1차관 이창윤",
      "소위원장 최형두",
      "황정아 위원"
    ],
    "dataset_type": "train",
    "processing_date": "2025-07-31T12:47:17.324475"
  }
}