{
  "id": "train_064",
  "source_dir": "result_TS3007d",
  "notion_output": "```json\n{\n    \"project_name\": \"차세대 사용자 맞춤형 리모컨 개발 프로젝트\",\n    \"project_purpose\": \"사용자 경험을 극대화하고 시장에서의 경쟁력을 강화하기 위한 혁신적인 리모컨 개발\",\n    \"project_period\": \"2025.01.01 ~ 2025.03.31\",\n    \"project_manager\": \"다니엘\",\n    \"core_objectives\": [\n        \"목표 1: 40세 이하의 사용자를 위한 직관적이고 사용하기 쉬운 리모컨 디자인\",\n        \"목표 2: 사용자 설문조사 결과를 반영한 기능적 요구사항 충족\",\n        \"목표 3: 다양한 색상 및 재질 옵션 제공을 통한 사용자 맞춤형 제품 제공\",\n        \"목표 4: 고급 칩과 다양한 기능을 포함한 기술적 완성도 향상\"\n    ],\n    \"core_idea\": \"사용자 중심의 직관적 인터페이스와 다양한 기능을 갖춘 리모컨 개발\",\n    \"idea_description\": \"리모컨은 크고 선명한 채널 전환 버튼과 볼륨 조절 기능을 포함하며, 다양한 색상 및 재질 옵션을 제공하여 사용자 맞춤형 경험을 제공합니다. 40세 이하의 사용자를 타겟으로 하여 직관적이고 사용하기 쉬운 디자인을 채택합니다. 고급 칩을 사용하여 성능을 향상시키고, 나무 및 고무와 같은 다양한 재질을 활용하여 사용자 선택의 폭을 넓힙니다.\",\n    \"execution_plan\": [\n        \"1단계: 사용자 요구사항 및 시장 트렌드 분석 (2025.01.01 ~ 2025.01.15) - 책임자: 마케팅 전문가\",\n        \"2단계: 리모컨 디자인 및 프로토타입 개발 (2025.01.16 ~ 2025.02.15) - 책임자: 디자인 팀\",\n        \"3단계: 사용자 테스트 및 피드백 수집 (2025.02.16 ~ 2025.02.28) - 책임자: 사용자 경험 팀\",\n        \"4단계: 최종 디자인 및 생산 준비 (2025.03.01 ~ 2025.03.15) - 책임자: 생산 팀\",\n        \"5단계: 제품 출시 및 마케팅 (2025.03.16 ~ 2025.03.31) - 책임자: 마케팅 팀\"\n    ],\n    \"expected_effects\": [\n        \"기대효과 1: 사용자 만족도 향상 및 브랜드 이미지 개선\",\n        \"기대효과 2: 시장 점유율 증가 및 매출 증대\",\n        \"기대효과 3: 사용자 피드백을 통한 지속적인 제품 개선 및 혁신\",\n        \"기대효과 4: 기술적 완성도를 통한 경쟁사 대비 우위 확보\"\n    ],\n    \"technical_details\": {\n        \"design_elements\": [\n            \"크고 선명한 채널 전환 버튼\",\n            \"볼륨 조절 기능\",\n            \"텔레텍스트 버튼의 메뉴 통합\",\n            \"고급 칩 사용\",\n            \"나무 및 고무 재질 옵션\",\n            \"5cm 두께의 패널로 배터리 및 전자 칩 수용 가능\",\n            \"화려한 과일 색상 및 전통적인 색상 옵션\"\n        ],\n        \"user_feedback\": [\n            \"사용자 설문조사 결과: 추가 기능에 대한 지불 의향 높음\",\n            \"나이든 사용자는 전통적인 디자인 선호\",\n            \"젊은 사용자는 다기능 및 직관적 인터페이스 선호\"\n        ]\n    }\n}\n```",
  "prd_output": "```json\n{\n    \"overview\": \"파싱된 프로젝트는 회의 내용을 기반으로 프로젝트를 생성하고 관리하는 시스템입니다. 이 프로젝트는 회의에서 논의된 내용을 자동으로 파싱하여 프로젝트로 변환함으로써, 사용자들이 회의 후 즉시 실행 가능한 작업 항목을 생성할 수 있도록 돕습니다. 타겟 사용자는 회의를 자주 진행하는 팀이나 조직이며, 이 시스템은 회의 후 작업 관리의 효율성을 크게 향상시킬 것입니다.\",\n    \"core_features\": \"1. 회의 내용 자동 파싱: 회의 내용을 텍스트 형식으로 입력하면 자동으로 프로젝트와 작업 항목을 생성합니다.\\n2. 프로젝트 관리 인터페이스: 생성된 프로젝트와 작업 항목을 관리할 수 있는 직관적인 UI를 제공합니다.\\n3. 협업 기능: 팀원들과 실시간으로 프로젝트 진행 상황을 공유하고 업데이트할 수 있습니다.\",\n    \"user_experience\": \"사용자는 회의가 끝난 후 회의록을 시스템에 입력합니다. 시스템은 이를 분석하여 프로젝트와 작업 항목을 생성합니다. 생성된 프로젝트는 사용자 대시보드에 표시되며, 사용자는 이를 통해 프로젝트를 관리하고 팀원들과 협업할 수 있습니다. 주요 페르소나는 프로젝트 매니저와 팀 리더입니다.\",\n    \"technical_architecture\": \"시스템은 클라우드 기반으로 설계되며, 주요 구성 요소로는 데이터 파싱 모듈, 프로젝트 관리 모듈, 사용자 인터페이스 모듈이 있습니다. 데이터 모델은 회의록, 프로젝트, 작업 항목 간의 관계를 정의합니다. API는 외부 시스템과의 통합을 지원하며, 인프라 요구사항으로는 AWS 또는 Azure와 같은 클라우드 서비스가 필요합니다.\",\n    \"development_roadmap\": \"MVP에서는 회의 내용 파싱과 기본적인 프로젝트 관리 기능을 제공합니다. 이후 단계에서는 협업 기능과 외부 시스템 통합 기능을 추가할 예정입니다. 단계별로 사용자 피드백을 반영하여 기능을 개선해 나갈 것입니다.\",\n    \"logical_dependency_chain\": \"초기 단계에서는 회의 내용 파싱 기능을 개발하고, 이후 프로젝트 관리 인터페이스를 구축합니다. 그 다음으로 협업 기능을 추가하며, 마지막으로 외부 시스템과의 통합을 진행합니다.\",\n    \"risks_and_mitigations\": \"기술적 도전으로는 자연어 처리(NLP) 기술을 활용한 정확한 회의 내용 파싱이 있으며, 이를 위해 최신 NLP 알고리즘을 적용할 계획입니다. 자원 제약사항으로는 개발 인력과 시간 제한이 있으며, 이를 해결하기 위해 단계별 개발과 우선순위 설정을 통해 효율적으로 자원을 배분할 것입니다.\",\n    \"appendix\": \"추가 정보로는 사용된 NLP 알고리즘에 대한 연구 결과와 시스템 아키텍처 다이어그램이 포함됩니다. 기술 사양으로는 사용된 프로그래밍 언어와 프레임워크에 대한 정보가 제공됩니다.\"\n}\n```",
  "quality_metrics": {
    "final_score": 6.0,
    "is_production_ready": true,
    "iterations_used": 3,
    "is_high_quality": false
  },
  "metadata": {
    "source_file": "../batch_triplet_results\\result_TS3007d\\05_final_result.json",
    "utterance_count": 471,
    "transcript_length": 14126,
    "speakers": [
      "Speaker_A",
      "Speaker_B",
      "Speaker_D",
      "Speaker_C"
    ],
    "dataset_type": "train",
    "processing_date": "2025-07-31T12:06:18.088896"
  }
}