{
  "id": "train_130",
  "source_dir": "result_IS1002b",
  "notion_output": "```json\n{\n    \"project_name\": \"차세대 스마트 리모컨 개발 프로젝트\",\n    \"project_purpose\": \"텔레텍스트 기능과 사용자 중심의 혁신적 디자인을 통해 시장에서 차별화된 스마트 리모컨 개발\",\n    \"project_period\": \"2024.01.01 ~ 2024.06.30\",\n    \"project_manager\": \"페드로\",\n    \"core_objectives\": [\n        \"목표 1: 텔레텍스트 기능의 시장성을 반영하여 사용자가 원하는 기능을 통합한 리모컨 개발\",\n        \"목표 2: 환경 친화적인 전원 시스템을 통해 지속 가능한 제품 제공\",\n        \"목표 3: 사용자 친화적인 인터페이스와 혁신적인 디자인으로 시장에서 차별화된 제품 개발\",\n        \"목표 4: 리모컨의 위치 추적 기능을 통해 사용자 편의성 극대화\"\n    ],\n    \"core_idea\": \"기존 리모컨의 단점을 보완하고, 텔레텍스트 기능을 포함한 다양한 기능과 디자인을 강화한 스마트 리모컨 개발\",\n    \"idea_description\": \"스마트 리모컨은 텔레텍스트 기능을 포함하여 다양한 기기와 호환되며, 환경 친화적인 전원 시스템을 갖춘다. 또한, 사용자 인터페이스를 개선하여 사용자의 편의성을 높이고, 시장에서의 경쟁력을 강화한다. 위치 추적 기능을 통해 리모컨 분실 문제를 해결한다.\",\n    \"execution_plan\": [\n        {\n            \"단계\": \"1단계\",\n            \"설명\": \"시장 조사 및 요구 사항 분석\",\n            \"기간\": \"2024.01.01 ~ 2024.01.31\",\n            \"세부사항\": \"텔레텍스트 기능의 시장성 분석 및 사용자 요구 사항 수집, 리모컨 가격 전략 검토\"\n        },\n        {\n            \"단계\": \"2단계\",\n            \"설명\": \"디자인 및 프로토타입 개발\",\n            \"기간\": \"2024.02.01 ~ 2024.03.31\",\n            \"세부사항\": \"사용자 인터페이스 및 환경 친화적 전원 시스템 설계, 위치 추적 기능 통합\"\n        },\n        {\n            \"단계\": \"3단계\",\n            \"설명\": \"제품 테스트 및 피드백 수집\",\n            \"기간\": \"2024.04.01 ~ 2024.04.30\",\n            \"세부사항\": \"텔레텍스트 기능 및 사용자 인터페이스에 대한 사용자 피드백 수집, 위치 추적 기능 테스트\"\n        },\n        {\n            \"단계\": \"4단계\",\n            \"설명\": \"최종 제품 개발 및 생산 준비\",\n            \"기간\": \"2024.05.01 ~ 2024.06.30\",\n            \"세부사항\": \"최종 디자인 확정 및 생산 라인 준비, 마케팅 전략 수립\"\n        }\n    ],\n    \"expected_effects\": [\n        \"기대효과 1: 혁신적인 디자인과 기능성으로 시장 점유율 확대\",\n        \"기대효과 2: 환경 친화적인 전원 시스템 도입으로 브랜드 이미지 개선\",\n        \"기대효과 3: 사용자 편의성 증대로 인한 고객 만족도 향상\",\n        \"기대효과 4: 텔레텍스트 기능의 도입으로 새로운 시장 기회 창출\",\n        \"기대효과 5: 위치 추적 기능으로 인한 사용자 경험 개선\"\n    ],\n    \"pricing_strategy\": \"리모컨의 가격은 25유로로 설정하며, 중간 가격대의 시장을 타겟으로 하여 경쟁력을 확보하고, 텔레텍스트 기능과 혁신적인 디자인을 통해 부가가치를 제공\",\n    \"market_analysis\": \"텔레텍스트 기능은 여전히 많은 사용자에게 편리한 기능으로 인식되고 있으며, 이를 통해 기존 시장에서의 경쟁력을 강화하고 새로운 고객층을 확보할 수 있는 기회를 제공. 리모컨 분실 문제를 해결하기 위한 위치 추적 기능은 추가적인 시장성을 확보할 수 있는 요소로 작용할 것이다.\"\n}\n```",
  "prd_output": "```json\n{\n    \"overview\": \"파싱된 프로젝트는 회의 내용을 기반으로 한 프로젝트로, 사용자가 회의에서 논의된 내용을 효율적으로 정리하고 관리할 수 있도록 돕습니다. 이 프로젝트는 회의 내용을 자동으로 파싱하여 프로젝트 관리에 필요한 정보를 추출하고, 이를 통해 사용자들이 프로젝트를 보다 효과적으로 관리할 수 있도록 지원합니다. 타겟 사용자는 프로젝트 관리자, 팀 리더 및 회의 내용을 체계적으로 관리하고자 하는 모든 사람들입니다. 이 프로젝트는 사용자의 시간 절약과 효율적인 정보 관리를 주요 가치로 제공합니다.\",\n    \"core_features\": \"주요 기능으로는 회의 내용 자동 파싱, 프로젝트 관리에 필요한 정보 추출, 사용자 맞춤형 대시보드 제공, 실시간 협업 기능 등이 있습니다. 회의 내용 자동 파싱 기능은 회의 기록을 분석하여 주요 정보를 추출하고, 이를 프로젝트 관리에 필요한 형태로 변환합니다. 사용자 맞춤형 대시보드는 사용자가 원하는 정보만을 표시하여 관리 효율성을 높입니다.\",\n    \"user_experience\": \"사용자는 회의 내용을 업로드하고, 자동으로 파싱된 정보를 확인하며, 이를 기반으로 프로젝트를 관리합니다. 페르소나는 프로젝트 관리자와 팀 리더로 설정되며, 주요 플로우는 회의 내용 업로드, 정보 파싱 확인, 프로젝트 관리 순으로 진행됩니다. UI/UX 고려사항으로는 직관적인 인터페이스와 사용자 친화적인 디자인이 포함됩니다.\",\n    \"technical_architecture\": \"시스템 구성요소는 프론트엔드, 백엔드, 데이터베이스로 나뉘며, 데이터 모델은 회의 내용, 파싱된 정보, 사용자 설정 등을 포함합니다. API는 회의 내용 업로드 및 파싱 결과 조회 기능을 제공합니다. 인프라 요구사항으로는 안정적인 서버 환경과 데이터 보안이 필요합니다.\",\n    \"development_roadmap\": \"MVP 요구사항은 회의 내용 파싱 기능과 기본적인 프로젝트 관리 기능 구현입니다. 향후 개선사항으로는 고급 분석 기능과 사용자 맞춤형 대시보드 강화가 포함됩니다. 단계별 개발 범위는 초기 버전에서 핵심 기능 구현 후, 사용자 피드백을 반영하여 점진적으로 기능을 확장하는 방식입니다.\",\n    \"logical_dependency_chain\": \"개발 순서는 회의 내용 파싱 기능을 먼저 구현하고, 이후 프로젝트 관리 기능을 개발합니다. 기초 기능 우선순위는 파싱 정확도와 정보 추출 효율성에 중점을 둡니다. 점진적 개발 방식으로 초기 기능을 안정화한 후, 추가 기능을 단계적으로 통합합니다.\",\n    \"risks_and_mitigations\": \"기술적 도전으로는 자연어 처리 기술의 정확도와 성능 최적화가 있으며, 이를 위해 최신 NLP 기술을 도입하고 지속적인 성능 테스트를 진행합니다. MVP 정의는 핵심 기능 구현에 집중하며, 자원 제약사항으로는 개발 인력과 시간 관리가 있습니다.\",\n    \"appendix\": \"추가 정보로는 관련 연구 결과와 기술 사양이 포함되며, 이를 통해 프로젝트의 기술적 기반을 강화합니다.\"\n}\n```",
  "quality_metrics": {
    "final_score": 6.0,
    "is_production_ready": true,
    "iterations_used": 3,
    "is_high_quality": false
  },
  "metadata": {
    "source_file": "../batch_triplet_results\\result_IS1002b\\05_final_result.json",
    "utterance_count": 263,
    "transcript_length": 10439,
    "speakers": [
      "Speaker_B",
      "Speaker_D",
      "Speaker_C",
      "Speaker_A"
    ],
    "dataset_type": "train",
    "processing_date": "2025-07-31T13:24:54.538412"
  }
}