{
  "id": "train_058",
  "source_dir": "result_제22대국회 제427회(임시회) 제1차 법제사법위원회(전체회의) (2025.07.09.)",
  "notion_output": "```json\n{\n    \"project_name\": \"검찰개혁 법안 심사 및 실행 프로젝트\",\n    \"project_purpose\": \"검찰개혁을 통해 형사사법체계의 투명성과 효율성을 제고하고 국민의 권익을 보호\",\n    \"project_period\": \"2024.01.01 ~ 2024.12.31\",\n    \"project_manager\": \"이춘석 위원장\",\n    \"core_objectives\": [\n        \"목표 1: 검찰의 수사권과 기소권 분리를 통한 권력 분산\",\n        \"목표 2: 공소청 및 중대범죄수사청 신설로 수사 및 기소의 독립성 강화\",\n        \"목표 3: 국가수사위원회 설립을 통한 수사기관 간의 견제와 균형 확보\"\n    ],\n    \"core_idea\": \"검찰개혁을 통해 형사사법체계의 공정성과 효율성을 높이고, 국민의 인권을 보호하는 법적 기반 마련\",\n    \"idea_description\": \"검찰의 수사권과 기소권을 분리하여 수사기관의 독립성을 강화하고, 공소청 및 중대범죄수사청을 신설하여 수사 및 기소의 전문성을 높인다. 또한, 국가수사위원회를 설립하여 수사기관 간의 견제와 균형을 확보한다.\",\n    \"execution_plan\": \"1. 검찰개혁 법안 초안 작성 및 검토 (2024.01.01 ~ 2024.03.31)\\n2. 공청회 및 전문가 의견 수렴 (2024.04.01 ~ 2024.06.30)\\n3. 법안 수정 및 최종 확정 (2024.07.01 ~ 2024.09.30)\\n4. 국회 본회의 통과 및 시행 준비 (2024.10.01 ~ 2024.12.31)\",\n    \"expected_effects\": [\n        \"기대효과 1: 수사와 기소의 독립성을 강화하여 형사사법체계의 공정성 제고\",\n        \"기대효과 2: 수사기관 간의 견제와 균형을 통해 권력 남용 방지\",\n        \"기대효과 3: 국민의 인권 보호 및 법적 안정성 강화\"\n    ]\n}\n```",
  "prd_output": "```json\n{\n    \"overview\": \"파싱된 프로젝트는 회의 내용을 기반으로 프로젝트를 관리하고 추적하는 시스템입니다. 이 프로젝트는 회의에서 논의된 내용을 효과적으로 파악하고 이를 기반으로 프로젝트를 생성 및 관리하는 문제를 해결합니다. 타겟 사용자는 프로젝트 매니저, 팀 리더, 그리고 회의 주최자들입니다. 이 시스템은 회의 내용을 자동으로 파싱하여 프로젝트로 변환함으로써 시간 절약과 효율성을 제공합니다.\",\n    \"core_features\": \"1. 회의 내용 파싱: 회의에서 논의된 내용을 자동으로 인식하고 파싱하여 프로젝트로 변환합니다.\\n2. 프로젝트 생성 및 관리: 파싱된 내용을 기반으로 프로젝트를 생성하고, 이를 관리할 수 있는 기능을 제공합니다.\\n3. 실시간 업데이트: 회의 중에 변경된 내용을 실시간으로 반영하여 프로젝트에 업데이트합니다.\",\n    \"user_experience\": \"사용자는 회의가 끝난 후, 자동으로 생성된 프로젝트를 확인하고 필요한 수정 및 업데이트를 할 수 있습니다. 페르소나는 프로젝트 매니저와 팀 리더로 설정되며, 주요 플로우는 회의 내용 파싱 -> 프로젝트 생성 -> 관리 및 업데이트입니다. UI/UX는 직관적이고 사용하기 쉽게 설계됩니다.\",\n    \"technical_architecture\": \"시스템은 클라우드 기반으로 설계되며, 주요 구성 요소는 파싱 엔진, 데이터베이스, 사용자 인터페이스입니다. 데이터 모델은 회의 내용과 프로젝트 데이터를 저장할 수 있도록 설계되며, API는 외부 시스템과의 통합을 지원합니다. 인프라 요구사항은 확장성과 안정성을 고려하여 설계됩니다.\",\n    \"development_roadmap\": \"MVP 요구사항은 기본적인 회의 내용 파싱 및 프로젝트 생성 기능입니다. 향후 개선사항으로는 AI 기반의 파싱 정확도 향상, 사용자 맞춤형 대시보드 제공 등이 있습니다. 단계별 개발 범위는 초기 MVP 개발 -> 사용자 피드백 수집 -> 기능 개선 및 확장입니다.\",\n    \"logical_dependency_chain\": \"개발 순서는 파싱 엔진 개발 -> 프로젝트 생성 기능 구현 -> 사용자 인터페이스 개발 순으로 진행됩니다. 기초 기능 우선순위는 파싱 정확도와 실시간 업데이트 기능입니다. 점진적 개발 방식으로 각 기능을 단계적으로 구현합니다.\",\n    \"risks_and_mitigations\": \"기술적 도전은 파싱 정확도와 실시간 처리 능력입니다. MVP 정의는 기본적인 파싱 및 프로젝트 생성 기능을 포함합니다. 자원 제약사항은 개발 인력과 시간입니다. 이를 완화하기 위해 초기 단계에서 우선순위를 명확히 하고, 피드백을 통해 개선합니다.\",\n    \"appendix\": \"추가 정보로는 회의 내용 파싱에 대한 연구 결과와 기술 사양이 포함됩니다. 또한, 유사 프로젝트 사례와 비교 분석 자료가 제공됩니다.\"\n}\n```",
  "quality_metrics": {
    "final_score": 6.0,
    "is_production_ready": true,
    "iterations_used": 1,
    "is_high_quality": false
  },
  "metadata": {
    "source_file": "../batch_triplet_results\\result_제22대국회 제427회(임시회) 제1차 법제사법위원회(전체회의) (2025.07.09.)\\05_final_result.json",
    "utterance_count": 840,
    "transcript_length": 51305,
    "speakers": [
      "박준태 위원",
      "진술인 김예원",
      "서영교 위원",
      "박지원 위원",
      "박희승 위원",
      "박은정 위원",
      "곽규택 위원",
      "이성윤 위원",
      "송석준 위원",
      "법원행정처장 천대엽",
      "진술인 김종민",
      "김용민 위원",
      "진술인 황문규",
      "위원장 이춘석",
      "진술인 김필성",
      "법무부장관직무대행 이진수",
      "전현희 위원",
      "장경태 위원",
      "조배숙 위원",
      "주진우 위원",
      "김기표 위원",
      "박균택 위원",
      "신동욱 위원",
      "장동혁 위원",
      "위원장대리 김용민"
    ],
    "dataset_type": "train",
    "processing_date": "2025-07-31T11:57:59.508375"
  }
}