{
  "id": "train_242",
  "source_dir": "result_Bro015_processed",
  "notion_output": "```json\n{\n    \"project_name\": \"음성 인식 시스템 최적화 프로젝트\",\n    \"project_purpose\": \"스펙트럼 분석 및 데이터 정리, 팀 구성 강화를 통해 음성 인식 시스템의 성능을 최적화하고, 새로운 실험 기회를 창출\",\n    \"project_period\": \"2024.06.01 ~ 2024.08.31\",\n    \"project_manager\": \"Speaker_C\",\n    \"core_objectives\": [\n        \"목표 1: 가우시안의 개수를 상태의 개수로 늘려 음성 인식 정확도 향상\",\n        \"목표 2: SpeechDat - Car 데이터의 정리 및 VAD 적용으로 데이터 처리 효율성 증대\",\n        \"목표 3: 스펙트럼 뺄셈 접근 방식과 기존 접근 방식의 조합을 통한 최적화\",\n        \"목표 4: 새로운 사무실 동료를 통해 팀의 역량 강화 및 프로젝트 효율성 증대\"\n    ],\n    \"core_idea\": \"가우시안 상태 변형, 데이터 정리, 팀 구성 강화를 통한 음성 인식 시스템 개선\",\n    \"idea_description\": \"가우시안의 개수를 조정하여 상태당 더 많은 정보를 처리하고, 데이터 정리를 통해 노이즈를 줄이며, 새로운 사무실 동료를 통해 팀의 역량을 강화하여 음성 인식의 정확도를 높이는 것을 목표로 합니다.\",\n    \"execution_plan\": [\n        {\n            \"단계\": \"1단계\",\n            \"내용\": \"가우시안 상태 변형 실험 설계 및 새로운 팀원 영입\",\n            \"기간\": \"2024.06.01 ~ 2024.06.30\",\n            \"세부사항\": [\n                \"가우시안 상태 변형 실험 설계\",\n                \"새로운 팀원 영입 및 역할 정의\"\n            ]\n        },\n        {\n            \"단계\": \"2단계\",\n            \"내용\": \"SpeechDat - Car 데이터 정리 및 VAD 적용\",\n            \"기간\": \"2024.07.01 ~ 2024.07.31\",\n            \"세부사항\": [\n                \"데이터 정리 및 VAD 적용\",\n                \"데이터 처리 효율성 평가\"\n            ]\n        },\n        {\n            \"단계\": \"3단계\",\n            \"내용\": \"스펙트럼 뺄셈 접근 방식과 기존 접근 방식의 조합을 통한 최적화 및 결과 분석\",\n            \"기간\": \"2024.08.01 ~ 2024.08.31\",\n            \"세부사항\": [\n                \"스펙트럼 뺄셈 접근 방식과 기존 접근 방식의 조합 실험\",\n                \"결과 분석 및 보고서 작성\"\n            ]\n        }\n    ],\n    \"expected_effects\": [\n        \"기대효과 1: 음성 인식 시스템의 정확도 10% 향상\",\n        \"기대효과 2: 데이터 정리로 인한 처리 속도 15% 개선\",\n        \"기대효과 3: 새로운 실험을 통한 추가적인 연구 기회 창출\",\n        \"기대효과 4: 새로운 팀원 영입으로 인한 팀 역량 강화 및 프로젝트 효율성 증대\"\n    ],\n    \"additional_notes\": [\n        \"회의에서 논의된 '스펙트럼 뺄셈 접근 방식과 기존 접근 방식의 조합'에 대한 구체적인 실험 설계 필요\",\n        \"새로운 사무실 동료의 역할과 기대되는 기여도 명확히 정의 필요\",\n        \"회의록에서 언급된 다양한 변형 실험 기회를 통해 더 많은 실험을 계획할 것\"\n    ]\n}\n```",
  "prd_output": "```json\n{\n    \"overview\": \"파싱된 프로젝트는 회의 내용을 기반으로 프로젝트를 관리하고 조직화하는 도구입니다. 이 프로젝트는 회의 중 논의된 내용을 체계적으로 정리하여 프로젝트 관리에 활용하는 문제를 해결합니다. 타겟 사용자는 프로젝트 매니저, 팀 리더, 그리고 회의 주최자입니다. 이 도구는 회의 내용을 효과적으로 파악하고 프로젝트 진행 상황을 추적하는 데 가치를 제공합니다.\",\n    \"core_features\": \"1. 회의 내용 자동 파싱: 회의 중 논의된 내용을 자동으로 파싱하여 프로젝트에 반영합니다. 2. 프로젝트 생성 및 관리: 파싱된 내용을 기반으로 프로젝트를 생성하고 관리할 수 있습니다. 3. 목표 추적: 설정된 목표를 기반으로 프로젝트 진행 상황을 추적합니다.\",\n    \"user_experience\": \"사용자는 회의 내용을 입력하고, 자동으로 생성된 프로젝트를 확인하며, 목표와 진행 상황을 추적할 수 있습니다. 주요 페르소나는 프로젝트 매니저로, 회의 후 빠르게 프로젝트를 설정하고 팀과 공유하는 흐름을 경험합니다. UI/UX는 직관적이고 사용자가 쉽게 접근할 수 있도록 설계됩니다.\",\n    \"technical_architecture\": \"시스템은 클라이언트-서버 아키텍처로 구성되며, 데이터 모델은 회의 내용, 프로젝트, 목표 등으로 구성됩니다. API는 회의 내용 파싱 및 프로젝트 생성 기능을 지원하며, 인프라는 클라우드 기반으로 확장성을 고려합니다.\",\n    \"development_roadmap\": \"MVP는 회의 내용 파싱 및 프로젝트 생성 기능을 포함하며, 이후 목표 추적 및 팀 협업 기능이 추가될 예정입니다. 단계별로 기능을 확장하여 최종적으로 완전한 프로젝트 관리 도구로 발전시킵니다.\",\n    \"logical_dependency_chain\": \"1. 회의 내용 파싱 기능 개발 2. 프로젝트 생성 기능 개발 3. 목표 추적 기능 개발 4. 팀 협업 기능 개발. 기초 기능인 회의 내용 파싱과 프로젝트 생성이 우선 개발되어야 합니다.\",\n    \"risks_and_mitigations\": \"기술적 도전은 자연어 처리 기술의 정확성입니다. MVP는 핵심 기능인 회의 내용 파싱과 프로젝트 생성에 집중합니다. 자원 제약사항은 개발 인력과 시간으로, 초기 단계에서는 최소 기능에 집중하여 완화합니다.\",\n    \"appendix\": \"추가 정보로는 자연어 처리 기술 연구 결과와 프로젝트 관리 도구 시장 분석 자료가 포함됩니다.\"\n}\n```",
  "quality_metrics": {
    "final_score": 6.0,
    "is_production_ready": true,
    "iterations_used": 3,
    "is_high_quality": false
  },
  "metadata": {
    "source_file": "../batch_triplet_results\\result_Bro015_processed\\05_final_result.json",
    "utterance_count": 61,
    "transcript_length": 2048,
    "speakers": [
      "Speaker_F",
      "Speaker_A",
      "Speaker_B",
      "Speaker_E",
      "Speaker_D",
      "Speaker_C"
    ],
    "dataset_type": "train",
    "processing_date": "2025-07-31T15:33:18.648745"
  }
}