{
  "id": "train_083",
  "source_dir": "result_Bro016_processed",
  "notion_output": "```json\n{\n    \"project_name\": \"오로라 및 ICSI 시스템 성능 최적화 및 기술 보고서 프로젝트\",\n    \"project_purpose\": \"오로라 및 ICSI 시스템의 성능을 최적화하고, 기술 보고서를 통해 결과를 체계적으로 정리 및 공유\",\n    \"project_period\": \"2024.01.01 ~ 2024.03.31\",\n    \"project_manager\": \"Speaker_F\",\n    \"core_objectives\": [\n        \"목표 1: 오로라 시스템의 삽입 페널티 및 스케일링 요소 조정으로 성능 최적화\",\n        \"목표 2: SRI 시스템과 탠덤 시스템의 비교 및 최적화 방안 도출\",\n        \"목표 3: 성도 정상화 관련 기술적 세부 사항 분석 및 적용\",\n        \"목표 4: ICSI 기술 보고서의 체계적 작성 및 결과 분석\"\n    ],\n    \"core_idea\": \"오로라 및 ICSI 시스템의 성능을 최적화하고, 기술 보고서를 통해 결과를 체계적으로 정리 및 공유\",\n    \"idea_description\": \"오로라와 ICSI 시스템의 삽입 페널티 및 스케일링 요소를 조정하여 성능을 최적화하고, SRI 시스템과 탠덤 시스템의 비교를 통해 최적화 방안을 도출하며, 성도 정상화 관련 기술적 세부 사항을 분석하여 적용합니다. 이를 기반으로 기술 보고서를 작성하여 결과를 분석 및 공유합니다.\",\n    \"execution_plan\": [\n        \"1단계: 현재 시스템의 성능 분석 및 문제점 파악 (2024.01.01 ~ 2024.01.15)\",\n        \"2단계: 삽입 페널티 및 스케일링 요소 조정 실험 (2024.01.16 ~ 2024.02.15)\",\n        \"3단계: SRI 시스템과 탠덤 시스템의 비교 실험 및 분석 (2024.02.16 ~ 2024.02.28)\",\n        \"4단계: 성도 정상화 관련 기술적 세부 사항 분석 및 적용 (2024.03.01 ~ 2024.03.10)\",\n        \"5단계: 실험 결과 분석 및 기술 보고서 작성 (2024.03.11 ~ 2024.03.25)\",\n        \"6단계: 최종 보고서 제출 및 결과 공유 (2024.03.26 ~ 2024.03.31)\"\n    ],\n    \"expected_effects\": [\n        \"기대효과 1: 오로라 시스템의 삽입 오류 감소 및 성능 향상\",\n        \"기대효과 2: SRI 시스템과 탠덤 시스템의 비교를 통한 최적화 방안 도출\",\n        \"기대효과 3: 성도 정상화 기술의 적용을 통한 시스템의 안정성 및 정확성 개선\",\n        \"기대효과 4: ICSI 기술 보고서를 통한 체계적 결과 분석 및 공유\"\n    ],\n    \"detailed_experiments\": [\n        \"실험 1: 삽입 페널티 값의 조정 및 그에 따른 성능 변화 분석\",\n        \"실험 2: 스케일링 요소의 조정 및 최적화된 값 도출\",\n        \"실험 3: SRI 시스템과 탠덤 시스템의 성능 비교 및 최적화 전략 수립\",\n        \"실험 4: 성도 정상화 기술의 적용 및 그에 따른 성능 개선 분석\"\n    ],\n    \"additional_notes\": [\n        \"회의에서 논의된 삽입 페널티와 스케일링 요소에 대한 구체적인 실험 계획을 추가\",\n        \"프로젝트의 각 단계별 세부 실행 계획을 더 구체적으로 작성\",\n        \"기대 효과에 대한 구체적인 수치나 목표를 제시하여 실무 활용성을 높임\"\n    ]\n}\n```",
  "prd_output": "```json\n{\n    \"overview\": \"파싱된 프로젝트는 회의 내용을 기반으로 프로젝트를 생성하는 것을 목표로 합니다. 이 프로젝트는 회의에서 논의된 아이디어와 결정을 체계적으로 정리하고, 이를 바탕으로 프로젝트를 자동으로 생성하여 관리의 효율성을 높입니다. 타겟 사용자는 회의를 자주 진행하는 팀 리더 및 프로젝트 매니저로, 이 솔루션을 통해 회의 후속 작업을 간소화하고 프로젝트 관리의 정확성을 높일 수 있습니다.\",\n    \"core_features\": \"1. 회의 내용 자동 파싱: 회의 중 논의된 내용을 실시간으로 파싱하여 프로젝트에 반영합니다. 2. 프로젝트 자동 생성: 파싱된 내용을 바탕으로 프로젝트를 자동으로 생성하고, 관련된 작업 항목을 생성합니다. 3. 실시간 업데이트: 회의 중 변경사항이 있을 경우 실시간으로 프로젝트에 반영됩니다.\",\n    \"user_experience\": \"사용자는 회의 중에 간단한 인터페이스를 통해 회의 내용을 기록합니다. 이후 시스템은 자동으로 내용을 파싱하여 프로젝트를 생성하고, 사용자는 생성된 프로젝트를 검토 및 수정할 수 있습니다. 주요 페르소나는 프로젝트 매니저로, 회의 후속 작업을 간소화하고 프로젝트의 정확성을 높이는 데 중점을 둡니다.\",\n    \"technical_architecture\": \"시스템은 음성 인식 및 자연어 처리(NLP) 기술을 활용하여 회의 내용을 파싱합니다. 데이터 모델은 회의 내용, 프로젝트 항목, 작업 항목을 포함하며, API를 통해 다른 프로젝트 관리 도구와 통합됩니다. 인프라는 클라우드 기반으로 구축되어 확장성과 안정성을 보장합니다.\",\n    \"development_roadmap\": \"MVP는 회의 내용 파싱 및 프로젝트 자동 생성 기능을 포함합니다. 이후 단계에서는 사용자 피드백을 반영하여 기능을 개선하고, 다양한 프로젝트 관리 도구와의 통합을 강화할 예정입니다.\",\n    \"logical_dependency_chain\": \"초기 단계에서는 음성 인식 및 NLP 기능을 우선 개발하며, 이후 프로젝트 생성 및 관리 기능을 개발합니다. 점진적으로 통합 기능을 추가하여 완성도를 높입니다.\",\n    \"risks_and_mitigations\": \"기술적 도전은 음성 인식 및 NLP의 정확성 확보입니다. 이를 위해 다양한 데이터셋을 활용한 학습과 테스트를 진행합니다. 자원 제약사항으로는 개발 인력과 시간의 제한이 있으며, 이를 해결하기 위해 우선순위를 명확히 하고 단계별 개발을 진행합니다.\",\n    \"appendix\": \"추가 정보로는 음성 인식 및 NLP 기술에 대한 연구 결과와 관련 기술 사양이 포함됩니다.\"\n}\n```",
  "quality_metrics": {
    "final_score": 6.0,
    "is_production_ready": true,
    "iterations_used": 3,
    "is_high_quality": false
  },
  "metadata": {
    "source_file": "../batch_triplet_results\\result_Bro016_processed\\05_final_result.json",
    "utterance_count": 475,
    "transcript_length": 15959,
    "speakers": [
      "Speaker_F",
      "Speaker_A",
      "Speaker_B",
      "Speaker_E",
      "Speaker_D",
      "Speaker_C"
    ],
    "dataset_type": "train",
    "processing_date": "2025-07-31T12:26:44.067038"
  }
}