{
  "id": "train_050",
  "source_dir": "result_Bed012_processed",
  "notion_output": "```json\n{\n    \"project_name\": \"베이즈넷 기반 상황 인식 및 의사결정 시스템 개발\",\n    \"project_purpose\": \"베이즈넷을 활용하여 다양한 상황에서의 의사결정을 지원하고, 사용자 맞춤형 솔루션을 제공하는 시스템 개발\",\n    \"project_period\": \"2025.01.01 ~ 2025.06.30\",\n    \"project_manager\": \"바스카라\",\n    \"core_objectives\": [\n        \"목표 1: 베이즈넷을 활용한 상황 인식 알고리즘 개발 및 구체적 활용 사례 구현\",\n        \"목표 2: XML 스키마를 통한 입력 데이터 구조화 및 기술적 세부사항 구현\",\n        \"목표 3: 사용자 및 상황 벡터를 기반으로 한 의사결정 모델 구축 및 테스트\",\n        \"목표 4: 회의에서 논의된 구체적인 활용 사례를 시스템 설계에 반영\"\n    ],\n    \"core_idea\": \"베이즈넷을 활용하여 다양한 상황에서의 의사결정을 지원하는 시스템을 개발\",\n    \"idea_description\": \"베이즈넷을 통해 다양한 입력 데이터를 구조화하고, 이를 기반으로 상황을 인식하여 최적의 의사결정을 내릴 수 있는 시스템을 개발합니다. XML 스키마를 활용하여 입력 데이터를 표준화하고, 사용자와 상황 벡터를 통해 의사결정의 정확성을 높입니다. 특히, 회의에서 논의된 구체적인 활용 사례를 반영하여 시스템의 실효성을 높입니다.\",\n    \"execution_plan\": [\n        {\n            \"단계\": \"1단계\",\n            \"활동\": \"요구사항 분석 및 시스템 설계\",\n            \"세부활동\": [\n                \"회의록에서 논의된 베이즈넷 활용 사례 분석\",\n                \"XML 스키마 관련 기술적 세부사항 정의\"\n            ],\n            \"기간\": \"2025.01.01 ~ 2025.02.15\",\n            \"책임자\": \"바스카라\"\n        },\n        {\n            \"단계\": \"2단계\",\n            \"활동\": \"베이즈넷 알고리즘 개발 및 테스트\",\n            \"세부활동\": [\n                \"베이즈넷 구조 설계 및 구현\",\n                \"의사결정 노드 및 사후 확률 계산 모듈 개발\"\n            ],\n            \"기간\": \"2025.02.16 ~ 2025.04.15\",\n            \"책임자\": \"바스카라\"\n        },\n        {\n            \"단계\": \"3단계\",\n            \"활동\": \"XML 스키마 설계 및 데이터 구조화\",\n            \"세부활동\": [\n                \"표준 XML 스키마 설계\",\n                \"데이터 입력 및 변환 테스트\"\n            ],\n            \"기간\": \"2025.04.16 ~ 2025.05.15\",\n            \"책임자\": \"바스카라\"\n        },\n        {\n            \"단계\": \"4단계\",\n            \"활동\": \"사용자 및 상황 벡터 기반 의사결정 모델 구축 및 테스트\",\n            \"세부활동\": [\n                \"사용자 벡터 및 상황 벡터 정의\",\n                \"모델 테스트 및 피드백 반영\"\n            ],\n            \"기간\": \"2025.05.16 ~ 2025.06.15\",\n            \"책임자\": \"바스카라\"\n        },\n        {\n            \"단계\": \"5단계\",\n            \"활동\": \"시스템 통합 및 최종 테스트\",\n            \"세부활동\": [\n                \"모듈 통합 및 시스템 안정성 테스트\",\n                \"최종 사용자 피드백 수집 및 개선\"\n            ],\n            \"기간\": \"2025.06.16 ~ 2025.06.30\",\n            \"책임자\": \"바스카라\"\n        }\n    ],\n    \"expected_effects\": [\n        \"기대효과 1: 다양한 상황에서의 의사결정 정확도 향상\",\n        \"기대효과 2: 데이터 입력의 표준화를 통한 처리 효율성 증가\",\n        \"기대효과 3: 사용자 맞춤형 의사결정 지원으로 사용자 만족도 향상\"\n    ],\n    \"additional_details\": {\n        \"베이즈넷 활용 사례\": \"회의에서 논의된 베이즈넷의 활용 사례를 구체적으로 반영하여 시스템 설계에 적용\",\n        \"XML 스키마 기술적 세부사항\": \"회의에서 언급된 XML 스키마의 구체적인 기술적 세부사항을 반영하여 데이터 구조화\"\n    }\n}\n```",
  "prd_output": "```json\n{\n    \"overview\": \"파싱된 프로젝트는 회의 내용을 기반으로 프로젝트를 생성하는 시스템입니다. 이 프로젝트는 회의에서 논의된 내용을 자동으로 파싱하여 프로젝트 관리에 필요한 정보를 생성하고, 이를 통해 사용자들이 회의 후 즉시 프로젝트를 시작할 수 있도록 돕습니다. 타겟 사용자는 회의 후 프로젝트 관리가 필요한 팀 및 조직이며, 이 시스템은 시간 절약과 효율적인 프로젝트 관리를 통해 가치를 제공합니다.\",\n    \"core_features\": \"1. 자동 파싱: 회의 내용을 자동으로 분석하여 프로젝트 관련 정보를 추출합니다. 2. 프로젝트 생성: 파싱된 정보를 바탕으로 프로젝트를 자동으로 생성합니다. 3. 사용자 맞춤형 대시보드: 사용자에게 맞춤형 대시보드를 제공하여 프로젝트 진행 상황을 쉽게 파악할 수 있도록 합니다.\",\n    \"user_experience\": \"사용자는 회의가 끝난 후 시스템에 회의 내용을 입력합니다. 시스템은 이를 분석하여 프로젝트를 생성하고, 사용자에게 대시보드를 통해 프로젝트 진행 상황을 제공합니다. 주요 페르소나는 프로젝트 매니저와 팀 리더이며, UI/UX는 직관적이고 사용하기 쉬운 인터페이스를 목표로 합니다.\",\n    \"technical_architecture\": \"시스템은 클라우드 기반으로 설계되며, 데이터 모델은 회의 내용, 프로젝트 정보, 사용자 데이터를 포함합니다. API는 외부 회의 기록 시스템과의 통합을 지원하며, 인프라는 AWS를 기반으로 구성됩니다.\",\n    \"development_roadmap\": \"MVP는 자동 파싱 및 프로젝트 생성 기능을 포함하며, 이후 사용자 맞춤형 대시보드와 외부 시스템 통합 기능을 추가할 예정입니다. 단계별로 기능을 확장하여 사용자 피드백을 반영한 개선을 지속적으로 진행합니다.\",\n    \"logical_dependency_chain\": \"1. 자동 파싱 기능 개발 2. 프로젝트 생성 기능 개발 3. 사용자 대시보드 개발 4. 외부 시스템 통합 기능 개발. 각 단계는 이전 단계의 기능을 기반으로 하여 점진적으로 개발됩니다.\",\n    \"risks_and_mitigations\": \"기술적 도전은 자연어 처리의 정확성 확보이며, 이를 위해 최신 NLP 기술을 활용합니다. MVP는 핵심 기능에 집중하여 빠르게 시장에 출시하고, 자원 제약사항은 클라우드 인프라를 통해 완화합니다.\",\n    \"appendix\": \"추가 정보로는 자연어 처리 기술 연구 결과와 시스템 아키텍처 다이어그램이 포함됩니다.\"\n}\n```",
  "quality_metrics": {
    "final_score": 6.0,
    "is_production_ready": true,
    "iterations_used": 3,
    "is_high_quality": false
  },
  "metadata": {
    "source_file": "../batch_triplet_results\\result_Bed012_processed\\05_final_result.json",
    "utterance_count": 520,
    "transcript_length": 17585,
    "speakers": [
      "Speaker_B",
      "Speaker_D",
      "Speaker_C",
      "Speaker_A"
    ],
    "dataset_type": "train",
    "processing_date": "2025-07-31T11:45:02.280340"
  }
}