{
  "id": "train_142",
  "source_dir": "result_Bmr002_processed",
  "notion_output": "```json\n{\n    \"project_name\": \"회의 녹음 및 전사 자동화 시스템 개발 프로젝트\",\n    \"project_purpose\": \"회의 중 다양한 마이크와 채널을 통해 수집된 음성을 자동으로 녹음하고 전사하여 정보의 효율적인 관리 및 분석을 지원\",\n    \"project_period\": \"2024.01.01 ~ 2024.06.30\",\n    \"project_manager\": \"제인\",\n    \"core_objectives\": [\n        \"목표 1: 다양한 마이크와 채널을 활용한 회의 녹음 시스템 구축 및 테스트\",\n        \"목표 2: 자동 전사 소프트웨어 개발 및 채널별 데이터 통합\",\n        \"목표 3: 전사 데이터의 정확성 및 효율성 향상\"\n    ],\n    \"core_idea\": \"회의 내용을 자동으로 녹음하고 전사하여 정보의 효율적인 관리 및 분석을 가능하게 함\",\n    \"idea_description\": \"회의 중 사용되는 다양한 마이크와 채널을 통해 수집된 음성을 자동으로 녹음하고, 이를 전사하여 데이터베이스에 저장함으로써 회의 후 필요한 정보를 쉽게 검색하고 분석할 수 있도록 지원하는 시스템 개발\",\n    \"execution_plan\": [\n        \"1단계 (2024.01.01 ~ 2024.02.28): 회의 녹음 시스템 설계 및 하드웨어 설치 - 다양한 마이크(무선 헤드셋, 라펠 마이크 등)와 채널 설정을 포함하여 시스템을 설계하고 설치\",\n        \"2단계 (2024.03.01 ~ 2024.04.30): 자동 전사 소프트웨어 개발 및 테스트 - PZM 마이크와 같은 특정 하드웨어와의 통합 테스트 포함\",\n        \"3단계 (2024.05.01 ~ 2024.06.30): 시스템 통합 및 최종 테스트, 사용자 교육 및 피드백 수집 - 사용자 피드백을 통해 시스템 개선 및 최적화\"\n    ],\n    \"expected_effects\": [\n        \"기대효과 1: 회의 기록의 자동화로 인한 시간 절약 및 인력 비용 절감\",\n        \"기대효과 2: 전사 데이터의 정확성 향상으로 인한 정보 검색 및 분석 효율성 증대\",\n        \"기대효과 3: 회의 후속 작업의 간소화 및 의사결정 지원 강화\",\n        \"기대효과 4: 다양한 마이크와 채널을 통한 고품질 음성 데이터 수집으로 인한 분석 정확도 향상\"\n    ],\n    \"technical_details\": [\n        \"마이크 및 채널: 무선 헤드셋, 라펠 마이크, PZM 마이크 등 다양한 장비 사용\",\n        \"소프트웨어 솔루션: 자동 전사 소프트웨어 및 데이터 통합 시스템 개발\",\n        \"하드웨어 솔루션: 다채널 오디오 인터페이스 및 녹음 장치 설치\"\n    ],\n    \"additional_notes\": [\n        \"회의록에서 언급된 다양한 마이크와 채널의 기술적 세부사항을 반영하여 시스템 설계\",\n        \"회의 중 언급된 소프트웨어 및 하드웨어 솔루션을 검토하여 최적의 시스템 구성\"\n    ]\n}\n```",
  "prd_output": "```json\n{\n    \"overview\": \"파싱된 프로젝트는 회의 내용을 기반으로 프로젝트를 관리하는 시스템입니다. 이 프로젝트는 회의에서 논의된 내용을 체계적으로 정리하고, 이를 바탕으로 프로젝트를 효과적으로 관리할 수 있도록 돕습니다. 타겟 사용자는 회의를 자주 진행하는 기업 및 팀으로, 이 시스템을 통해 회의 후속 작업을 효율적으로 처리할 수 있습니다. 가치 제안은 회의 내용을 자동으로 파싱하고, 이를 기반으로 프로젝트의 핵심 목표와 실행 계획을 수립하는 것입니다.\",\n    \"core_features\": \"1. 회의 내용 파싱: 회의에서 논의된 내용을 자동으로 텍스트로 변환하고, 이를 분석하여 주요 주제를 추출합니다. 2. 프로젝트 생성: 파싱된 내용을 기반으로 프로젝트를 자동 생성하고, 핵심 목표와 실행 계획을 설정합니다. 3. 목표 추적: 설정된 목표의 진행 상황을 실시간으로 추적하고, 필요한 경우 알림을 제공합니다.\",\n    \"user_experience\": \"사용자는 회의가 끝난 후 시스템에 회의 녹음을 업로드합니다. 시스템은 이를 자동으로 파싱하여 주요 내용을 추출하고, 사용자는 이를 확인하여 프로젝트를 생성합니다. 페르소나는 프로젝트 매니저와 팀 리더로, 이들은 직관적인 UI를 통해 쉽게 프로젝트를 관리할 수 있습니다. 주요 플로우는 회의 녹음 업로드 -> 파싱 결과 확인 -> 프로젝트 생성 및 목표 설정입니다.\",\n    \"technical_architecture\": \"시스템은 클라우드 기반으로 운영되며, 음성 인식 API를 사용하여 회의 내용을 텍스트로 변환합니다. 데이터 모델은 회의, 프로젝트, 목표 등의 엔티티로 구성되며, 각 엔티티는 관계형 데이터베이스에 저장됩니다. 인프라 요구사항으로는 안정적인 클라우드 서버와 음성 인식 API의 연동이 필요합니다.\",\n    \"development_roadmap\": \"MVP는 회의 내용 파싱 및 프로젝트 생성 기능을 포함합니다. 향후 개선사항으로는 다국어 지원, 사용자 맞춤형 알림 기능 추가 등이 있으며, 단계별로 기능을 확장해 나갈 예정입니다.\",\n    \"logical_dependency_chain\": \"개발 순서는 음성 인식 기능 구현 -> 파싱 알고리즘 개발 -> 프로젝트 생성 기능 구현의 순서로 진행됩니다. 기초 기능은 음성 인식과 파싱이며, 이를 기반으로 점진적으로 프로젝트 관리 기능을 확장합니다.\",\n    \"risks_and_mitigations\": \"기술적 도전은 음성 인식의 정확도와 파싱 알고리즘의 효율성입니다. MVP 정의는 회의 내용의 기본적인 파싱과 프로젝트 생성 기능으로, 자원 제약사항으로는 음성 인식 API 사용 비용이 있습니다.\",\n    \"appendix\": \"추가 정보로는 음성 인식 기술의 최신 연구 결과와 파싱 알고리즘의 기술 사양이 포함됩니다.\"\n}\n```",
  "quality_metrics": {
    "final_score": 6.0,
    "is_production_ready": true,
    "iterations_used": 2,
    "is_high_quality": false
  },
  "metadata": {
    "source_file": "../batch_triplet_results\\result_Bmr002_processed\\05_final_result.json",
    "utterance_count": 1034,
    "transcript_length": 32470,
    "speakers": [
      "Speaker_A",
      "Speaker_B",
      "Speaker_D",
      "Speaker_C"
    ],
    "dataset_type": "train",
    "processing_date": "2025-07-31T13:37:49.369295"
  }
}