{
  "id": "train_170",
  "source_dir": "result_Bns001_processed",
  "notion_output": "```json\n{\n    \"project_name\": \"UMTS 및 GSM 통합 모바일 통신 최적화 프로젝트\",\n    \"project_purpose\": \"UMTS와 GSM 환경에서의 통합 모바일 통신 최적화를 통해 사용자 경험을 향상시키고 서비스 품질을 개선하는 것\",\n    \"project_period\": \"2024.01.01 ~ 2024.06.30\",\n    \"project_manager\": \"Wilbert\",\n    \"core_objectives\": [\n        \"목표 1: UMTS와 GSM 간의 원활한 핸드오프 구현 및 테스트\",\n        \"목표 2: UMTS 환경에서의 서비스 품질(QoS) 향상 및 대역폭 관리 최적화\",\n        \"목표 3: UMTS 기반의 새로운 애플리케이션 개발 및 시장 출시\"\n    ],\n    \"core_idea\": \"UMTS 및 GSM 네트워크의 잠재력을 최대한 활용하여 모바일 통신의 효율성과 사용자 만족도를 높이는 것\",\n    \"idea_description\": \"UMTS와 GSM 기술을 통합하여 모바일 통신 시스템을 최적화하고, 대역폭 관리 및 핸드오프 기술을 개선하여 서비스 품질(QoS)을 향상시킨다. 이를 통해 사용자에게 향상된 모바일 경험을 제공하고, 새로운 애플리케이션을 개발하여 시장에 출시한다.\",\n    \"execution_plan\": [\n        {\n            \"phase\": \"1단계\",\n            \"description\": \"UMTS와 GSM 간의 핸드오프 기술 연구 및 개발\",\n            \"details\": \"핸드오프 기술의 구체적인 프로토콜 및 알고리즘을 연구하여 UMTS와 GSM 간의 원활한 전환을 구현한다.\",\n            \"timeline\": \"2024.01.01 ~ 2024.02.28\"\n        },\n        {\n            \"phase\": \"2단계\",\n            \"description\": \"서비스 품질(QoS) 향상을 위한 대역폭 관리 시스템 구축\",\n            \"details\": \"UMTS 환경에서의 대역폭 관리 최적화를 통해 QoS를 향상시키는 시스템을 개발한다.\",\n            \"timeline\": \"2024.03.01 ~ 2024.04.30\"\n        },\n        {\n            \"phase\": \"3단계\",\n            \"description\": \"UMTS 기반의 새로운 애플리케이션 개발 및 테스트\",\n            \"details\": \"UMTS 네트워크를 활용한 새로운 애플리케이션을 개발하고, 시장 출시를 위한 테스트를 진행한다.\",\n            \"timeline\": \"2024.05.01 ~ 2024.06.30\"\n        }\n    ],\n    \"expected_effects\": [\n        \"기대효과 1: UMTS 환경에서의 통신 품질 향상으로 사용자 만족도 증가\",\n        \"기대효과 2: 새로운 애플리케이션 출시로 인한 시장 점유율 확대\",\n        \"기대효과 3: UMTS와 GSM 간의 원활한 전환으로 인한 서비스 지속성 강화\"\n    ],\n    \"technical_details\": {\n        \"handoff_technology\": \"UMTS와 GSM 간의 핸드오프 기술은 특정 프로토콜을 기반으로 하며, 이를 통해 사용자 경험을 개선한다.\",\n        \"bandwidth_management\": \"대역폭 관리 시스템은 UMTS 환경에서의 효율적인 자원 할당을 통해 QoS를 최적화한다.\",\n        \"application_development\": \"새로운 애플리케이션은 UMTS 네트워크의 특성을 최대한 활용하여 개발되며, 사용자 피드백을 반영한 테스트를 거친다.\"\n    },\n    \"additional_notes\": \"회의에서 논의된 UMTS와 관련된 기술적 세부사항을 반영하여 프로젝트 계획을 구체화하였으며, 실행 계획에 대한 구체적인 단계와 기술적 세부사항을 추가하여 실무 활용성을 높였습니다.\"\n}\n```",
  "prd_output": "```json\n{\n    \"overview\": \"파싱된 프로젝트는 회의 내용을 기반으로 프로젝트를 관리하는 시스템입니다. 이 프로젝트는 회의 중 논의된 사항을 체계적으로 정리하고, 이를 바탕으로 프로젝트를 효율적으로 관리할 수 있도록 돕습니다. 타겟 사용자는 주로 프로젝트 매니저와 팀 리더로, 회의 내용을 효과적으로 기록하고 활용하여 프로젝트 진행을 최적화하는 데 가치를 제공합니다.\",\n    \"core_features\": \"1. 회의 내용 자동 파싱: 회의 중 논의된 내용을 자동으로 텍스트로 변환하고, 이를 구조화하여 저장합니다. 2. 프로젝트 생성 및 관리: 파싱된 내용을 기반으로 프로젝트를 생성하고, 진행 상황을 추적할 수 있습니다. 3. 알림 및 리마인더: 중요한 일정이나 마감일을 사용자에게 알립니다.\",\n    \"user_experience\": \"사용자는 회의가 끝난 후 자동으로 생성된 프로젝트 개요를 확인하고, 필요한 경우 세부 사항을 수정할 수 있습니다. 페르소나는 프로젝트 매니저와 팀 리더로, 주요 플로우는 회의 종료 후 프로젝트 생성 및 관리입니다. UI/UX는 직관적이고 사용하기 쉬운 인터페이스를 제공하여 사용자가 빠르게 적응할 수 있도록 설계됩니다.\",\n    \"technical_architecture\": \"시스템은 클라우드 기반으로 설계되며, 데이터 모델은 회의 내용, 프로젝트 정보, 사용자 데이터를 포함합니다. API는 외부 회의 소프트웨어와의 연동을 지원하며, 인프라는 확장성을 고려하여 설계됩니다.\",\n    \"development_roadmap\": \"MVP 요구사항은 회의 내용 파싱 및 프로젝트 생성 기능입니다. 이후 단계에서는 알림 기능과 외부 소프트웨어 연동을 추가할 예정입니다. 단계별 개발 범위는 초기 버전에서 핵심 기능을 구현하고, 사용자 피드백을 반영하여 점진적으로 개선합니다.\",\n    \"logical_dependency_chain\": \"개발 순서는 회의 내용 파싱 기능을 먼저 구현하고, 이후 프로젝트 생성 및 관리 기능을 추가합니다. 기초 기능 우선순위는 파싱 기능이며, 이후 점진적으로 알림 및 연동 기능을 개발합니다.\",\n    \"risks_and_mitigations\": \"기술적 도전은 회의 내용을 정확하게 파싱하는 알고리즘 개발입니다. MVP 정의는 핵심 기능인 파싱 및 프로젝트 생성 기능으로, 자원 제약사항은 개발 인력 및 시간입니다. 이를 완화하기 위해 초기에는 간단한 기능부터 구현하고, 점진적으로 복잡한 기능을 추가합니다.\",\n    \"appendix\": \"추가 정보로는 회의 파싱 알고리즘에 대한 연구 결과와 기술 사양이 포함됩니다. 또한, 유사 프로젝트 사례와 비교 분석 자료가 제공됩니다.\"\n}\n```",
  "quality_metrics": {
    "final_score": 6.0,
    "is_production_ready": true,
    "iterations_used": 2,
    "is_high_quality": false
  },
  "metadata": {
    "source_file": "../batch_triplet_results\\result_Bns001_processed\\05_final_result.json",
    "utterance_count": 1197,
    "transcript_length": 42241,
    "speakers": [
      "Speaker_D",
      "Speaker_F",
      "Speaker_A",
      "Speaker_G",
      "Speaker_B",
      "Speaker_E",
      "Speaker_C"
    ],
    "dataset_type": "train",
    "processing_date": "2025-07-31T14:20:24.001490"
  }
}