{
  "id": "train_079",
  "source_dir": "result_ES2012b",
  "notion_output": "```json\n{\n    \"project_name\": \"차세대 텔레비전 리모컨 개발 프로젝트\",\n    \"project_purpose\": \"사용자 친화적이고 비용 효율적인 텔레비전 리모컨 개발\",\n    \"project_period\": \"2025.01.01 ~ 2025.06.30\",\n    \"project_manager\": \"Speaker_A\",\n    \"core_objectives\": [\n        \"목표 1: 텔레텍스트 기능을 텔레비전에만 적용\",\n        \"목표 2: 사용자의 편의성을 높이는 버튼 없는 리모컨 디자인\",\n        \"목표 3: 에너지 효율성을 고려한 리모컨 배터리 시스템 개발\"\n    ],\n    \"core_idea\": \"사용자 경험을 극대화하는 혁신적인 리모컨 디자인\",\n    \"idea_description\": \"리모컨의 버튼을 최소화하고, 사용자가 직관적으로 사용할 수 있는 디자인을 통해 사용자 경험을 개선. 또한, 충전식 배터리와 태양광 에너지를 활용하여 에너지 효율성을 높임.\",\n    \"execution_plan\": [\n        \"1단계 (2025.01.01 ~ 2025.02.15): 시장 조사 및 사용자 요구 분석\",\n        \"2단계 (2025.02.16 ~ 2025.03.31): 디자인 프로토타입 개발 및 테스트\",\n        \"3단계 (2025.04.01 ~ 2025.05.15): 기술적 구현 및 에너지 시스템 통합\",\n        \"4단계 (2025.05.16 ~ 2025.06.30): 최종 테스트 및 생산 준비\"\n    ],\n    \"expected_effects\": [\n        \"기대효과 1: 사용자 만족도 향상 및 브랜드 이미지 강화\",\n        \"기대효과 2: 제조 비용 절감으로 인한 가격 경쟁력 확보\",\n        \"기대효과 3: 에너지 효율성 개선으로 인한 환경 친화적 제품 이미지 구축\"\n    ]\n}\n```",
  "prd_output": "```json\n{\n    \"overview\": \"파싱된 프로젝트는 회의 내용을 기반으로 한 프로젝트로, 회의 중 논의된 사항들을 체계적으로 정리하고 관리할 수 있는 솔루션을 제공합니다. 이 프로젝트는 회의 후 후속 조치가 필요한 사용자들을 대상으로 하며, 회의 내용을 자동으로 파싱하여 프로젝트 형태로 관리할 수 있는 가치를 제공합니다.\",\n    \"core_features\": \"1. 회의 내용 자동 파싱: 회의 중 녹음된 내용을 텍스트로 변환하고, 이를 기반으로 주요 항목을 추출합니다.\\n2. 프로젝트 생성 및 관리: 파싱된 내용을 기반으로 자동으로 프로젝트를 생성하고, 할일 목록을 관리합니다.\\n3. 알림 및 리마인더: 중요한 마감일이나 할일을 사용자에게 알림으로 제공합니다.\",\n    \"user_experience\": \"사용자는 회의 후 녹음 파일을 업로드하면 자동으로 파싱된 프로젝트가 생성됩니다. 페르소나는 주로 프로젝트 매니저와 팀 리더로, 주요 플로우는 파일 업로드, 파싱 결과 확인, 프로젝트 관리입니다. UI/UX는 직관적이고 사용하기 쉬운 인터페이스를 제공합니다.\",\n    \"technical_architecture\": \"시스템은 클라우드 기반으로 운영되며, 음성 인식 API를 사용하여 녹음 파일을 텍스트로 변환합니다. 데이터 모델은 프로젝트, 할일, 사용자 정보를 포함하며, RESTful API를 통해 프론트엔드와 백엔드가 통신합니다.\",\n    \"development_roadmap\": \"MVP는 회의 내용 파싱 및 프로젝트 생성 기능을 포함합니다. 이후 단계에서는 사용자 피드백을 반영하여 알림 기능과 UI 개선을 진행합니다.\",\n    \"logical_dependency_chain\": \"1. 음성 인식 기능 구현\\n2. 파싱 알고리즘 개발\\n3. 프로젝트 생성 및 관리 기능 개발\\n4. 알림 기능 추가\\n5. UI/UX 개선\",\n    \"risks_and_mitigations\": \"기술적 도전은 음성 인식의 정확도와 파싱 알고리즘의 효율성입니다. MVP 정의는 핵심 기능에 집중하며, 자원 제약사항은 클라우드 서비스 비용과 개발 인력입니다.\",\n    \"appendix\": \"추가 정보로는 음성 인식 기술 연구 결과와 파싱 알고리즘의 기술 사양이 포함됩니다.\"\n}\n```",
  "quality_metrics": {
    "final_score": 6.0,
    "is_production_ready": true,
    "iterations_used": 1,
    "is_high_quality": false
  },
  "metadata": {
    "source_file": "../batch_triplet_results\\result_ES2012b\\05_final_result.json",
    "utterance_count": 165,
    "transcript_length": 5744,
    "speakers": [
      "Speaker_B",
      "Speaker_D",
      "Speaker_C",
      "Speaker_A"
    ],
    "dataset_type": "train",
    "processing_date": "2025-07-31T12:20:06.764576"
  }
}