{
  "id": "train_164",
  "source_dir": "result_IS1004c",
  "notion_output": "```json\n{\n    \"project_name\": \"혁신적 과일 모양 리모컨 개발 프로젝트\",\n    \"project_purpose\": \"젊은 소비자층을 겨냥한 독창적 디자인과 사용자 편의성을 겸비한 리모컨 개발\",\n    \"project_period\": \"2024.01.01 ~ 2024.06.30\",\n    \"project_manager\": \"Speaker_A\",\n    \"core_objectives\": [\n        \"목표 1: 과일 및 채소 모양의 혁신적이고 트렌디한 리모컨 디자인 개발\",\n        \"목표 2: 사용자 편의성을 극대화한 인터페이스 구현 및 기술적 사양 확립\",\n        \"목표 3: 젊은 층을 타겟으로 한 마케팅 전략 수립 및 실행\",\n        \"목표 4: 지속 가능한 에너지 사용을 위한 충전식 배터리 및 태양 전지 도입\"\n    ],\n    \"core_idea\": \"과일 및 채소 모양의 리모컨을 통해 독창적 디자인과 편리한 사용성을 제공\",\n    \"idea_description\": \"리모컨의 외관을 과일 및 채소 모양으로 디자인하여 시각적 매력을 높이고, 사용자가 쉽게 조작할 수 있는 인터페이스를 구현합니다. 충전식 배터리와 태양 전지를 활용하여 지속 가능한 에너지를 제공합니다. 또한, 기지국과의 RF 통신을 통해 분실 방지 기능을 포함합니다.\",\n    \"execution_plan\": [\n        {\n            \"단계\": \"디자인 컨셉 확정\",\n            \"기간\": \"2024.01.01 ~ 2024.02.15\",\n            \"책임자\": \"Speaker_B\",\n            \"세부사항\": \"과일 및 채소 모양의 디자인 컨셉을 확정하고, 사용자 인터페이스의 기본 구조를 설계합니다. 이중 곡선 구조와 사용자 정의 가능한 버튼을 포함합니다.\"\n        },\n        {\n            \"단계\": \"프로토타입 제작\",\n            \"기간\": \"2024.02.16 ~ 2024.03.31\",\n            \"책임자\": \"Speaker_C\",\n            \"세부사항\": \"프로토타입 제작에 필요한 자원 및 비용을 산정하고, 첫 번째 프로토타입을 제작합니다. 충전식 배터리와 태양 전지 통합을 고려합니다.\"\n        },\n        {\n            \"단계\": \"사용자 테스트 및 피드백 수집\",\n            \"기간\": \"2024.04.01 ~ 2024.05.15\",\n            \"책임자\": \"Speaker_D\",\n            \"세부사항\": \"젊은 층을 대상으로 사용자 테스트를 실시하고, 피드백을 수집하여 개선점을 도출합니다. RF 통신을 통한 분실 방지 기능의 효과를 평가합니다.\"\n        },\n        {\n            \"단계\": \"최종 제품 개발 및 출시 준비\",\n            \"기간\": \"2024.05.16 ~ 2024.06.30\",\n            \"책임자\": \"Speaker_A\",\n            \"세부사항\": \"최종 제품을 개발하고, 마케팅 전략을 실행하여 출시 준비를 완료합니다. 시장 반응을 고려하여 디자인 및 기능을 최적화합니다.\"\n        }\n    ],\n    \"technical_specifications\": {\n        \"디자인 요소\": \"과일 및 채소 모양, 이중 곡선 구조, 사용자 정의 가능한 버튼\",\n        \"전원 공급\": \"충전식 배터리, 태양 전지\",\n        \"통신 방식\": \"RF 통신을 통한 기지국과의 연결\",\n        \"추가 기능\": \"분실 방지 기능, 사용자 정의 가능한 버튼\"\n    },\n    \"expected_effects\": [\n        \"기대효과 1: 젊은 층을 중심으로 한 새로운 시장 개척\",\n        \"기대효과 2: 혁신적인 디자인을 통한 브랜드 이미지 강화\",\n        \"기대효과 3: 사용자 편의성을 높여 고객 만족도 향상\"\n    ]\n}\n```",
  "prd_output": "```json\n{\n    \"overview\": \"파싱된 프로젝트는 회의 내용을 기반으로 프로젝트를 관리하고 실행하는 것을 목적으로 합니다. 이 프로젝트는 회의에서 논의된 내용을 체계적으로 정리하여 프로젝트 관리에 활용하고자 하는 사용자들을 대상으로 합니다. 이를 통해 사용자들은 회의에서 나온 아이디어와 계획을 손쉽게 프로젝트로 전환하고 관리할 수 있는 가치를 제공합니다.\",\n    \"core_features\": \"1. 회의 내용 파싱: 회의에서 논의된 내용을 자동으로 파싱하여 프로젝트로 전환합니다. 2. 프로젝트 생성 및 관리: 파싱된 내용을 바탕으로 프로젝트를 생성하고 관리할 수 있는 기능을 제공합니다. 3. 목표 설정 및 추적: 프로젝트의 핵심 목표를 설정하고 진행 상황을 추적할 수 있습니다.\",\n    \"user_experience\": \"사용자는 회의 내용을 입력하거나 업로드하여 프로젝트를 생성합니다. 주요 페르소나는 프로젝트 관리자와 팀원입니다. UI/UX는 직관적이고 사용자가 쉽게 접근할 수 있도록 설계됩니다.\",\n    \"technical_architecture\": \"시스템은 클라우드 기반으로 구축되며, 데이터 모델은 회의 내용과 프로젝트 정보를 저장할 수 있도록 설계됩니다. API는 외부 시스템과의 연동을 지원하며, 인프라는 확장성을 고려하여 설계됩니다.\",\n    \"development_roadmap\": \"MVP 요구사항으로는 회의 내용 파싱 및 프로젝트 생성 기능이 포함됩니다. 이후 단계에서는 목표 추적 기능과 사용자 인터페이스 개선이 계획되어 있습니다.\",\n    \"logical_dependency_chain\": \"먼저 회의 내용 파싱 기능을 개발한 후, 이를 바탕으로 프로젝트 생성 기능을 구현합니다. 이후 목표 설정 및 추적 기능을 추가합니다.\",\n    \"risks_and_mitigations\": \"기술적 도전으로는 자연어 처리 기술의 정확도가 있으며, 이를 위해 최신 NLP 기술을 도입합니다. 자원 제약사항은 클라우드 인프라 비용이 있으며, 초기에는 최소한의 자원으로 시작하여 점진적으로 확장합니다.\",\n    \"appendix\": \"추가 정보로는 자연어 처리 기술에 대한 연구 결과와 기술 사양이 포함됩니다.\"\n}\n```",
  "quality_metrics": {
    "final_score": 6.0,
    "is_production_ready": true,
    "iterations_used": 3,
    "is_high_quality": false
  },
  "metadata": {
    "source_file": "../batch_triplet_results\\result_IS1004c\\05_final_result.json",
    "utterance_count": 284,
    "transcript_length": 10582,
    "speakers": [
      "Speaker_B",
      "Speaker_D",
      "Speaker_C",
      "Speaker_A"
    ],
    "dataset_type": "train",
    "processing_date": "2025-07-31T14:10:43.254363"
  }
}