{
  "id": "train_082",
  "source_dir": "result_Bed008_processed",
  "notion_output": "```json\n{\n    \"project_name\": \"확률 기반 의사결정 시스템 및 사용자-상황 모델 통합 최적화 프로젝트\",\n    \"project_purpose\": \"다양한 상황에서 사용자 모델과 상황 모델을 통합하여 확률 기반 의사결정을 지원하는 시스템을 최적화하고, 이를 통해 의사결정의 신뢰성과 정확성을 극대화\",\n    \"project_period\": \"2024.01.01 ~ 2024.06.30\",\n    \"project_manager\": \"Speaker_C\",\n    \"core_objectives\": [\n        \"목표 1: 회의에서 논의된 구체적인 확률 계산 방법을 기반으로 한 모델 개발\",\n        \"목표 2: 사용자 모델과 상황 모델의 구체적인 통합 방법론 개발 및 구현\",\n        \"목표 3: 전문가 가중치 시스템을 활용한 의사결정 알고리즘의 신뢰성 및 정확성 향상\"\n    ],\n    \"core_idea\": \"확률 및 가중치를 기반으로 한 의사결정 시스템과 사용자-상황 모델의 통합 및 최적화\",\n    \"idea_description\": \"이 프로젝트는 다양한 입력 변수와 사용자 및 상황 모델을 통합하여 확률 기반의 의사결정을 지원하는 시스템을 개발하고 최적화하는 것을 목표로 합니다. 이를 통해 의사결정의 정확성과 신뢰성을 높이고, 다양한 상황에 유연하게 대응할 수 있는 시스템을 구현합니다. 특히, 회의에서 논의된 확률 계산 방법과 사용자-상황 모델의 통합 방안을 구체적으로 반영합니다.\",\n    \"execution_plan\": [\n        \"1단계: 요구사항 분석 및 모델 설계 (2024.01.01 ~ 2024.02.15)\",\n        \"2단계: 확률 계산 및 의사결정 알고리즘 개발 (2024.02.16 ~ 2024.04.15)\",\n        \"3단계: 사용자 모델과 상황 모델의 통합 및 시스템 통합 (2024.04.16 ~ 2024.05.31)\",\n        \"4단계: 시스템 테스트 및 최종 검토, 배포 준비 (2024.06.01 ~ 2024.06.30)\"\n    ],\n    \"expected_effects\": [\n        \"기대효과 1: 의사결정의 정확성 향상으로 인한 업무 효율성 증대\",\n        \"기대효과 2: 다양한 상황에 대한 유연한 대응 가능성 확보\",\n        \"기대효과 3: 사용자 만족도 및 신뢰성 증대\"\n    ],\n    \"technical_details\": {\n        \"probability_calculation\": \"회의에서 논의된 확률 계산 방법을 기반으로, 각 입력 변수에 대한 가중치를 설정하고, 이를 바탕으로 확률 분포를 계산합니다. 특히, X-A, X-V, X-E의 확률을 구체적으로 계산하여 적용합니다.\",\n        \"user_situation_model_integration\": \"사용자 모델과 상황 모델을 통합하여, 각 상황에 맞는 최적의 의사결정을 내릴 수 있도록 알고리즘을 설계합니다. 이는 다양한 상황과 사용자 상태를 고려하여 가중치를 부여하는 방식으로 구현됩니다. 특히, W-1, W-2, W-3, W-4의 가중치를 합산하여 1이 되도록 설정합니다.\",\n        \"decision_algorithm\": \"회의에서 제안된 전문가 가중치 시스템을 활용하여, 각 전문가의 의견을 통합하고, 이를 기반으로 최적의 의사결정을 내리는 알고리즘을 개발합니다. 이를 통해 전문가의 혼합을 통해 신뢰할 수 있는 결정을 도출합니다.\"\n    }\n}\n```",
  "prd_output": "```json\n{\n    \"overview\": \"파싱된 프로젝트는 회의 내용을 기반으로 프로젝트를 생성하고 관리하는 것을 목표로 합니다. 이 프로젝트는 회의에서 논의된 내용을 자동으로 파싱하여 프로젝트 계획을 수립하는 데 도움을 줍니다. 타겟 사용자는 프로젝트 관리자 및 팀원으로, 회의 후 빠르게 프로젝트를 구성하고 관리할 수 있는 가치를 제공합니다.\",\n    \"core_features\": \"1. 회의 내용 파싱: 회의 기록을 자동으로 분석하여 주요 항목을 추출합니다. 2. 프로젝트 생성: 파싱된 데이터를 기반으로 자동으로 프로젝트를 생성합니다. 3. 목표 추적: 설정된 목표를 추적하고 진행 상황을 시각화합니다.\",\n    \"user_experience\": \"사용자는 회의 후 기록을 업로드하면 자동으로 프로젝트가 생성됩니다. 페르소나는 프로젝트 관리자이며, 주요 플로우는 회의 기록 업로드 -> 파싱 결과 확인 -> 프로젝트 생성 -> 목표 설정 및 추적입니다. UI/UX는 직관적이고 사용하기 쉬운 인터페이스를 제공합니다.\",\n    \"technical_architecture\": \"시스템은 클라우드 기반으로 구성되며, 데이터 모델은 회의 기록과 프로젝트 데이터를 저장합니다. API는 파싱 및 프로젝트 생성 기능을 제공합니다. 인프라 요구사항은 안정적인 클라우드 서비스와 데이터 보안입니다.\",\n    \"development_roadmap\": \"MVP 요구사항은 회의 기록 파싱 및 기본 프로젝트 생성 기능입니다. 향후 개선사항으로는 고급 분석 및 커스터마이징 기능이 포함됩니다. 단계별 개발 범위는 초기 파싱 기능 개발 -> 프로젝트 생성 기능 개발 -> 목표 추적 기능 개발입니다.\",\n    \"logical_dependency_chain\": \"기초 기능으로 회의 기록 파싱이 우선 개발되어야 하며, 이후 프로젝트 생성 기능이 개발됩니다. 점진적 개발 방식으로 각 기능을 단계적으로 추가합니다.\",\n    \"risks_and_mitigations\": \"기술적 도전은 자연어 처리의 정확성입니다. MVP 정의는 기본 파싱 및 프로젝트 생성 기능으로, 자원 제약사항은 데이터 처리 속도와 정확성입니다.\",\n    \"appendix\": \"추가 정보로는 자연어 처리 기술 연구 결과와 데이터 보안 관련 기술 사양이 포함됩니다.\"\n}\n```",
  "quality_metrics": {
    "final_score": 6.0,
    "is_production_ready": true,
    "iterations_used": 3,
    "is_high_quality": false
  },
  "metadata": {
    "source_file": "../batch_triplet_results\\result_Bed008_processed\\05_final_result.json",
    "utterance_count": 1000,
    "transcript_length": 33416,
    "speakers": [
      "Speaker_A",
      "Speaker_B",
      "Speaker_E",
      "Speaker_D",
      "Speaker_C"
    ],
    "dataset_type": "train",
    "processing_date": "2025-07-31T12:24:48.579338"
  }
}