{
  "id": "train_187",
  "source_dir": "result_Bed003_processed",
  "notion_output": "```json\n{\n    \"project_name\": \"스마트 랜드마크 탐색 및 정보 제공 시스템\",\n    \"project_purpose\": \"관광객과 비관광객 모두를 위한 맞춤형 랜드마크 탐색 및 정보 제공 시스템 개발\",\n    \"project_period\": \"2025.01.01 ~ 2025.03.31\",\n    \"project_manager\": \"Speaker_C\",\n    \"core_objectives\": [\n        \"목표 1: 관광객과 비관광객을 위한 맞춤형 랜드마크 정보 제공\",\n        \"목표 2: 랜드마크의 현저성 및 특징에 대한 데이터베이스 구축\",\n        \"목표 3: JavaBayes를 활용한 탐색 경로 최적화 기능 개발\"\n    ],\n    \"core_idea\": \"관광 및 비관광 랜드마크의 탐색과 정보 제공을 통해 사용자 경험을 향상시키는 시스템\",\n    \"idea_description\": \"사용자가 특정 지역의 랜드마크를 탐색하고, 그에 대한 정보를 쉽게 얻을 수 있도록 하는 시스템을 개발합니다. 이 시스템은 사용자에게 랜드마크의 현저성, 역사적 배경, 건축적 중요성을 제공합니다. 또한, JavaBayes를 활용하여 랜드마크의 특징을 분석하고, 사용자에게 최적의 탐색 경로를 제안합니다.\",\n    \"execution_plan\": [\n        {\n            \"phase\": \"1단계\",\n            \"description\": \"요구사항 분석 및 시스템 설계\",\n            \"period\": \"2025.01.01 ~ 2025.01.31\",\n            \"details\": [\n                \"회의록 분석을 통해 랜드마크의 구체적인 예시 및 특징 파악\",\n                \"JavaBayes의 역할과 기능 정의\",\n                \"시스템 아키텍처 설계\",\n                \"회의에서 언급된 랜드마크 예시: 하이델베르크의 호텔 줌 리터\"\n            ]\n        },\n        {\n            \"phase\": \"2단계\",\n            \"description\": \"데이터베이스 구축 및 JavaBayes 통합\",\n            \"period\": \"2025.02.01 ~ 2025.02.28\",\n            \"details\": [\n                \"랜드마크의 현저성 및 특징을 포함한 데이터베이스 구축\",\n                \"JavaBayes를 활용한 데이터 분석 모듈 개발\",\n                \"데이터베이스와 JavaBayes의 통합 테스트\",\n                \"JavaBayes의 구체적인 역할: 랜드마크의 현저성과 관련된 데이터 처리 및 사용자 탐색 패턴 분석\"\n            ]\n        },\n        {\n            \"phase\": \"3단계\",\n            \"description\": \"사용자 인터페이스 개발 및 테스트\",\n            \"period\": \"2025.03.01 ~ 2025.03.15\",\n            \"details\": [\n                \"사용자 친화적인 인터페이스 디자인\",\n                \"탐색 경로 제안 기능 구현\",\n                \"사용자 피드백을 통한 인터페이스 개선\",\n                \"회의에서 논의된 사용자 경험 개선 방안 반영\"\n            ]\n        },\n        {\n            \"phase\": \"4단계\",\n            \"description\": \"시스템 통합 및 최종 테스트\",\n            \"period\": \"2025.03.16 ~ 2025.03.31\",\n            \"details\": [\n                \"시스템 전체 통합 및 최적화\",\n                \"최종 사용자 테스트 및 버그 수정\",\n                \"시스템 안정성 및 성능 검증\",\n                \"회의에서 언급된 시스템 안정성 관련 사항 확인\"\n            ]\n        }\n    ],\n    \"expected_effects\": [\n        \"기대효과 1: 관광객과 비관광객 모두에게 유용한 랜드마크 정보 제공으로 사용자 만족도 향상\",\n        \"기대효과 2: 랜드마크의 현저성 및 특징을 기반으로 한 탐색 경로 제안으로 사용자 경험 개선\",\n        \"기대효과 3: 시스템 사용을 통한 지역 관광 활성화 및 경제적 효과 증대\"\n    ],\n    \"technical_details\": {\n        \"JavaBayes_integration\": \"JavaBayes를 활용하여 랜드마크의 특징을 분석하고, 사용자에게 최적의 탐색 경로를 제안합니다. JavaBayes는 랜드마크의 현저성과 관련된 데이터를 처리하고, 사용자의 탐색 패턴을 분석하여 맞춤형 경로를 제공합니다.\",\n        \"landmark_examples\": [\n            \"하이델베르크의 호텔 줌 리터\",\n            \"특정 랜드마크의 건축적 중요성과 역사적 배경\"\n        ]\n    }\n}\n```",
  "prd_output": "```json\n{\n    \"overview\": \"파싱된 프로젝트는 회의 내용을 기반으로 프로젝트를 생성하는 시스템입니다. 이 프로젝트는 회의에서 논의된 내용을 자동으로 파싱하여 프로젝트 계획을 생성함으로써 시간과 노력을 절약하고자 합니다. 타겟 사용자는 프로젝트 매니저, 팀 리더, 그리고 회의 주최자들입니다. 이 시스템은 회의 후속 작업을 간소화하고, 정보의 누락을 방지하며, 프로젝트 관리의 효율성을 높이는 가치를 제공합니다.\",\n    \"core_features\": \"1. 자동 파싱 기능: 회의 내용을 텍스트로 입력하면 자동으로 프로젝트 계획을 생성합니다. 2. 프로젝트 생성 기능: 파싱된 데이터를 기반으로 프로젝트의 목표, 실행 계획, 기대 효과 등을 자동으로 설정합니다. 3. 사용자 맞춤형 대시보드: 사용자가 생성된 프로젝트를 쉽게 관리하고 추적할 수 있도록 대시보드를 제공합니다.\",\n    \"user_experience\": \"사용자는 회의가 끝난 후 텍스트 형식으로 회의 내용을 입력합니다. 시스템은 이를 파싱하여 프로젝트 계획을 생성하고, 사용자는 대시보드를 통해 프로젝트의 진행 상황을 모니터링합니다. 주요 페르소나는 프로젝트 매니저이며, UI/UX는 직관적이고 사용하기 쉽게 설계됩니다.\",\n    \"technical_architecture\": \"시스템은 클라이언트-서버 아키텍처로 구성되며, 데이터 모델은 회의 내용, 프로젝트 목표, 실행 계획 등의 엔티티로 구성됩니다. API는 회의 내용 입력 및 프로젝트 생성 기능을 지원하며, 인프라는 클라우드 기반으로 확장성을 고려하여 설계됩니다.\",\n    \"development_roadmap\": \"MVP는 자동 파싱 기능과 기본적인 프로젝트 생성 기능을 포함합니다. 향후 개선사항으로는 사용자 맞춤형 대시보드와 고급 분석 기능이 있습니다. 단계별 개발 범위는 초기 버전에서 핵심 기능을 구현하고, 이후 사용자 피드백을 반영하여 추가 기능을 개발합니다.\",\n    \"logical_dependency_chain\": \"1. 자동 파싱 기능 개발 2. 프로젝트 생성 기능 개발 3. 사용자 대시보드 개발 4. 고급 분석 기능 개발. 기초 기능인 자동 파싱과 프로젝트 생성 기능이 우선적으로 개발되어야 하며, 이후 점진적으로 추가 기능을 개발합니다.\",\n    \"risks_and_mitigations\": \"기술적 도전으로는 자연어 처리의 정확도가 있으며, 이를 위해 최신 NLP 기술을 도입합니다. MVP는 자동 파싱과 프로젝트 생성 기능으로 정의되며, 자원 제약사항은 개발 인력과 시간입니다.\",\n    \"appendix\": \"추가 정보로는 자연어 처리 기술에 대한 연구 결과와 시스템의 기술 사양이 포함됩니다.\"\n}\n```",
  "quality_metrics": {
    "final_score": 6.0,
    "is_production_ready": true,
    "iterations_used": 3,
    "is_high_quality": false
  },
  "metadata": {
    "source_file": "../batch_triplet_results\\result_Bed003_processed\\05_final_result.json",
    "utterance_count": 717,
    "transcript_length": 23332,
    "speakers": [
      "Speaker_A",
      "Speaker_B",
      "Speaker_E",
      "Speaker_D",
      "Speaker_C"
    ],
    "dataset_type": "train",
    "processing_date": "2025-07-31T14:40:23.431376"
  }
}