{
  "id": "train_212",
  "source_dir": "result_TS3009a",
  "notion_output": "```json\n{\n    \"project_name\": \"스마트 TV 리모컨 디자인 프로젝트\",\n    \"project_purpose\": \"사용자 친화적이고 국제 시장에서 경쟁력 있는 스마트 TV 리모컨을 디자인하고 출시\",\n    \"project_period\": \"2025.01.01 ~ 2025.03.31\",\n    \"project_manager\": \"Speaker_A\",\n    \"core_objectives\": [\n        \"목표 1: 사용자 인터페이스가 우수한 리모컨 디자인 개발\",\n        \"목표 2: 생산 비용을 12유로 이하로 유지하여 25유로에 판매\",\n        \"목표 3: 글로벌 시장에서 5천만 유로의 수익 달성\"\n    ],\n    \"core_idea\": \"사용자 경험을 극대화한 스마트 TV 리모컨 디자인\",\n    \"idea_description\": \"리모컨은 손에 맞는 인체공학적 디자인을 채택하고, 다양한 색상과 형태를 제공하여 사용자 맞춤형 경험을 제공. 또한, 기존 리모컨 사용자들이 쉽게 적응할 수 있도록 직관적인 인터페이스를 구현.\",\n    \"execution_plan\": {\n        \"단계 1: 디자인 및 프로토타입 개발 (2025.01.01 ~ 2025.01.31)\",\n        \"단계 2: 시장 조사 및 경쟁사 분석 (2025.02.01 ~ 2025.02.15)\",\n        \"단계 3: 생산 및 품질 테스트 (2025.02.16 ~ 2025.03.15)\",\n        \"단계 4: 마케팅 및 출시 준비 (2025.03.16 ~ 2025.03.31)\"\n    },\n    \"expected_effects\": [\n        \"기대효과 1: 사용자 만족도 증가로 인한 브랜드 이미지 개선\",\n        \"기대효과 2: 비용 효율적인 생산을 통한 수익성 향상\",\n        \"기대효과 3: 글로벌 시장에서의 점유율 확대\"\n    ]\n}\n```",
  "prd_output": "```json\n{\n    \"overview\": \"파싱된 프로젝트는 회의 내용을 기반으로 한 프로젝트로, 회의에서 논의된 내용을 효과적으로 정리하고 관리할 수 있는 솔루션을 제공합니다. 이 프로젝트는 회의 후 작업을 체계적으로 관리하고자 하는 팀과 조직을 대상으로 하며, 회의 내용을 자동으로 파싱하여 프로젝트로 변환하는 기능을 통해 시간 절약과 효율성을 제고합니다.\",\n    \"core_features\": \"1. 자동 파싱 기능: 회의 내용을 자동으로 분석하여 프로젝트 항목으로 변환합니다. 2. 프로젝트 관리 인터페이스: 파싱된 내용을 기반으로 프로젝트를 생성하고 관리할 수 있는 사용자 친화적인 인터페이스를 제공합니다. 3. 협업 도구 통합: 다양한 협업 도구와의 통합을 통해 팀원 간의 원활한 소통을 지원합니다.\",\n    \"user_experience\": \"사용자는 회의 내용을 업로드하거나 실시간으로 입력할 수 있으며, 시스템은 이를 분석하여 프로젝트 항목을 생성합니다. 주요 사용자 페르소나는 프로젝트 매니저와 팀 리더로 설정되며, 직관적인 UI를 통해 쉽게 프로젝트를 관리할 수 있도록 설계됩니다.\",\n    \"technical_architecture\": \"시스템은 클라우드 기반으로 구축되며, 자연어 처리(NLP) 기술을 활용하여 회의 내용을 분석합니다. 데이터 모델은 회의 기록, 프로젝트 항목, 사용자 데이터로 구성되며, RESTful API를 통해 외부 시스템과의 연동을 지원합니다.\",\n    \"development_roadmap\": \"초기 MVP는 자동 파싱 기능과 기본 프로젝트 관리 인터페이스를 포함하며, 이후 협업 도구 통합 및 고급 분석 기능을 추가할 예정입니다. 단계별로 사용자 피드백을 반영하여 기능을 개선합니다.\",\n    \"logical_dependency_chain\": \"1. 자연어 처리 엔진 개발 2. 기본 프로젝트 관리 인터페이스 구현 3. 협업 도구 통합 4. 고급 분석 기능 추가. 각 단계는 이전 단계의 기능을 기반으로 확장됩니다.\",\n    \"risks_and_mitigations\": \"자연어 처리의 정확도가 초기에는 낮을 수 있으며, 이를 개선하기 위해 지속적인 데이터 학습이 필요합니다. MVP는 기본 기능에 집중하여 빠르게 시장에 출시하고, 사용자 피드백을 통해 개선점을 파악합니다.\",\n    \"appendix\": \"자연어 처리 기술에 대한 연구 자료와 프로젝트 관리 도구와의 통합 사례를 포함합니다.\"\n}\n```",
  "quality_metrics": {
    "final_score": 6.0,
    "is_production_ready": true,
    "iterations_used": 1,
    "is_high_quality": false
  },
  "metadata": {
    "source_file": "../batch_triplet_results\\result_TS3009a\\05_final_result.json",
    "utterance_count": 202,
    "transcript_length": 6295,
    "speakers": [
      "Speaker_B",
      "Speaker_D",
      "Speaker_C",
      "Speaker_A"
    ],
    "dataset_type": "train",
    "processing_date": "2025-07-31T15:05:43.056546"
  }
}