{
  "id": "train_222",
  "source_dir": "result_Bro025_processed",
  "notion_output": "```json\n{\n    \"project_name\": \"VAD 시스템 성능 최적화 및 지연 시간 감소 프로젝트\",\n    \"project_purpose\": \"VAD 시스템의 지연 시간을 100밀리초 이하로 줄이고, 다양한 환경에서의 성능을 향상시켜 음성 인식의 정확도를 높이는 것\",\n    \"project_period\": \"2025.01.01 ~ 2025.03.31\",\n    \"project_manager\": \"Speaker_D\",\n    \"core_objectives\": [\n        \"목표 1: VAD 시스템의 지연 시간을 140밀리초에서 100밀리초 이하로 줄이기\",\n        \"목표 2: 다양한 환경에서의 VAD 성능을 향상시키기 위한 데이터 기반 접근법 적용\",\n        \"목표 3: VAD 시스템의 신뢰성을 높이기 위해 신경망과의 통합 최적화\",\n        \"목표 4: 스펙트럼 뺄셈 및 위너 필터링 적용을 통한 노이즈 감소\"\n    ],\n    \"core_idea\": \"VAD 시스템의 지연 시간 감소 및 성능 최적화\",\n    \"idea_description\": \"현재 VAD 시스템의 지연 시간을 줄이기 위해 프레임 처리 방식을 개선하고, 신경망을 활용하여 다양한 환경에서의 성능을 향상시킵니다. 또한, 데이터 기반 접근법을 통해 시스템의 신뢰성을 높이며, 스펙트럼 뺄셈 및 위너 필터링을 통해 노이즈를 감소시킵니다.\",\n    \"execution_plan\": [\n        {\n            \"step\": \"1단계\",\n            \"description\": \"현재 VAD 시스템 분석 및 지연 시간 측정\",\n            \"period\": \"2025.01.01 ~ 2025.01.15\",\n            \"details\": \"현재 시스템의 지연 시간 및 성능 지표를 측정하고, 개선이 필요한 부분을 식별합니다.\"\n        },\n        {\n            \"step\": \"2단계\",\n            \"description\": \"데이터 기반 접근법을 통한 성능 최적화 방안 연구\",\n            \"period\": \"2025.01.16 ~ 2025.02.15\",\n            \"details\": \"다양한 환경에서의 성능을 개선하기 위해 데이터 기반의 접근법을 연구하고, 이를 통해 VAD의 성능을 높입니다.\"\n        },\n        {\n            \"step\": \"3단계\",\n            \"description\": \"신경망 통합 및 테스트\",\n            \"period\": \"2025.02.16 ~ 2025.03.15\",\n            \"details\": \"신경망을 VAD 시스템에 통합하여 지연 시간을 줄이고 성능을 향상시킵니다. 신경망의 통합 방법은 회의에서 논의된 대로 프레임 삭제 이후에도 신경망이 작동하도록 최적화합니다.\"\n        },\n        {\n            \"step\": \"4단계\",\n            \"description\": \"스펙트럼 뺄셈 및 위너 필터링 적용\",\n            \"period\": \"2025.02.16 ~ 2025.03.15\",\n            \"details\": \"노이즈 감소를 위해 스펙트럼 뺄셈 및 위너 필터링을 적용하여 VAD 성능을 최적화합니다.\"\n        },\n        {\n            \"step\": \"5단계\",\n            \"description\": \"최종 성능 평가 및 보고서 작성\",\n            \"period\": \"2025.03.16 ~ 2025.03.31\",\n            \"details\": \"최종 시스템의 성능을 평가하고, 결과를 보고서로 작성하여 프로젝트의 성공 여부를 판단합니다.\"\n        }\n    ],\n    \"expected_effects\": [\n        \"기대효과 1: VAD 시스템의 지연 시간이 감소하여 실시간 음성 인식의 정확도가 향상됨\",\n        \"기대효과 2: 다양한 환경에서의 음성 인식 성능이 개선되어 사용자 만족도가 증가함\",\n        \"기대효과 3: 시스템의 신뢰성이 높아져 상용화 가능성이 증가함\",\n        \"기대효과 4: 노이즈 감소로 인한 음성 인식의 신뢰성 및 정확도 향상\"\n    ],\n    \"technical_details\": {\n        \"current_performance_metrics\": {\n            \"VAD_delay\": \"140ms\",\n            \"target_delay\": \"100ms\"\n        },\n        \"neural_network_integration\": \"신경망을 통해 VAD의 지연 시간을 줄이고, 다양한 환경에서의 성능을 향상시키기 위한 통합 최적화\",\n        \"noise_reduction_methods\": \"스펙트럼 뺄셈 및 위너 필터링을 통해 노이즈 감소\",\n        \"data_based_approach\": \"다양한 환경에서의 성능 향상을 위한 데이터 기반 접근법 적용\"\n    }\n}\n```",
  "prd_output": "```json\n{\n    \"overview\": \"파싱된 프로젝트는 회의 내용을 기반으로 한 프로젝트로, 회의에서 논의된 내용을 체계적으로 정리하고 관리할 수 있는 솔루션을 제공합니다. 이 프로젝트는 회의 후속 작업을 효율적으로 관리하고, 팀 간의 협업을 촉진하는 것을 목표로 합니다. 타겟 사용자는 주로 회의를 자주 진행하는 기업 및 팀으로, 이 솔루션을 통해 회의 후속 작업의 효율성을 높이고, 정보의 누락을 방지할 수 있습니다.\",\n    \"core_features\": \"1. 회의 내용 자동 파싱: 회의 내용을 자동으로 파싱하여 주요 항목을 추출합니다. 2. 프로젝트 생성 및 관리: 파싱된 내용을 바탕으로 프로젝트를 자동 생성하고 관리할 수 있습니다. 3. 알림 및 리마인더: 프로젝트 진행 상황에 따라 적절한 알림과 리마인더를 제공합니다. 4. 협업 도구 통합: 다양한 협업 도구와의 통합을 통해 작업의 연속성을 유지합니다.\",\n    \"user_experience\": \"사용자는 회의가 끝난 후, 자동으로 생성된 프로젝트를 확인하고 필요한 수정 작업을 수행합니다. 주요 페르소나는 프로젝트 매니저와 팀 리더로, 이들은 프로젝트의 진행 상황을 쉽게 모니터링하고 팀원들과의 협업을 원활하게 진행할 수 있습니다. UI/UX는 직관적이고 사용하기 쉬운 인터페이스를 제공하여 사용자가 빠르게 적응할 수 있도록 설계됩니다.\",\n    \"technical_architecture\": \"시스템은 클라우드 기반으로 설계되며, 주요 구성 요소로는 데이터 파싱 엔진, 프로젝트 관리 모듈, 알림 시스템이 포함됩니다. 데이터 모델은 회의 내용, 프로젝트 정보, 사용자 데이터를 포함하며, API를 통해 외부 협업 도구와의 통합을 지원합니다. 인프라 요구사항으로는 안정적인 클라우드 서비스와 데이터 보안이 포함됩니다.\",\n    \"development_roadmap\": \"MVP 단계에서는 회의 내용 파싱 및 기본적인 프로젝트 관리 기능을 구현합니다. 이후 단계에서는 협업 도구 통합 및 고급 알림 기능을 추가할 예정입니다. 각 단계별로 사용자 피드백을 반영하여 지속적으로 개선해 나갈 계획입니다.\",\n    \"logical_dependency_chain\": \"먼저 회의 내용 파싱 기능을 개발하고, 이를 기반으로 프로젝트 생성 및 관리 기능을 구현합니다. 이후 알림 시스템을 구축하고, 마지막으로 협업 도구와의 통합을 진행합니다.\",\n    \"risks_and_mitigations\": \"기술적 도전으로는 정확한 회의 내용 파싱이 있으며, 이를 위해 자연어 처리 기술을 활용합니다. MVP 정의는 회의 내용 파싱과 기본 프로젝트 관리 기능으로 설정되며, 자원 제약사항으로는 개발 인력과 시간 제한이 있습니다.\",\n    \"appendix\": \"추가 정보로는 자연어 처리 기술 관련 연구 자료와 협업 도구 API 사양이 포함됩니다.\"\n}\n```",
  "quality_metrics": {
    "final_score": 6.0,
    "is_production_ready": true,
    "iterations_used": 3,
    "is_high_quality": false
  },
  "metadata": {
    "source_file": "../batch_triplet_results\\result_Bro025_processed\\05_final_result.json",
    "utterance_count": 255,
    "transcript_length": 8807,
    "speakers": [
      "Speaker_A",
      "Speaker_B",
      "Speaker_E",
      "Speaker_D",
      "Speaker_C"
    ],
    "dataset_type": "train",
    "processing_date": "2025-07-31T15:14:16.579227"
  }
}