{
  "id": "train_139",
  "source_dir": "result_ES2014a",
  "notion_output": "```json\n{\n    \"project_name\": \"다기능 원격 제어 장치 개발 프로젝트\",\n    \"project_purpose\": \"새로운 다기능 원격 제어 장치를 개발하여 사용자 편의성을 높이고 시장 경쟁력을 강화하는 것\",\n    \"project_period\": \"2024.01.01 ~ 2024.06.30\",\n    \"project_manager\": \"Alastair\",\n    \"core_objectives\": [\n        \"목표 1: 사용자 친화적인 인터페이스를 갖춘 원격 제어 장치 설계\",\n        \"목표 2: 생산 비용을 단위당 12.5유로 이하로 유지\",\n        \"목표 3: 전 세계 시장을 대상으로 한 판매 전략 수립\"\n    ],\n    \"core_idea\": \"모든 가전 기기를 하나의 리모컨으로 제어할 수 있는 통합 원격 제어 장치\",\n    \"idea_description\": \"새로운 원격 제어 장치는 TV와 DV를 포함한 다양한 가전 기기를 하나의 리모컨으로 제어할 수 있도록 설계됩니다. 사용하기 쉬운 버튼과 내구성을 갖추며, 사용자 설명서를 개선하여 사용자가 쉽게 이해할 수 있도록 합니다.\",\n    \"execution_plan\": \"1단계: 시장 조사 및 사용자 요구 분석 (2024.01.01 ~ 2024.02.15)\\n2단계: 제품 설계 및 프로토타입 개발 (2024.02.16 ~ 2024.04.15)\\n3단계: 제품 테스트 및 피드백 수집 (2024.04.16 ~ 2024.05.15)\\n4단계: 최종 제품 생산 및 마케팅 전략 수립 (2024.05.16 ~ 2024.06.30)\",\n    \"expected_effects\": [\n        \"기대효과 1: 사용자 편의성 증대로 인한 고객 만족도 향상\",\n        \"기대효과 2: 생산 비용 절감으로 인한 수익성 개선\",\n        \"기대효과 3: 글로벌 시장 진출로 인한 매출 증대\"\n    ]\n}\n```",
  "prd_output": "```json\n{\n    \"overview\": \"파싱된 프로젝트는 회의 내용을 기반으로 프로젝트를 생성하는 것을 목표로 합니다. 이 프로젝트는 회의에서 논의된 내용을 자동으로 파싱하고, 이를 기반으로 프로젝트를 구성하여 사용자가 손쉽게 프로젝트 관리 및 진행 상황을 추적할 수 있도록 돕습니다. 타겟 사용자는 주로 회의가 빈번한 기업의 팀 리더 및 프로젝트 매니저들입니다. 이 프로젝트는 회의 후속 작업을 자동화하여 시간과 노력을 절약하고, 프로젝트 관리의 효율성을 높이는 가치를 제공합니다.\",\n    \"core_features\": \"1. 회의 내용 파싱 기능: 회의 기록을 텍스트로 변환하고 이를 분석하여 중요한 항목을 추출합니다.\\n2. 프로젝트 생성 기능: 파싱된 데이터를 기반으로 자동으로 프로젝트를 생성하고, 관련된 작업 항목을 할당합니다.\\n3. 진행 상황 추적 기능: 생성된 프로젝트의 진행 상황을 시각적으로 표시하고, 업데이트를 제공합니다.\",\n    \"user_experience\": \"사용자는 회의 후 회의록을 업로드하면 자동으로 프로젝트가 생성됩니다. 페르소나는 프로젝트 매니저로, 주요 플로우는 회의록 업로드 -> 프로젝트 생성 확인 -> 진행 상황 추적입니다. UI/UX는 직관적이며, 사용자가 쉽게 접근할 수 있도록 설계됩니다.\",\n    \"technical_architecture\": \"시스템은 클라우드 기반으로 설계되며, 주요 구성 요소는 데이터 파싱 모듈, 프로젝트 관리 모듈, 사용자 인터페이스입니다. 데이터 모델은 회의록 데이터와 프로젝트 데이터 간의 관계를 정의하며, API는 외부 회의록 서비스와의 통합을 지원합니다. 인프라 요구사항은 안정적인 클라우드 서버와 데이터베이스입니다.\",\n    \"development_roadmap\": \"MVP 요구사항은 회의록 파싱과 프로젝트 생성 기능입니다. 향후 개선사항으로는 AI 기반의 더 정교한 파싱 기능과 사용자 맞춤형 대시보드가 포함됩니다. 단계별 개발 범위는 초기 파싱 기능 개발, 프로젝트 생성 모듈 개발, UI/UX 개선 순으로 진행됩니다.\",\n    \"logical_dependency_chain\": \"개발 순서는 파싱 기능 개발 -> 프로젝트 생성 기능 개발 -> UI/UX 개선입니다. 기초 기능인 파싱 기능이 우선 개발되어야 하며, 이를 기반으로 점진적으로 프로젝트 생성 및 UI/UX 기능이 개발됩니다.\",\n    \"risks_and_mitigations\": \"기술적 도전은 정확한 파싱 알고리즘 개발이며, 이를 위해 머신러닝 모델을 활용할 계획입니다. MVP는 기본적인 파싱 및 프로젝트 생성 기능으로 정의됩니다. 자원 제약사항으로는 데이터베이스 용량과 서버 처리 능력이 있으며, 클라우드 확장을 통해 이를 완화할 계획입니다.\",\n    \"appendix\": \"추가 정보로는 회의록 파싱 관련 연구 결과와 기술 사양이 포함됩니다. 또한, 유사 프로젝트 사례 연구 및 시장 조사 결과가 참고 자료로 제공됩니다.\"\n}\n```",
  "quality_metrics": {
    "final_score": 6.0,
    "is_production_ready": true,
    "iterations_used": 1,
    "is_high_quality": false
  },
  "metadata": {
    "source_file": "../batch_triplet_results\\result_ES2014a\\05_final_result.json",
    "utterance_count": 114,
    "transcript_length": 4010,
    "speakers": [
      "Speaker_B",
      "Speaker_D",
      "Speaker_C",
      "Speaker_A"
    ],
    "dataset_type": "train",
    "processing_date": "2025-07-31T13:32:34.276278"
  }
}