{
  "id": "train_166",
  "source_dir": "result_EN2001b",
  "notion_output": "```json\n{\n    \"project_name\": \"NITE XML 기반 회의 세그먼트 분석 및 통합 프로젝트\",\n    \"project_purpose\": \"NITE XML을 활용하여 회의 세그먼트를 자동 분석 및 통합하여 정보의 가치를 극대화하고, 효율적인 의사결정을 지원\",\n    \"project_period\": \"2025.01.01 ~ 2025.03.31\",\n    \"project_manager\": \"Speaker_A\",\n    \"core_objectives\": [\n        \"목표 1: NITE XML을 활용하여 세그먼트의 시작 및 종료 시간을 자동으로 계산하고 분석\",\n        \"목표 2: 세그먼트 속성을 정의하고, 이를 통해 정보의 가치를 정량적으로 평가\",\n        \"목표 3: 세그먼트 간의 연결성을 높여 정보의 통합적 분석을 가능하게 함\",\n        \"목표 4: NITE XML의 도구를 활용하여 세그먼트의 동적 로딩 및 속성 통합\",\n        \"목표 5: 회의당 단어 수를 기준으로 정보의 표현력과 가치를 평가\"\n    ],\n    \"core_idea\": \"NITE XML을 활용한 세그먼트 분석 및 정보 통합\",\n    \"idea_description\": \"NITE XML 시스템을 통해 회의 세그먼트를 자동으로 분석하고, 각 세그먼트의 시작 및 종료 시간을 계산하여 정보의 가치를 평가함으로써 회의의 효율성을 높인다. 또한, NITE XML의 도구를 활용하여 세그먼트의 동적 로딩 및 속성을 통합하여 정보의 연결성을 강화한다.\",\n    \"execution_plan\": \"1단계: NITE XML 시스템의 이해 및 세그먼트 정의 (2025.01.01 ~ 2025.01.15)\\n2단계: 세그먼트의 시작 및 종료 시간 자동 계산 시스템 개발 및 NITE XML 도구 활용 (2025.01.16 ~ 2025.02.15)\\n3단계: 세그먼트 속성 정의 및 정보 가치 평가, 동적 로딩 시스템 구현 (2025.02.16 ~ 2025.03.15)\\n4단계: 결과 통합 및 보고서 작성 (2025.03.16 ~ 2025.03.31)\",\n    \"expected_effects\": [\n        \"기대효과 1: 회의 세그먼트의 자동 분석을 통해 시간 절약 및 효율성 증대\",\n        \"기대효과 2: 정보의 가치를 정량적으로 평가하여 의사결정에 기여\",\n        \"기대효과 3: 세그먼트 간의 연결성을 높여 정보의 통합적 이해 가능\",\n        \"기대효과 4: NITE XML 도구를 활용한 동적 로딩 및 속성 통합으로 데이터 처리 효율성 향상\"\n    ],\n    \"technical_requirements\": [\n        \"NITE XML 도구 및 Perl 스크립트 활용\",\n        \"세그먼트 시작 및 종료 시간 계산을 위한 자동화 시스템 개발\",\n        \"세그먼트 속성 정의 및 동적 로딩 시스템 구현\",\n        \"각 세그먼트의 ID 및 속성 관리 시스템 구축\",\n        \"세그먼트 간의 연결성을 높이기 위한 속성 정의 및 정보 가치 평가 방법 개발\"\n    ],\n    \"meeting_highlights\": [\n        \"NITE XML의 도구를 활용하여 세그먼트의 동적 로딩 및 속성 통합 가능성 확인\",\n        \"세그먼트의 시작 및 종료 시간을 자동으로 계산하는 시스템 필요성 강조\",\n        \"세그먼트 간의 연결성을 높이기 위한 속성 정의 및 정보 가치 평가 방법 논의\",\n        \"세그먼트 ID 및 속성 관리의 중요성 강조\",\n        \"세그먼트의 표현력과 정보 가치를 평가하기 위한 방법론 논의\"\n    ]\n}\n```",
  "prd_output": "```json\n{\n    \"overview\": \"파싱된 프로젝트는 회의 내용을 기반으로 프로젝트를 관리하고 추적할 수 있는 솔루션입니다. 이 프로젝트는 회의에서 논의된 사항을 자동으로 파싱하여 프로젝트로 변환함으로써, 회의 후의 업무 흐름을 간소화하고 효율성을 높이는 것을 목표로 합니다. 타겟 사용자는 회의를 자주 진행하고 그 결과를 프로젝트로 관리해야 하는 기업 및 팀입니다. 이 솔루션은 회의 후의 업무 처리 시간을 줄이고, 정보의 누락을 방지하여 보다 체계적인 프로젝트 관리를 가능하게 합니다.\",\n    \"core_features\": \"1. 회의 내용 자동 파싱: 회의 내용을 자동으로 분석하여 프로젝트로 변환합니다.\\n2. 프로젝트 생성 및 관리: 파싱된 내용을 기반으로 프로젝트를 생성하고 관리할 수 있습니다.\\n3. 실시간 업데이트: 회의 중에 변경된 사항을 실시간으로 반영합니다.\\n4. 사용자 정의 알림: 프로젝트 진행 상황에 따라 사용자에게 알림을 제공합니다.\",\n    \"user_experience\": \"사용자는 회의가 끝난 후, 회의 내용을 업로드하면 자동으로 프로젝트가 생성됩니다. 페르소나는 프로젝트 매니저와 팀원으로, 주요 플로우는 회의 내용 업로드, 프로젝트 생성, 진행 상황 확인입니다. UI/UX는 직관적이고 사용하기 쉬운 인터페이스를 제공하여 사용자가 쉽게 접근할 수 있도록 설계됩니다.\",\n    \"technical_architecture\": \"시스템은 클라우드 기반으로 구축되며, 데이터 모델은 회의 내용과 프로젝트 데이터를 저장할 수 있도록 설계됩니다. API는 외부 회의 솔루션과의 통합을 지원하며, 인프라는 AWS를 기반으로 확장 가능하게 구성됩니다.\",\n    \"development_roadmap\": \"MVP는 회의 내용을 파싱하여 프로젝트를 생성하는 기능을 포함합니다. 향후 개선사항으로는 다양한 회의 플랫폼과의 통합, 고급 분석 기능 추가 등이 있으며, 단계별로 기능을 확장해 나갈 예정입니다.\",\n    \"logical_dependency_chain\": \"기초 기능으로 회의 내용 파싱 기능을 우선 개발하며, 이후 프로젝트 생성 및 관리 기능을 추가합니다. 점진적으로 통합 및 알림 기능을 개발하여 완성도를 높입니다.\",\n    \"risks_and_mitigations\": \"기술적 도전으로는 다양한 회의 형식의 파싱 정확도를 높이는 것이 있으며, 이를 위해 머신러닝 알고리즘을 활용할 계획입니다. MVP는 핵심 기능에 집중하여 자원 제약을 최소화합니다.\",\n    \"appendix\": \"추가 정보로는 회의 파싱 알고리즘의 연구 결과 및 기술 사양이 포함됩니다.\"\n}\n```",
  "quality_metrics": {
    "final_score": 6.0,
    "is_production_ready": true,
    "iterations_used": 3,
    "is_high_quality": false
  },
  "metadata": {
    "source_file": "../batch_triplet_results\\result_EN2001b\\05_final_result.json",
    "utterance_count": 306,
    "transcript_length": 11752,
    "speakers": [
      "Speaker_A",
      "Speaker_B",
      "Speaker_D",
      "Speaker_C"
    ],
    "dataset_type": "train",
    "processing_date": "2025-07-31T14:12:26.979202"
  }
}