{
  "id": "train_072",
  "source_dir": "result_제22대국회 제427회(임시회) 제4차 환경노동위원회(전체회의) (2025.07.21.)",
  "notion_output": "```json\n{\n    \"project_name\": \"국무위원후보자 인사청문경과보고서 채택 및 노동부장관 후보자 검증 강화 프로젝트\",\n    \"project_purpose\": \"국무위원후보자 인사청문경과보고서를 법정 시한 내에 채택하고, 노동부장관 후보자에 대한 신뢰 회복을 위한 구체적인 검증 절차를 강화하여 정부의 안정적 운영을 도모\",\n    \"project_period\": \"2023.07.18 ~ 2023.08.31\",\n    \"project_manager\": \"안호영 위원장\",\n    \"core_objectives\": [\n        \"목표 1: 국무위원후보자 인사청문경과보고서의 법정 시한 내 채택\",\n        \"목표 2: 노동부장관 후보자에 대한 신뢰 회복을 위한 구체적 검증 절차 강화\",\n        \"목표 3: 인사청문회에서 제기된 주요 쟁점에 대한 명확한 결론 도출\",\n        \"목표 4: 수해 복구 지원에 대한 위원회의 역할 강화\"\n    ],\n    \"core_idea\": \"인사청문경과보고서 채택과 노동부장관 후보자에 대한 신뢰 회복을 통해 정부의 안정적 운영을 보장하고, 수해 복구 지원을 통해 국민의 신뢰를 증대\",\n    \"idea_description\": \"국무위원후보자 인사청문경과보고서를 법정 시한 내에 채택하고, 노동부장관 후보자에 대한 신뢰 회복을 위해 인사청문회에서 제기된 주요 쟁점에 대한 명확한 결론을 도출하며, 수해 복구 지원에 대한 위원회의 역할을 강화하는 프로젝트\",\n    \"execution_plan\": [\n        \"1. 인사청문경과보고서 채택: 2023.07.18 ~ 2023.07.20\",\n        \"2. 노동부장관 후보자에 대한 추가 검증 및 논의: 2023.07.21 ~ 2023.07.31\",\n        \"3. 인사청문회에서 제기된 쟁점에 대한 결론 도출 및 보고서 작성: 2023.08.01 ~ 2023.08.15\",\n        \"4. 수해 복구 지원을 위한 위원회 차원의 계획 수립 및 실행: 2023.08.01 ~ 2023.08.31\",\n        \"5. 최종 보고서 제출 및 정부 운영 안정화 조치: 2023.08.16 ~ 2023.08.31\"\n    ],\n    \"expected_effects\": [\n        \"기대효과 1: 국무위원후보자 인사청문경과보고서의 법정 시한 내 채택으로 정부 운영의 안정성 확보\",\n        \"기대효과 2: 노동부장관 후보자에 대한 신뢰 회복을 통한 노동행정의 안정화\",\n        \"기대효과 3: 인사청문회에서 제기된 주요 쟁점에 대한 명확한 결론 도출로 국민 신뢰 증대\",\n        \"기대효과 4: 수해 복구 지원을 통한 위원회의 사회적 책임 강화 및 국민 신뢰 증대\"\n    ],\n    \"additional_notes\": [\n        \"회의에서는 김영훈 후보자에 대한 신뢰 부족이 주요 쟁점으로 다루어졌으며, 이에 대한 구체적 검증 절차가 필요함\",\n        \"주적 관련 논의는 인사청문회에서 중요한 부분으로, 이에 대한 명확한 입장 정리가 필요함\",\n        \"수해 복구 지원에 대한 위원회의 역할을 강화하여 국민의 신뢰를 증대시키는 것이 중요함\"\n    ]\n}\n```",
  "prd_output": "```json\n{\n    \"overview\": \"파싱된 프로젝트는 회의 내용을 기반으로 프로젝트를 생성하고 관리하는 시스템입니다. 이 프로젝트는 회의에서 논의된 내용을 자동으로 파싱하여 프로젝트로 변환함으로써 사용자가 회의 후에 프로젝트를 수동으로 생성해야 하는 번거로움을 해결합니다. 주요 타겟 사용자는 프로젝트 매니저와 팀 리더이며, 이 시스템은 시간 절약과 효율적인 프로젝트 관리라는 가치를 제공합니다.\",\n    \"core_features\": \"1. 회의 내용 파싱: 회의 중 기록된 내용을 자동으로 분석하여 프로젝트로 변환합니다.\\n2. 프로젝트 생성: 파싱된 데이터를 기반으로 프로젝트와 관련된 태스크와 마일스톤을 자동으로 생성합니다.\\n3. 사용자 정의 가능성: 사용자가 파싱된 내용을 검토하고 수정할 수 있는 기능을 제공합니다.\",\n    \"user_experience\": \"사용자는 회의가 끝난 후 기록된 내용을 시스템에 업로드합니다. 시스템은 자동으로 내용을 파싱하여 프로젝트를 생성합니다. 사용자는 생성된 프로젝트를 검토하고 필요에 따라 수정할 수 있습니다. 주요 페르소나는 프로젝트 매니저로, UI/UX는 직관적이고 사용하기 쉬운 인터페이스를 제공해야 합니다.\",\n    \"technical_architecture\": \"시스템은 클라우드 기반으로 설계되며, 데이터 모델은 회의 내용과 프로젝트 데이터를 저장할 수 있도록 설계됩니다. API는 외부 회의 기록 시스템과의 통합을 지원하며, 인프라는 확장 가능하고 안정적인 클라우드 서비스를 사용합니다.\",\n    \"development_roadmap\": \"MVP는 회의 내용을 파싱하여 기본적인 프로젝트를 생성하는 기능을 포함합니다. 이후 단계에서는 사용자 정의 기능과 외부 시스템과의 통합 기능을 추가할 예정입니다.\",\n    \"logical_dependency_chain\": \"1. 회의 내용 파싱 기능 개발\\n2. 프로젝트 생성 기능 개발\\n3. 사용자 정의 기능 개발\\n4. 외부 시스템과의 통합 기능 개발\",\n    \"risks_and_mitigations\": \"기술적 도전은 자연어 처리 기술의 정확성입니다. MVP는 기본적인 파싱 기능에 집중하며, 자원 제약사항은 클라우드 서비스 비용과 데이터 처리 성능입니다. 이를 완화하기 위해 초기에는 제한된 기능으로 시작하여 점진적으로 확장할 계획입니다.\",\n    \"appendix\": \"추가 정보로는 자연어 처리 기술에 대한 연구 결과와 기술 사양이 포함됩니다.\"\n}\n```",
  "quality_metrics": {
    "final_score": 6.0,
    "is_production_ready": true,
    "iterations_used": 3,
    "is_high_quality": false
  },
  "metadata": {
    "source_file": "../batch_triplet_results\\result_제22대국회 제427회(임시회) 제4차 환경노동위원회(전체회의) (2025.07.21.)\\05_final_result.json",
    "utterance_count": 115,
    "transcript_length": 7299,
    "speakers": [
      "김태선 위원",
      "우재준 위원",
      "박해철 위원",
      "강득구 위원",
      "위원장 안호영",
      "김주영 위원",
      "박홍배 위원",
      "박정 위원",
      "김형동 위원",
      "조지연 위원",
      "정혜경 위원"
    ],
    "dataset_type": "train",
    "processing_date": "2025-07-31T12:14:34.157699"
  }
}