{
  "id": "train_001",
  "source_dir": "result_TS3012a",
  "notion_output": "```json\n{\n    \"project_name\": \"트렌디한 TV 리모컨 디자인 프로젝트\",\n    \"project_purpose\": \"사용자 친화적이고 독창적인 TV 리모컨을 디자인하여 시장에 혁신적인 제품을 제공\",\n    \"project_period\": \"2025.01.01 ~ 2025.03.31\",\n    \"project_manager\": \"마크\",\n    \"core_objectives\": [\n        \"목표 1: 사용자 인터페이스를 개선하여 사용 편의성을 극대화\",\n        \"목표 2: 경량화된 재질을 사용하여 제품의 휴대성과 사용성을 향상\",\n        \"목표 3: 패션 요소를 전자제품에 접목하여 트렌디한 디자인 구현\"\n    ],\n    \"core_idea\": \"전자제품에 패션을 접목한 혁신적인 TV 리모컨 디자인\",\n    \"idea_description\": \"기존의 TV 리모컨 디자인을 탈피하여, 사용자 경험을 고려한 인터페이스와 경량화된 재질을 사용하여 트렌디하고 혁신적인 제품을 개발. 이로 인해 사용자에게 새로운 경험을 제공하고 시장에서의 경쟁력을 확보.\",\n    \"execution_plan\": \"1단계: 기능 설계 (2025.01.01 ~ 2025.01.31) - 사용자 인터페이스 및 재질 선택\\n2단계: 디자인 개발 (2025.02.01 ~ 2025.02.28) - 패션 요소를 반영한 디자인 시안 제작\\n3단계: 프로토타입 제작 및 테스트 (2025.03.01 ~ 2025.03.31) - 프로토타입 제작 및 사용자 피드백 반영\",\n    \"expected_effects\": [\n        \"기대효과 1: 사용자 만족도 향상으로 인한 브랜드 이미지 제고\",\n        \"기대효과 2: 혁신적인 디자인으로 인한 시장 점유율 확대\",\n        \"기대효과 3: 경량화된 제품으로 인한 생산 및 물류 비용 절감\"\n    ]\n}\n```",
  "prd_output": "```json\n{\n    \"overview\": \"파싱된 프로젝트는 회의 내용을 기반으로 프로젝트를 관리하는 시스템입니다. 이 프로젝트는 회의 중 논의된 사항을 체계적으로 정리하고, 이를 바탕으로 프로젝트를 생성 및 관리할 수 있도록 돕습니다. 타겟 사용자는 회의를 자주 진행하는 팀이나 조직으로, 회의 후 업무를 체계적으로 관리하고자 하는 사용자들입니다. 이 프로젝트는 회의에서 나온 아이디어와 결정을 손쉽게 프로젝트로 전환하여 생산성을 높이는 가치를 제공합니다.\",\n    \"core_features\": \"1. 회의 내용 자동 파싱: 회의 기록을 자동으로 분석하여 주요 내용을 추출합니다.\\n2. 프로젝트 생성: 파싱된 내용을 기반으로 프로젝트를 자동 생성합니다.\\n3. 작업 할당: 각 팀원에게 적절한 작업을 할당하고, 진행 상황을 추적할 수 있습니다.\\n4. 알림 시스템: 작업 마감일 및 회의 일정을 알림으로 제공합니다.\",\n    \"user_experience\": \"사용자는 회의가 끝난 후, 기록된 회의 내용을 시스템에 업로드합니다. 시스템은 이를 분석하여 프로젝트를 생성하고, 사용자는 생성된 프로젝트를 검토한 후 필요한 수정 작업을 수행합니다. 주요 페르소나는 프로젝트 매니저와 팀원이며, 직관적인 UI를 통해 쉽게 프로젝트를 관리할 수 있도록 설계되었습니다.\",\n    \"technical_architecture\": \"시스템은 클라우드 기반으로 설계되며, 주요 구성 요소로는 데이터 파싱 모듈, 프로젝트 관리 모듈, 사용자 인터페이스가 있습니다. 데이터 모델은 회의 기록, 프로젝트, 작업, 사용자 정보를 포함하며, API를 통해 외부 시스템과의 연동을 지원합니다. 인프라는 AWS를 기반으로 하여 확장성과 안정성을 보장합니다.\",\n    \"development_roadmap\": \"1. MVP: 회의 내용 파싱 및 프로젝트 생성 기능 개발\\n2. 2단계: 작업 할당 및 알림 시스템 추가\\n3. 3단계: 사용자 피드백 기반 UI/UX 개선 및 추가 기능 개발\",\n    \"logical_dependency_chain\": \"1. 회의 내용 파싱 기능 개발\\n2. 프로젝트 생성 모듈 개발\\n3. 작업 할당 및 알림 시스템 개발\\n4. UI/UX 개선 및 최적화\",\n    \"risks_and_mitigations\": \"기술적 도전으로는 자연어 처리의 정확도가 있으며, 이를 위해 최신 NLP 기술을 도입합니다. 자원 제약사항으로는 개발 인력과 시간이며, 이를 해결하기 위해 외부 전문가와 협업을 고려합니다.\",\n    \"appendix\": \"추가 정보로는 자연어 처리 기술 연구 결과 및 관련 기술 사양이 포함됩니다. 또한, 유사 프로젝트 사례 연구를 통해 얻은 인사이트를 공유합니다.\"\n}\n```",
  "quality_metrics": {
    "final_score": 6.0,
    "is_production_ready": true,
    "iterations_used": 1,
    "is_high_quality": false
  },
  "metadata": {
    "source_file": "../batch_triplet_results\\result_TS3012a\\05_final_result.json",
    "utterance_count": 125,
    "transcript_length": 4316,
    "speakers": [
      "Speaker_A",
      "Speaker_B",
      "Speaker_D",
      "Speaker_C"
    ],
    "dataset_type": "train",
    "processing_date": "2025-07-31T10:49:35.279743"
  }
}