{
  "id": "train_123",
  "source_dir": "result_Bmr030_processed",
  "notion_output": "```json\n{\n    \"project_name\": \"DARPA 데모 및 시스템 최적화 프로젝트\",\n    \"project_purpose\": \"DARPA 데모를 성공적으로 준비하고 실행하여 기술적 성과를 입증하며, 시스템 성능을 최적화하여 운영 효율성을 증대\",\n    \"project_period\": \"2023.11.01 ~ 2024.01.31\",\n    \"project_manager\": \"모건\",\n    \"core_objectives\": [\n        \"목표 1: DARPA 데모를 위한 모든 준비물 및 설명서 완비\",\n        \"목표 2: 응용프로그램 간 전환 기능의 완벽한 구현 및 테스트\",\n        \"목표 3: 새로운 서버 및 장비 설치를 통한 시스템 성능 최적화\",\n        \"목표 4: IBM과의 협업을 통한 데이터 처리 및 전사 효율성 향상\"\n    ],\n    \"core_idea\": \"DARPA 데모를 통해 기술적 역량을 입증하고, 시스템의 효율성을 극대화하며, IBM과의 협업을 통해 데이터 처리 및 전사 효율성을 향상시킴\",\n    \"idea_description\": \"DARPA 데모는 다양한 응용프로그램 간의 전환을 원활히 수행할 수 있는 시스템을 구축하고, 이를 통해 기술적 우수성을 입증하는 것을 목표로 한다. 또한, 새로운 서버와 장비 설치를 통해 시스템의 성능을 최적화하고, IBM과의 협업을 통해 데이터 처리 및 전사 효율성을 높이고자 한다.\",\n    \"execution_plan\": [\n        \"1단계: 모든 준비물 및 설명서 준비 (2023.11.01 ~ 2023.11.15)\",\n        \"2단계: 응용프로그램 간 전환 기능 테스트 및 검증 (2023.11.16 ~ 2023.12.15)\",\n        \"3단계: 새로운 서버 및 장비 설치 (2023.12.16 ~ 2024.01.15)\",\n        \"4단계: IBM과의 협업을 통한 데이터 처리 및 전사 효율성 향상 (2023.12.16 ~ 2024.01.15)\",\n        \"5단계: 최종 데모 준비 및 실행 (2024.01.16 ~ 2024.01.31)\"\n    ],\n    \"expected_effects\": [\n        \"기대효과 1: DARPA 데모의 성공적 수행을 통한 기술적 신뢰성 확보\",\n        \"기대효과 2: 시스템 성능 최적화를 통한 운영 효율성 증대\",\n        \"기대효과 3: 새로운 기술 및 장비 도입을 통한 미래 프로젝트 준비 강화\",\n        \"기대효과 4: IBM과의 협업을 통한 데이터 처리 및 전사 효율성 향상\"\n    ],\n    \"meeting_insights\": [\n        \"모건의 역할: 모건은 DARPA 데모의 테스트를 주도하며, 준비물 및 설명서의 완비를 확인\",\n        \"응용프로그램 전환: Alt + Tab 기능을 통한 응용프로그램 간 전환 테스트가 필요하며, Windows 환경 외의 시스템에서도 테스트 필요\",\n        \"서버 및 장비 설치: 새로운 무선 장비 설치 계획이 있으며, 배선 작업이 필요\",\n        \"IBM 협업: IBM과의 데이터 처리 및 전사 작업 효율성을 높이기 위한 협업 필요\",\n        \"데이터 백업 및 저장: 테이프와 디스크를 활용한 데이터 백업 및 저장 전략 필요\",\n        \"장비 및 시스템 업그레이드: 새로운 서버 및 장비 설치를 통해 시스템 성능 최적화 필요\"\n    ]\n}\n```",
  "prd_output": "```json\n{\n    \"overview\": \"파싱된 프로젝트는 회의 내용을 기반으로 한 프로젝트로, 회의에서 논의된 내용을 체계적으로 관리하고 추적하는 것을 목표로 합니다. 이 프로젝트는 회의 참가자, 관리자, 그리고 프로젝트 관리자가 주요 타겟 사용자입니다. 이 프로젝트는 회의 내용을 자동으로 파싱하고, 이를 통해 프로젝트의 진행 상황을 명확히 파악할 수 있는 가치를 제공합니다.\",\n    \"core_features\": \"1. 회의 내용 자동 파싱: 회의 중 기록된 내용을 자동으로 파싱하여 프로젝트 관리에 필요한 정보를 추출합니다. 2. 프로젝트 진행 상황 추적: 파싱된 데이터를 기반으로 프로젝트의 진행 상황을 시각적으로 표시합니다. 3. 사용자 맞춤형 대시보드: 각 사용자에게 맞춤화된 대시보드를 제공하여 필요한 정보를 쉽게 접근할 수 있도록 합니다.\",\n    \"user_experience\": \"사용자는 회의가 끝난 후 자동으로 생성된 프로젝트 개요를 확인할 수 있습니다. 페르소나는 프로젝트 관리자, 팀 리더, 일반 팀원으로 나뉘며, 각자의 역할에 맞는 정보를 제공받습니다. 주요 플로우는 회의 내용 입력 -> 자동 파싱 -> 대시보드 확인으로 구성됩니다. UI/UX는 직관적이고 사용하기 쉽게 설계되어야 합니다.\",\n    \"technical_architecture\": \"시스템은 클라이언트-서버 구조로 구성되며, 데이터베이스는 파싱된 회의 데이터를 저장합니다. API는 클라이언트가 서버와 통신하는 데 사용되며, 인프라는 클라우드 기반으로 확장성을 고려하여 설계됩니다.\",\n    \"development_roadmap\": \"MVP 요구사항에는 기본적인 회의 내용 파싱 기능과 대시보드 제공이 포함됩니다. 향후 개선사항으로는 자연어 처리 기술을 활용한 파싱 정확도 향상과 사용자 피드백 기반의 UI 개선이 있습니다. 단계별 개발은 초기 파싱 기능 구현 후 대시보드 개발, 이후 사용자 피드백을 반영한 개선 작업으로 진행됩니다.\",\n    \"logical_dependency_chain\": \"기초 기능인 회의 내용 파싱 기능이 우선 개발되어야 하며, 이후 대시보드 기능이 개발됩니다. 점진적 개발 방식으로 각 기능을 독립적으로 테스트하고 통합하는 방식으로 진행됩니다.\",\n    \"risks_and_mitigations\": \"기술적 도전은 자연어 처리의 정확도와 성능에 있습니다. MVP 정의는 필수 기능만 포함하여 빠르게 시장에 출시하는 것을 목표로 합니다. 자원 제약사항으로는 개발 인력과 시간 제한이 있으며, 이를 해결하기 위해 외부 전문가의 자문을 받을 계획입니다.\",\n    \"appendix\": \"추가 정보로는 자연어 처리 기술에 대한 최신 연구 결과와 기술 사양이 포함됩니다. 이 외에도 사용자 인터뷰 결과와 시장 조사 자료가 참고 자료로 제공됩니다.\"\n}\n```",
  "quality_metrics": {
    "final_score": 6.0,
    "is_production_ready": true,
    "iterations_used": 3,
    "is_high_quality": false
  },
  "metadata": {
    "source_file": "../batch_triplet_results\\result_Bmr030_processed\\05_final_result.json",
    "utterance_count": 369,
    "transcript_length": 12405,
    "speakers": [
      "Speaker_A",
      "Speaker_B",
      "Speaker_E",
      "Speaker_D",
      "Speaker_C"
    ],
    "dataset_type": "train",
    "processing_date": "2025-07-31T13:17:15.223844"
  }
}