{
  "id": "train_198",
  "source_dir": "result_제22대국회 제427회(임시회) 제1차 농림축산식품해양수산위원회(전체회의) (2025.07.08.)",
  "notion_output": "```json\n{\n    \"project_name\": \"해양수산부장관 인사청문회 준비 프로젝트\",\n    \"project_purpose\": \"해양수산부장관 후보자에 대한 인사청문회를 체계적으로 준비하고 수행하여 후보자의 적격성을 검증\",\n    \"project_period\": \"2023.06.13 ~ 2023.07.14\",\n    \"project_manager\": \"위원장 어기구\",\n    \"core_objectives\": [\n        \"목표 1: 인사청문회 실시 계획서 채택\",\n        \"목표 2: 인사청문회 자료제출 요구서 작성 및 제출\",\n        \"목표 3: 참고인 출석 요구 및 청문회 준비\"\n    ],\n    \"core_idea\": \"인사청문회를 통해 후보자의 자질과 정책 방향성을 검증하고, 관련 자료와 참고인을 통해 객관적인 평가를 진행\",\n    \"idea_description\": \"인사청문회는 후보자의 자질을 검증하는 중요한 절차로, 이를 위해 체계적인 계획 수립과 자료 제출, 참고인 출석 등을 통해 철저한 준비가 필요하다.\",\n    \"execution_plan\": \"1. 인사청문회 실시 계획서 채택: 2023.06.13\\n2. 자료제출 요구서 작성 및 제출: 2023.06.13 ~ 2023.07.11\\n3. 참고인 출석 요구 및 준비: 2023.06.13 ~ 2023.07.14\\n4. 인사청문회 실시: 2023.07.14\",\n    \"expected_effects\": [\n        \"기대효과 1: 후보자의 자질과 정책 방향에 대한 명확한 검증\",\n        \"기대효과 2: 청문회를 통한 국민의 신뢰 확보\",\n        \"기대효과 3: 체계적인 청문회 준비로 인한 효율적인 회의 진행\"\n    ]\n}\n```",
  "prd_output": "```json\n{\n    \"overview\": \"파싱된 프로젝트는 회의 내용을 기반으로 한 프로젝트로, 회의에서 논의된 사항을 체계적으로 정리하고 관리할 수 있는 솔루션을 제공합니다. 이 프로젝트는 회의 내용을 효율적으로 파악하고 활용하고자 하는 기업 및 팀을 타겟으로 하며, 회의의 핵심 아이디어와 실행 계획을 명확히 하여 목표 달성에 기여하는 가치를 제안합니다.\",\n    \"core_features\": \"1. 회의 내용 자동 파싱: 회의 중 논의된 내용을 자동으로 텍스트로 변환하고 요약합니다. 2. 실행 계획 생성: 파싱된 내용을 기반으로 실행 가능한 계획을 자동으로 생성합니다. 3. 목표 추적: 설정된 목표를 지속적으로 추적하고 달성 여부를 모니터링합니다.\",\n    \"user_experience\": \"사용자는 회의가 끝난 후 자동으로 생성된 요약 보고서를 확인할 수 있으며, 이를 통해 실행 계획을 검토하고 수정할 수 있습니다. 주요 페르소나는 프로젝트 매니저와 팀 리더이며, UI/UX는 직관적이고 사용하기 쉽게 설계되어 있습니다.\",\n    \"technical_architecture\": \"시스템은 클라우드 기반으로 설계되며, 음성 인식 API를 통해 회의 내용을 텍스트로 변환합니다. 데이터 모델은 회의 기록, 실행 계획, 목표 추적 정보를 포함하며, 인프라는 AWS를 기반으로 합니다.\",\n    \"development_roadmap\": \"MVP는 회의 내용 파싱 및 요약 기능을 포함하며, 이후 실행 계획 생성 및 목표 추적 기능이 추가됩니다. 단계별로 기능을 확장하여 최종적으로 완전한 프로젝트 관리 솔루션을 제공합니다.\",\n    \"logical_dependency_chain\": \"초기에는 음성 인식 및 텍스트 파싱 기능을 개발하고, 이후 요약 및 실행 계획 생성 기능을 추가합니다. 마지막으로 목표 추적 기능을 구현하여 전체 시스템을 완성합니다.\",\n    \"risks_and_mitigations\": \"기술적 도전으로는 음성 인식 정확도와 자연어 처리의 복잡성이 있으며, 이를 위해 최신 AI 기술을 활용합니다. 자원 제약사항으로는 개발 인력과 시간 관리가 있으며, 이를 위해 외부 전문가와의 협업을 고려합니다.\",\n    \"appendix\": \"추가 정보로는 음성 인식 및 자연어 처리 관련 최신 연구 결과와 기술 사양이 포함됩니다.\"\n}\n```",
  "quality_metrics": {
    "final_score": 6.0,
    "is_production_ready": true,
    "iterations_used": 1,
    "is_high_quality": false
  },
  "metadata": {
    "source_file": "../batch_triplet_results\\result_제22대국회 제427회(임시회) 제1차 농림축산식품해양수산위원회(전체회의) (2025.07.08.)\\05_final_result.json",
    "utterance_count": 37,
    "transcript_length": 2422,
    "speakers": [
      "위원장 어기구",
      "조승환 위원"
    ],
    "dataset_type": "train",
    "processing_date": "2025-07-31T14:50:02.216241"
  }
}