{
  "id": "train_167",
  "source_dir": "result_TS3005c",
  "notion_output": "```json\n{\n    \"project_name\": \"다기능 사용자 맞춤형 리모컨 개발 프로젝트\",\n    \"project_purpose\": \"다양한 사용자층의 요구를 반영한 직관적이고 내구성 있는 리모컨 개발\",\n    \"project_period\": \"2025.01.01 ~ 2025.03.31\",\n    \"project_manager\": \"Speaker_A\",\n    \"core_objectives\": [\n        \"목표 1: 다양한 사용자층을 위한 직관적이고 사용자 친화적인 인터페이스 설계\",\n        \"목표 2: 고무, 티타늄 및 기타 내구성 있는 재료를 활용한 리모컨 제작\",\n        \"목표 3: 충전식 배터리와 도킹 스테이션을 통한 편리한 사용성 제공\",\n        \"목표 4: 다양한 색상 옵션과 디자인을 통해 사용자 취향 반영\"\n    ],\n    \"core_idea\": \"사용자 경험을 극대화한 다기능 리모컨\",\n    \"idea_description\": \"리모컨은 둥근 모양과 부드러운 고무 재질로 제작되며, 다양한 색상 옵션을 제공하여 사용자 취향에 맞출 수 있습니다. LCD 화면과 직관적인 버튼 배열을 통해 사용 편의성을 높였으며, 버튼은 사용자 인터페이스를 고려하여 수평 및 수직으로 배치됩니다.\",\n    \"execution_plan\": {\n        \"1단계\": {\n            \"기간\": \"2025.01.01 ~ 2025.01.31\",\n            \"활동\": \"디자인 및 재료 선정\",\n            \"책임자\": \"Speaker_B\"\n        },\n        \"2단계\": {\n            \"기간\": \"2025.02.01 ~ 2025.02.28\",\n            \"활동\": \"프로토타입 제작 및 테스트\",\n            \"책임자\": \"Speaker_C\"\n        },\n        \"3단계\": {\n            \"기간\": \"2025.03.01 ~ 2025.03.31\",\n            \"활동\": \"생산 및 마케팅 준비\",\n            \"책임자\": \"Speaker_D\"\n        }\n    },\n    \"expected_effects\": [\n        \"기대효과 1: 사용자 만족도 증가 - 직관적인 디자인과 다양한 기능으로 사용자 경험 향상\",\n        \"기대효과 2: 시장 점유율 확대 - 혁신적인 디자인과 기능으로 경쟁 제품 대비 우위 확보\",\n        \"기대효과 3: 비용 절감 - 내구성 있는 재료 사용으로 유지보수 비용 절감\",\n        \"기대효과 4: 사용자 맞춤형 옵션 제공으로 브랜드 충성도 향상\"\n    ],\n    \"additional_details\": {\n        \"버튼 배열 및 사용자 인터페이스\": \"버튼은 사용자의 손 크기와 사용성을 고려하여 수평 및 수직으로 배치되며, 확대/축소 옵션을 포함합니다.\",\n        \"재료\": \"고무, 티타늄 외에도 나무와 같은 단단한 재료를 사용하여 내구성을 강화합니다.\",\n        \"색상 옵션\": \"빨간색, 파란색, 흰색, 노란색 등 다양한 색상 옵션을 제공하여 사용자 선택의 폭을 넓힙니다.\",\n        \"기타 기능\": \"도킹 스테이션을 통한 충전식 배터리 사용으로 편리성을 높이고, 그래픽 사용자 인터페이스를 통해 직관적인 사용 경험을 제공합니다.\"\n    }\n}\n```",
  "prd_output": "```json\n{\n    \"overview\": \"파싱된 프로젝트는 회의 내용을 기반으로 한 프로젝트로, 회의에서 논의된 사항을 체계적으로 정리하고 관리할 수 있도록 돕습니다. 이 프로젝트는 회의 기록을 자동으로 파싱하여 프로젝트 관리에 필요한 정보를 추출하고, 이를 통해 사용자들이 효율적으로 프로젝트를 관리할 수 있도록 지원합니다. 타겟 사용자는 주로 프로젝트 매니저, 팀 리더, 그리고 회의 주최자들입니다. 이 프로젝트의 가치는 회의 후속 조치를 자동화하여 시간과 노력을 절약하고, 프로젝트의 투명성과 효율성을 높이는 데 있습니다.\",\n    \"core_features\": \"1. 회의 내용 자동 파싱: 회의 기록을 자동으로 분석하여 주요 항목을 추출합니다.\\n2. 프로젝트 관리 통합: 파싱된 데이터를 프로젝트 관리 도구와 연동하여 실시간 업데이트를 제공합니다.\\n3. 알림 및 리마인더: 중요한 마일스톤과 작업 항목에 대한 알림을 설정할 수 있습니다.\",\n    \"user_experience\": \"사용자는 회의 후 기록을 업로드하면 자동으로 파싱된 결과를 확인할 수 있습니다. 페르소나는 프로젝트 매니저로, 주요 플로우는 회의 기록 업로드 -> 파싱 결과 확인 -> 프로젝트 관리 도구 연동입니다. UI/UX는 직관적이고 사용하기 쉬운 인터페이스를 제공하여 사용자 경험을 극대화합니다.\",\n    \"technical_architecture\": \"시스템은 클라우드 기반으로 설계되며, 데이터 모델은 회의 기록과 파싱된 항목을 저장합니다. API는 외부 프로젝트 관리 도구와의 연동을 지원하며, 인프라는 확장 가능하고 안정적인 클라우드 서비스를 사용합니다.\",\n    \"development_roadmap\": \"MVP 요구사항은 자동 파싱 기능과 기본적인 프로젝트 관리 도구 연동입니다. 향후 개선사항으로는 고급 분석 기능과 사용자 맞춤형 대시보드가 포함됩니다. 단계별 개발 범위는 초기 파싱 기능 개발 -> 연동 기능 추가 -> 고급 기능 개발입니다.\",\n    \"logical_dependency_chain\": \"개발 순서는 회의 기록 파싱 기능을 먼저 개발하고, 이후 프로젝트 관리 도구와의 연동 기능을 추가합니다. 기초 기능 우선순위는 파싱 정확도와 속도입니다. 점진적 개발 방식으로 각 기능을 단계적으로 구현합니다.\",\n    \"risks_and_mitigations\": \"기술적 도전은 자연어 처리의 정확성입니다. 이를 위해 최신 NLP 기술을 도입하고 지속적인 학습을 통해 개선합니다. MVP 정의는 핵심 파싱 기능과 기본 연동 기능입니다. 자원 제약사항은 초기 개발 인력과 클라우드 비용입니다.\",\n    \"appendix\": \"추가 정보로는 최신 NLP 기술 연구 결과와 프로젝트 관리 도구의 API 사양이 포함됩니다.\"\n}\n```",
  "quality_metrics": {
    "final_score": 6.0,
    "is_production_ready": true,
    "iterations_used": 2,
    "is_high_quality": false
  },
  "metadata": {
    "source_file": "../batch_triplet_results\\result_TS3005c\\05_final_result.json",
    "utterance_count": 349,
    "transcript_length": 11112,
    "speakers": [
      "Speaker_A",
      "Speaker_B",
      "Speaker_D",
      "Speaker_C"
    ],
    "dataset_type": "train",
    "processing_date": "2025-07-31T14:13:18.746915"
  }
}