{
  "id": "train_023",
  "source_dir": "result_제22대국회 제427회(임시회) 제3차 과학기술정보방송통신위원회(전체회의) (2025.07.15.)",
  "notion_output": "```json\n{\n    \"project_name\": \"과기정통부 장관 인사청문회 절차 및 투명성 강화 프로젝트\",\n    \"project_purpose\": \"과기정통부 장관 인사청문회의 절차적 투명성과 효율성을 개선하여 공정하고 신뢰성 있는 인사 검증을 보장\",\n    \"project_period\": \"2024.01.01 ~ 2024.06.30\",\n    \"project_manager\": \"최민희 위원장\",\n    \"core_objectives\": [\n        \"목표 1: 인사청문회 자료 제출 절차의 투명성과 신속성 강화\",\n        \"목표 2: 청문회 진행 시 여야 간 협치 및 균형 유지\",\n        \"목표 3: 청문회 후속 조치 및 결과 보고 체계 확립\"\n    ],\n    \"core_idea\": \"인사청문회의 투명성과 효율성을 높이기 위한 체계적인 개선 방안 마련\",\n    \"idea_description\": \"청문회 과정에서 발생하는 자료 제출 지연 및 불충분한 답변 문제를 해결하고, 여야 간 협치를 통해 청문회가 공정하게 진행될 수 있도록 시스템을 개선합니다.\",\n    \"execution_plan\": [\n        {\n            \"단계\": \"1단계\",\n            \"내용\": \"청문회 자료 제출 절차 검토 및 개선안 마련\",\n            \"세부사항\": [\n                \"자료 제출 지연 및 불충분한 답변 문제 분석\",\n                \"자료 제출 절차의 투명성 및 신속성 강화 방안 수립\",\n                \"배경훈 후보자의 자료 제출 지연 및 부실한 답변 사례 분석\"\n            ],\n            \"기간\": \"2024.01.01 ~ 2024.02.28\"\n        },\n        {\n            \"단계\": \"2단계\",\n            \"내용\": \"여야 협치 방안 논의 및 합의 도출\",\n            \"세부사항\": [\n                \"청문회 진행 시 여야 간 협치 및 균형 유지 방안 논의\",\n                \"협치 방안에 대한 여야 합의 도출\",\n                \"최수진 위원의 협치 요청 및 김장겸 위원의 공무원 보호 요청 반영\"\n            ],\n            \"기간\": \"2024.03.01 ~ 2024.04.30\"\n        },\n        {\n            \"단계\": \"3단계\",\n            \"내용\": \"청문회 후속 조치 및 결과 보고 체계 구축\",\n            \"세부사항\": [\n                \"청문회 후속 조치에 대한 구체적인 방안 마련\",\n                \"결과 보고 체계 및 책임자 명시\",\n                \"김현 위원의 경찰 수사 결과에 따른 책임 명확화 요청 반영\"\n            ],\n            \"기간\": \"2024.05.01 ~ 2024.06.30\"\n        }\n    ],\n    \"expected_effects\": [\n        \"기대효과 1: 청문회 자료 제출의 투명성 및 신속성 향상으로 인한 검증 효율성 증대\",\n        \"기대효과 2: 여야 간 협치를 통한 청문회 진행의 공정성 확보\",\n        \"기대효과 3: 청문회 후속 조치 체계 확립으로 인한 정책 집행의 신뢰성 강화\"\n    ],\n    \"specific_issues_addressed\": [\n        \"자료 제출 지연 및 불충분한 답변 문제\",\n        \"청문회 진행 중 발생한 특정 사건이나 이슈\",\n        \"청문회 후속 조치에 대한 구체적인 방안 및 책임자 명시\",\n        \"배경훈 후보자의 사임 절차 및 관련 법적 문제\"\n    ]\n}\n```",
  "prd_output": "```json\n{\n    \"overview\": \"파싱된 프로젝트는 회의 내용을 기반으로 프로젝트를 관리하고 추적하는 시스템입니다. 이 프로젝트는 회의에서 논의된 내용을 체계적으로 정리하여 프로젝트 관리에 활용하는 것을 목표로 합니다. 타겟 사용자는 주로 프로젝트 매니저와 팀 리더이며, 이 시스템을 통해 회의에서 논의된 사항을 손쉽게 프로젝트로 전환하여 관리할 수 있는 가치를 제공합니다.\",\n    \"core_features\": \"1. 회의 내용 파싱: 회의에서 논의된 내용을 자동으로 파싱하여 프로젝트의 태스크로 변환합니다. 2. 프로젝트 관리: 파싱된 내용을 기반으로 프로젝트를 생성하고, 태스크를 관리할 수 있는 기능을 제공합니다. 3. 실시간 업데이트: 회의 중 추가된 내용을 실시간으로 반영하여 프로젝트에 업데이트합니다.\",\n    \"user_experience\": \"사용자는 회의가 끝난 후 자동으로 생성된 프로젝트를 확인하고, 필요한 경우 수동으로 수정할 수 있습니다. 주요 사용자 페르소나는 프로젝트 매니저이며, UI는 직관적이고 사용하기 쉽게 설계되어 있습니다. 주요 플로우는 회의 내용 입력 -> 자동 파싱 -> 프로젝트 생성 -> 태스크 관리입니다.\",\n    \"technical_architecture\": \"시스템은 클라우드 기반으로 설계되며, 데이터 모델은 회의 내용, 프로젝트, 태스크 간의 관계를 중심으로 구성됩니다. API는 외부 회의 기록 시스템과의 연동을 지원하며, 인프라는 AWS를 기반으로 구축됩니다.\",\n    \"development_roadmap\": \"MVP 요구사항은 회의 내용 파싱 및 프로젝트 생성 기능입니다. 향후 개선사항으로는 사용자 피드백을 반영한 UI 개선과 추가 기능 개발이 포함됩니다. 단계별 개발 범위는 초기 파싱 기능 개발 -> 프로젝트 생성 기능 개발 -> UI 개선 및 추가 기능 개발입니다.\",\n    \"logical_dependency_chain\": \"개발 순서는 회의 내용 파싱 기능을 먼저 개발하고, 그 다음으로 프로젝트 생성 기능을 개발합니다. 이후 UI 개선과 추가 기능을 점진적으로 개발합니다.\",\n    \"risks_and_mitigations\": \"기술적 도전은 회의 내용의 정확한 파싱이며, 이를 위해 자연어 처리 기술을 활용합니다. MVP 정의는 핵심 기능인 회의 내용 파싱과 프로젝트 생성에 집중합니다. 자원 제약사항은 개발 인력과 시간이며, 이를 위해 우선순위를 명확히 하여 개발을 진행합니다.\",\n    \"appendix\": \"추가 정보로는 자연어 처리 기술에 대한 연구 결과와 기술 사양이 포함됩니다. 또한, 유사 프로젝트 분석 자료도 참고 자료로 포함됩니다.\"\n}\n```",
  "quality_metrics": {
    "final_score": 6.0,
    "is_production_ready": true,
    "iterations_used": 3,
    "is_high_quality": false
  },
  "metadata": {
    "source_file": "../batch_triplet_results\\result_제22대국회 제427회(임시회) 제3차 과학기술정보방송통신위원회(전체회의) (2025.07.15.)\\05_final_result.json",
    "utterance_count": 121,
    "transcript_length": 6661,
    "speakers": [
      "김현 위원",
      "박충권 위원",
      "한민수 위원",
      "김장겸 위원",
      "최수진 위원",
      "최형두 위원",
      "박정훈 위원",
      "이해민 위원",
      "위원장 최민희"
    ],
    "dataset_type": "train",
    "processing_date": "2025-07-31T11:13:16.704860"
  }
}