{
  "id": "train_106",
  "source_dir": "result_Bro023_processed",
  "notion_output": "```json\n{\n    \"project_name\": \"고급 노이즈 추정 및 필터링 시스템 개발\",\n    \"project_purpose\": \"음성 신호 처리에서 노이즈를 효과적으로 제거하여 음성 인식 성능을 향상시키는 것\",\n    \"project_period\": \"2024.01.01 ~ 2024.06.30\",\n    \"project_manager\": \"Speaker_D (데이브)\",\n    \"core_objectives\": [\n        \"목표 1: VAD 기반의 노이즈 추정 기법을 개선하여 노이즈 제거 성능 향상\",\n        \"목표 2: 위너 필터링과 스펙트럼 뺄셈 기법의 결합을 통한 노이즈 감소\",\n        \"목표 3: 다양한 주파수 대역에서의 노이즈 제거 효과를 최적화\"\n    ],\n    \"core_idea\": \"VAD 기반 노이즈 추정과 위너 필터링을 결합하여 음성 신호의 노이즈를 효과적으로 제거\",\n    \"idea_description\": \"VAD를 통해 음성 활동을 감지하고, 위너 필터링과 스펙트럼 뺄셈을 통해 노이즈를 제거하여 음성 신호의 품질을 향상시킴. 이를 통해 음성 인식 시스템의 정확도를 높임.\",\n    \"execution_plan\": \"1단계: VAD 기반 노이즈 추정 기법 개선 (2024.01.01 ~ 2024.02.28)\\n2단계: 위너 필터링과 스펙트럼 뺄셈 기법의 결합 테스트 (2024.03.01 ~ 2024.04.30)\\n3단계: 다양한 주파수 대역에서의 최적화 및 성능 평가 (2024.05.01 ~ 2024.06.30)\",\n    \"expected_effects\": [\n        \"기대효과 1: 음성 인식 시스템의 정확도 30% 향상\",\n        \"기대효과 2: 노이즈 제거 성능의 정량적 개선 (노이즈 감소율 56.5%)\",\n        \"기대효과 3: 다양한 환경에서의 음성 인식 성능 일관성 유지\"\n    ]\n}\n```",
  "prd_output": "```json\n{\n    \"overview\": \"파싱된 프로젝트는 회의 내용을 기반으로 프로젝트를 생성하는 시스템입니다. 이 프로젝트는 회의에서 논의된 내용을 자동으로 파싱하여 프로젝트 관리에 필요한 정보를 추출하고, 이를 바탕으로 프로젝트를 체계적으로 관리할 수 있도록 돕습니다. 타겟 사용자는 주로 프로젝트 관리자와 팀원들로, 회의 후 수작업으로 프로젝트를 정리하는 시간을 절약하고, 실수를 줄이며, 효율성을 높이는 것을 목표로 합니다.\",\n    \"core_features\": \"1. 회의 내용 자동 파싱: 회의에서 논의된 내용을 자동으로 인식하고, 프로젝트 관련 정보를 추출합니다.\\n2. 프로젝트 생성 및 관리: 추출된 정보를 바탕으로 프로젝트를 자동으로 생성하고 관리할 수 있습니다.\\n3. 사용자 정의 설정: 사용자가 원하는 방식으로 프로젝트를 커스터마이즈할 수 있는 기능을 제공합니다.\",\n    \"user_experience\": \"사용자는 회의가 끝난 후 시스템에 회의록을 업로드하거나 실시간으로 회의 내용을 입력합니다. 시스템은 이를 분석하여 프로젝트를 생성하고, 사용자는 생성된 프로젝트를 검토하고 필요시 수정할 수 있습니다. 페르소나는 프로젝트 관리자와 팀원이며, 주요 플로우는 회의록 업로드, 프로젝트 생성, 프로젝트 검토 및 수정입니다. UI/UX는 직관적이고 사용하기 쉬운 인터페이스를 제공하여 사용자가 쉽게 접근할 수 있도록 설계됩니다.\",\n    \"technical_architecture\": \"시스템은 클라우드 기반의 서비스로, 데이터 파싱을 위한 NLP 모델과 프로젝트 관리 시스템을 통합합니다. 데이터 모델은 회의록 데이터를 구조화된 프로젝트 데이터로 변환하는 것을 포함하며, API는 외부 회의록 서비스와의 연동을 지원합니다. 인프라는 AWS를 기반으로 하여 확장성과 안정성을 보장합니다.\",\n    \"development_roadmap\": \"MVP 요구사항은 회의 내용 파싱 및 기본적인 프로젝트 생성 기능을 포함합니다. 향후 개선사항으로는 고급 분석 기능, 다양한 외부 서비스와의 연동, 사용자 피드백 기반의 기능 개선이 있습니다. 단계별 개발 범위는 초기 파싱 기능 개발, 프로젝트 생성 기능 개발, 사용자 인터페이스 개선으로 나뉩니다.\",\n    \"logical_dependency_chain\": \"개발 순서는 먼저 NLP 모델을 통한 회의 내용 파싱 기능을 구현하고, 그 다음으로 프로젝트 생성 기능을 개발합니다. 이후 사용자 인터페이스를 개선하여 전체적인 사용자 경험을 향상시킵니다. 기초 기능 우선순위는 파싱 기능, 프로젝트 생성 기능, UI/UX 개선 순입니다.\",\n    \"risks_and_mitigations\": \"기술적 도전으로는 NLP 모델의 정확도 향상과 다양한 회의록 형식 지원이 있으며, 이를 위해 지속적인 모델 학습과 테스트가 필요합니다. MVP 정의는 기본적인 회의록 파싱 및 프로젝트 생성 기능으로, 자원 제약사항으로는 초기 데이터 수집 및 모델 학습에 필요한 리소스가 있습니다.\",\n    \"appendix\": \"추가 정보로는 NLP 모델의 학습 데이터 출처 및 기술 사양, 유사 프로젝트 분석 결과 등이 포함됩니다.\"\n}\n```",
  "quality_metrics": {
    "final_score": 6.0,
    "is_production_ready": true,
    "iterations_used": 1,
    "is_high_quality": false
  },
  "metadata": {
    "source_file": "../batch_triplet_results\\result_Bro023_processed\\05_final_result.json",
    "utterance_count": 580,
    "transcript_length": 21681,
    "speakers": [
      "Speaker_A",
      "Speaker_B",
      "Speaker_E",
      "Speaker_D",
      "Speaker_C"
    ],
    "dataset_type": "train",
    "processing_date": "2025-07-31T12:56:42.705573"
  }
}