{
  "id": "train_119",
  "source_dir": "result_제22대국회 제418회(정기회) 제11차 과학기술정보방송통신위원회(전체회의) (2024.10.25.)",
  "notion_output": "```json\n{\n    \"project_name\": \"2024년 국정감사 불출석 및 동행명령 회피 증인 고발 프로젝트\",\n    \"project_purpose\": \"국회 과학기술정보방송통신위원회의 국정감사에 불출석하고 동행명령을 회피한 증인에 대한 법적 조치를 통해 국회의 권위를 강화하고 법적 절차를 준수하도록 함.\",\n    \"project_period\": \"2024.10.25 ~ 2024.12.31\",\n    \"project_manager\": \"최민희 위원장\",\n    \"core_objectives\": [\n        \"목표 1: 국정감사 불출석 및 동행명령 회피 증인에 대한 법적 고발 절차 진행\",\n        \"목표 2: 국회의 권위와 법적 절차 준수 강화\",\n        \"목표 3: 향후 국정감사에서의 증인 출석률 향상\"\n    ],\n    \"core_idea\": \"국정감사에 불출석한 증인에 대한 법적 조치를 통해 국회의 권위를 강화하고, 향후 유사 사례를 예방\",\n    \"idea_description\": \"국회의 국정감사에 불출석하고 동행명령을 회피한 증인에 대해 국회에서의 증언·감정 등에 관한 법률을 근거로 고발 조치를 취함으로써 국회의 권위를 유지하고 법적 절차를 준수하도록 함.\",\n    \"execution_plan\": \"1. 증인 명단 및 불출석 사유 검토\\n2. 관련 법률 검토 및 고발장 작성\\n3. 위원회 표결을 통한 고발 결정\\n4. 법적 절차에 따라 고발 진행\\n5. 고발 결과 보고 및 향후 대책 마련\",\n    \"expected_effects\": [\n        \"기대효과 1: 국회의 권위 강화 및 법적 절차 준수 촉진\",\n        \"기대효과 2: 국정감사 증인 출석률 향상\",\n        \"기대효과 3: 향후 유사 사례 예방을 통한 국정감사 효율성 증대\"\n    ]\n}\n```",
  "prd_output": "```json\n{\n    \"overview\": \"파싱된 프로젝트는 회의 내용을 기반으로 한 프로젝트로, 회의 중 논의된 핵심 아이디어를 체계적으로 정리하고 실행 계획을 수립하는 것을 목표로 합니다. 이 프로젝트는 회의 후의 혼란을 줄이고, 명확한 실행 계획을 제공하여 팀의 생산성을 높이는 것을 목적으로 합니다. 타겟 사용자는 주로 프로젝트 매니저, 팀 리더, 그리고 회의 주최자들입니다. 이 프로젝트는 효율적인 회의 관리와 실행 가능한 계획 수립을 통해 조직의 목표 달성을 지원합니다.\",\n    \"core_features\": \"1. 회의 내용 자동 파싱: 회의 내용을 자동으로 텍스트로 변환하고, 핵심 아이디어를 추출합니다. 2. 실행 계획 생성: 추출된 아이디어를 기반으로 실행 가능한 계획을 자동으로 생성합니다. 3. 목표 설정 및 추적: 설정된 목표를 추적하고, 진행 상황을 모니터링할 수 있는 기능을 제공합니다.\",\n    \"user_experience\": \"사용자는 회의 후 간단한 인터페이스를 통해 회의 내용을 업로드하고, 자동으로 생성된 실행 계획과 목표를 확인할 수 있습니다. 페르소나는 바쁜 일정 속에서도 효율적으로 회의를 관리하고자 하는 프로젝트 매니저입니다. 주요 플로우는 회의 내용 업로드 -> 자동 파싱 및 계획 생성 -> 결과 확인 및 수정입니다. UI/UX는 직관적이고 간단한 인터페이스를 제공하여 사용자가 쉽게 접근할 수 있도록 설계됩니다.\",\n    \"technical_architecture\": \"시스템은 클라우드 기반으로 구성되며, 회의 내용을 처리하는 자연어 처리(NLP) 모듈과 실행 계획을 생성하는 알고리즘 모듈로 구성됩니다. 데이터 모델은 회의 내용, 추출된 아이디어, 실행 계획, 목표 등의 엔티티로 구성됩니다. API는 외부 회의 관리 시스템과의 통합을 지원합니다. 인프라는 AWS를 기반으로 하여 확장성과 안정성을 보장합니다.\",\n    \"development_roadmap\": \"MVP 요구사항은 회의 내용 파싱 및 실행 계획 생성 기능입니다. 향후 개선사항으로는 사용자 피드백 기반의 계획 수정 기능, 다양한 회의 형식 지원, 다국어 지원 등이 있습니다. 단계별 개발 범위는 초기 MVP 개발 -> 사용자 피드백 수집 -> 기능 개선 및 확장입니다.\",\n    \"logical_dependency_chain\": \"개발 순서는 회의 내용 파싱 기능 개발 -> 실행 계획 생성 기능 개발 -> 목표 설정 및 추적 기능 개발입니다. 기초 기능 우선순위는 파싱 기능이 가장 먼저 개발되어야 하며, 이후 계획 생성과 목표 추적 기능이 점진적으로 개발됩니다.\",\n    \"risks_and_mitigations\": \"기술적 도전은 자연어 처리의 정확성과 실행 계획 생성 알고리즘의 효율성입니다. MVP 정의는 최소한의 기능으로 회의 내용을 파싱하고 실행 계획을 생성하는 것입니다. 자원 제약사항은 NLP 모델 학습을 위한 데이터 수집과 클라우드 인프라 비용입니다.\",\n    \"appendix\": \"추가 정보로는 자연어 처리 기술에 대한 연구 결과와 회의 관리의 중요성에 대한 자료가 포함됩니다. 기술 사양으로는 사용된 NLP 모델과 알고리즘의 상세 설명이 포함됩니다.\"\n}\n```",
  "quality_metrics": {
    "final_score": 6.0,
    "is_production_ready": true,
    "iterations_used": 1,
    "is_high_quality": false
  },
  "metadata": {
    "source_file": "../batch_triplet_results\\result_제22대국회 제418회(정기회) 제11차 과학기술정보방송통신위원회(전체회의) (2024.10.25.)\\05_final_result.json",
    "utterance_count": 35,
    "transcript_length": 1780,
    "speakers": [
      "위원장 최민희",
      "출석 전문위원",
      "최형두 위원"
    ],
    "dataset_type": "train",
    "processing_date": "2025-07-31T13:13:32.848959"
  }
}