{
  "id": "train_084",
  "source_dir": "result_ES2002a",
  "notion_output": "```json\n{\n    \"project_name\": \"글로벌 스마트 리모컨 디자인 및 마케팅 프로젝트\",\n    \"project_purpose\": \"국제 시장을 겨냥한 혁신적이고 다기능적인 스마트 리모컨 디자인 및 판매 전략 개발\",\n    \"project_period\": \"2024.01.01 ~ 2024.06.30\",\n    \"project_manager\": \"Andrew\",\n    \"core_objectives\": [\n        \"목표 1: 사용자 친화적이고 다기능적인 리모컨 디자인 개발\",\n        \"목표 2: 25유로의 경쟁력 있는 가격으로 국제 시장에 출시\",\n        \"목표 3: 총 5천만 유로의 매출 목표 달성\"\n    ],\n    \"core_idea\": \"혁신적이고 다기능적인 스마트 리모컨을 통해 글로벌 시장을 공략\",\n    \"idea_description\": \"리모컨의 디자인은 국제적 감각을 반영하여 다양한 문화권의 사용자에게 어필할 수 있도록 하며, 추가 기능을 통해 사용자 경험을 향상시킨다. 가격 경쟁력을 확보하여 시장 점유율을 높인다.\",\n    \"execution_plan\": [\n        {\n            \"단계\": \"디자인 컨셉 개발\",\n            \"기간\": \"2024.01.01 ~ 2024.02.28\",\n            \"세부사항\": \"국제적 감각을 반영한 디자인 요소와 다기능성을 고려한 컨셉 개발\"\n        },\n        {\n            \"단계\": \"프로토타입 제작 및 테스트\",\n            \"기간\": \"2024.03.01 ~ 2024.04.15\",\n            \"세부사항\": \"사용자 인터페이스와 기술 기능을 포함한 프로토타입 제작 및 사용자 피드백 수집\"\n        },\n        {\n            \"단계\": \"마케팅 전략 수립 및 실행\",\n            \"기간\": \"2024.04.16 ~ 2024.05.31\",\n            \"세부사항\": \"국제 시장을 겨냥한 가격 전략과 판매 채널 확립\"\n        },\n        {\n            \"단계\": \"제품 출시 및 초기 피드백 수집\",\n            \"기간\": \"2024.06.01 ~ 2024.06.30\",\n            \"세부사항\": \"초기 시장 반응 분석 및 피드백을 통한 제품 개선\"\n        }\n    ],\n    \"expected_effects\": [\n        \"기대효과 1: 글로벌 시장에서의 브랜드 인지도 향상\",\n        \"기대효과 2: 혁신적인 디자인과 다기능성을 통한 소비자 만족도 증가\",\n        \"기대효과 3: 매출 목표 달성을 통한 회사의 재무적 성장\"\n    ],\n    \"additional_notes\": [\n        \"회의에서 논의된 바와 같이, 리모컨의 디자인은 국제 판매를 고려하여 지역별 특성을 반영할 필요가 있음\",\n        \"판매 가격 전략은 25유로로 설정하되, 생산비와 국제 배송 비용을 고려하여 최종 소매가를 조정\",\n        \"회의에서 언급된 바와 같이, 리모컨은 TV 이상의 기능을 포함할 수 있도록 설계\"\n    ]\n}\n```",
  "prd_output": "```json\n{\n    \"overview\": \"파싱된 프로젝트는 회의 내용을 기반으로 프로젝트를 생성하고 관리하는 시스템입니다. 이 프로젝트는 회의에서 논의된 내용을 자동으로 파싱하여 프로젝트로 변환함으로써 사용자의 업무 효율성을 높이는 것을 목표로 합니다. 타겟 사용자는 회의를 자주 진행하는 팀 리더와 프로젝트 매니저이며, 이 시스템을 통해 회의 후 수동으로 프로젝트를 생성하는 번거로움을 줄이고, 보다 체계적으로 프로젝트를 관리할 수 있는 가치를 제공합니다.\",\n    \"core_features\": \"1. 회의 내용 자동 파싱: 회의 기록을 분석하여 주요 항목을 자동으로 추출하고 프로젝트로 변환합니다.\\n2. 프로젝트 생성 및 관리: 파싱된 데이터를 기반으로 프로젝트를 생성하고, 진행 상황을 추적할 수 있습니다.\\n3. 협업 기능: 팀원들과 실시간으로 프로젝트 정보를 공유하고 업데이트할 수 있습니다.\",\n    \"user_experience\": \"사용자는 회의가 끝난 후 시스템에 회의 기록을 업로드합니다. 시스템은 자동으로 내용을 분석하여 프로젝트를 생성합니다. 사용자는 생성된 프로젝트를 검토하고 필요에 따라 수정할 수 있습니다. 주요 페르소나는 프로젝트 매니저이며, 직관적인 UI/UX를 통해 쉽게 프로젝트를 관리할 수 있도록 설계되었습니다.\",\n    \"technical_architecture\": \"시스템은 클라우드 기반으로 설계되며, 주요 구성 요소는 데이터 파싱 모듈, 프로젝트 관리 모듈, 사용자 인터페이스입니다. 데이터 모델은 회의 기록, 프로젝트 데이터, 사용자 정보를 포함합니다. API는 외부 회의 기록 시스템과의 통합을 지원합니다.\",\n    \"development_roadmap\": \"MVP 단계에서는 회의 내용 파싱 및 기본적인 프로젝트 생성 기능을 제공합니다. 이후 단계적으로 협업 기능과 외부 시스템 통합 기능을 추가할 예정입니다.\",\n    \"logical_dependency_chain\": \"1. 데이터 파싱 모듈 개발\\n2. 프로젝트 생성 모듈 개발\\n3. 사용자 인터페이스 개발\\n4. 협업 기능 추가\\n5. 외부 시스템 통합\",\n    \"risks_and_mitigations\": \"기술적 도전은 자연어 처리(NLP) 기술을 활용한 정확한 데이터 파싱입니다. MVP 정의는 기본적인 프로젝트 생성 기능을 포함하며, 자원 제약사항으로는 개발 인력과 시간입니다. 이를 위해 초기 단계에서 핵심 기능에 집중하고, 점진적으로 기능을 확장할 계획입니다.\",\n    \"appendix\": \"추가 정보로는 자연어 처리 기술에 대한 연구 결과와 시스템 요구사항 문서가 포함됩니다.\"\n}\n```",
  "quality_metrics": {
    "final_score": 6.0,
    "is_production_ready": true,
    "iterations_used": 2,
    "is_high_quality": false
  },
  "metadata": {
    "source_file": "../batch_triplet_results\\result_ES2002a\\05_final_result.json",
    "utterance_count": 117,
    "transcript_length": 3819,
    "speakers": [
      "Speaker_A",
      "Speaker_B",
      "Speaker_D",
      "Speaker_C"
    ],
    "dataset_type": "train",
    "processing_date": "2025-07-31T12:27:26.263995"
  }
}