{
  "id": "train_114",
  "source_dir": "result_EN2009d",
  "notion_output": "```json\n{\n    \"project_name\": \"시선 추적 데이터 기반 사용자 경험 분석 프로젝트\",\n    \"project_purpose\": \"시선 추적 데이터를 활용하여 사용자 행동을 심층적으로 분석하고, 이를 통해 사용자 경험을 개선하기 위한 구조화된 데이터 모델을 구축하는 것\",\n    \"project_period\": \"2025.01.01 ~ 2025.03.31\",\n    \"project_manager\": \"JP\",\n    \"core_objectives\": [\n        \"목표 1: 시선 추적 데이터를 통해 사용자 행동 패턴을 심층 분석\",\n        \"목표 2: 동적 객체와의 상호작용 분석을 통해 사용자 경험 개선 방안 도출\",\n        \"목표 3: GDF 형식의 데이터 모델 구축 및 검증을 통해 데이터 분석의 효율성 및 정확성 향상\"\n    ],\n    \"core_idea\": \"시선 추적 데이터를 활용하여 사용자 행동을 분석하고, 이를 통해 사용자 경험을 개선하기 위한 데이터 모델을 개발\",\n    \"idea_description\": \"시선 추적 데이터를 통해 사용자들이 특정 이벤트나 객체에 어떻게 반응하는지를 분석하고, 이를 통해 사용자 경험을 개선할 수 있는 구조화된 데이터 모델을 개발합니다. 이 과정에서 GDF 형식을 활용하여 데이터를 구조화하고, 분석 결과를 바탕으로 사용자 인터페이스 및 상호작용 디자인을 개선합니다.\",\n    \"execution_plan\": [\n        {\n            \"단계\": \"1단계\",\n            \"내용\": \"시선 추적 데이터 수집 및 전처리\",\n            \"기간\": \"2025.01.01 ~ 2025.01.31\",\n            \"세부사항\": [\n                \"시선 추적 장비 및 소프트웨어 설정\",\n                \"데이터 수집을 위한 실험 설계 및 파일럿 테스트\",\n                \"수집된 데이터의 전처리 및 초기 분석\"\n            ]\n        },\n        {\n            \"단계\": \"2단계\",\n            \"내용\": \"데이터 분석 및 행동 패턴 도출\",\n            \"기간\": \"2025.02.01 ~ 2025.02.28\",\n            \"세부사항\": [\n                \"고정관념과 안구 도약 운동 분석\",\n                \"동적 객체와의 상호작용 분석\",\n                \"행동 패턴 도출 및 가설 검증\",\n                \"특정 이벤트 후 시선 이동 및 고정 분석\"\n            ]\n        },\n        {\n            \"단계\": \"3단계\",\n            \"내용\": \"GDF 형식의 데이터 모델 구축 및 검증\",\n            \"기간\": \"2025.03.01 ~ 2025.03.31\",\n            \"세부사항\": [\n                \"GDF 형식의 데이터 모델 설계 및 구현\",\n                \"모델 검증 및 피드백 반영\",\n                \"최종 보고서 작성 및 결과 발표\",\n                \"데이터 모델의 효율성 및 정확성 평가\"\n            ]\n        }\n    ],\n    \"expected_effects\": [\n        \"기대효과 1: 사용자 행동 패턴에 대한 심층적인 이해를 통해 사용자 경험 개선\",\n        \"기대효과 2: GDF 형식의 데이터 모델을 통해 데이터 분석의 효율성 및 정확성 향상\",\n        \"기대효과 3: 사용자 인터페이스 및 상호작용 디자인 개선으로 인한 사용자 만족도 증가\"\n    ],\n    \"technical_requirements\": [\n        \"시선 추적 장비 및 소프트웨어의 정확한 설정 및 사용\",\n        \"데이터 수집 및 분석을 위한 고급 알고리즘 개발\",\n        \"GDF 형식의 데이터 모델 구축을 위한 기술적 사양 정의\",\n        \"동적 객체와의 상호작용을 분석하기 위한 시계열 데이터 처리 기술\"\n    ],\n    \"roles_and_responsibilities\": {\n        \"JP\": \"프로젝트 매니저로서 전체 프로젝트의 진행을 감독하고, 주요 의사결정을 내리며, 팀 간 조율을 담당\",\n        \"팀원\": \"데이터 수집, 분석, 모델 구축 및 검증에 참여하며, 각자의 전문 분야에 따라 세부 작업을 수행\"\n    }\n}\n```",
  "prd_output": "```json\n{\n    \"overview\": \"파싱된 프로젝트는 회의 내용을 기반으로 프로젝트를 생성하는 것을 목표로 합니다. 이 프로젝트는 회의 중 논의된 내용을 자동으로 파싱하여 프로젝트 관리에 필요한 정보를 추출하고, 이를 통해 효율적인 프로젝트 관리와 협업을 지원합니다. 타겟 사용자는 프로젝트 매니저, 팀 리더, 그리고 팀원들로, 이들은 회의 후 수작업으로 프로젝트를 설정하는 시간을 절약할 수 있습니다. 가치 제안은 자동화된 프로젝트 생성으로 인한 시간 절약과 효율성 증대입니다.\",\n    \"core_features\": \"1. 회의 내용 파싱: 회의 중 논의된 내용을 자동으로 텍스트로 변환하고, 이를 분석하여 프로젝트의 주요 요소를 추출합니다. 2. 프로젝트 자동 생성: 파싱된 데이터를 바탕으로 프로젝트 구조를 자동으로 생성합니다. 3. 사용자 맞춤 설정: 사용자는 생성된 프로젝트를 자신의 필요에 맞게 수정할 수 있습니다.\",\n    \"user_experience\": \"사용자는 회의가 끝난 후, 회의 내용을 업로드하거나 실시간으로 입력할 수 있습니다. 시스템은 이를 분석하여 프로젝트를 생성하며, 사용자는 생성된 프로젝트를 검토하고 수정할 수 있습니다. 주요 페르소나는 프로젝트 매니저로, 이들은 직관적인 UI를 통해 빠르게 프로젝트를 설정하고 팀과 공유할 수 있습니다.\",\n    \"technical_architecture\": \"시스템은 음성 인식 및 자연어 처리(NLP) 기술을 활용하여 회의 내용을 파싱합니다. 데이터 모델은 프로젝트의 기본 구조를 정의하며, API를 통해 외부 시스템과의 연동을 지원합니다. 인프라는 클라우드 기반으로 확장성을 고려하여 설계됩니다.\",\n    \"development_roadmap\": \"MVP는 회의 내용을 텍스트로 변환하고, 이를 바탕으로 기본적인 프로젝트 구조를 생성하는 기능을 포함합니다. 이후 단계에서는 사용자 맞춤 설정 기능과 외부 시스템 연동 기능이 추가될 예정입니다.\",\n    \"logical_dependency_chain\": \"1. 음성 인식 및 NLP 기술 개발 2. 프로젝트 구조 생성 알고리즘 구현 3. 사용자 인터페이스 개발 4. 외부 시스템 연동 기능 추가\",\n    \"risks_and_mitigations\": \"기술적 도전은 음성 인식의 정확도와 NLP의 효율성입니다. 이를 위해 최신 기술을 연구하고, 사용자의 피드백을 통해 지속적으로 개선할 계획입니다. 자원 제약사항으로는 개발 인력과 시간 관리가 있으며, 이를 위해 단계별 목표를 설정하고 우선순위를 명확히 할 것입니다.\",\n    \"appendix\": \"추가 정보로는 음성 인식 및 NLP 기술에 대한 최신 연구 결과와 기술 사양이 포함됩니다.\"\n}\n```",
  "quality_metrics": {
    "final_score": 6.0,
    "is_production_ready": true,
    "iterations_used": 3,
    "is_high_quality": false
  },
  "metadata": {
    "source_file": "../batch_triplet_results\\result_EN2009d\\05_final_result.json",
    "utterance_count": 725,
    "transcript_length": 28088,
    "speakers": [
      "Speaker_B",
      "Speaker_D",
      "Speaker_C",
      "Speaker_A"
    ],
    "dataset_type": "train",
    "processing_date": "2025-07-31T13:05:32.169283"
  }
}