{
  "id": "train_091",
  "source_dir": "result_Bmr010_processed",
  "notion_output": "```json\n{\n    \"project_name\": \"다양한 음성 환경에서의 스피커 분리 및 중복 분석 프로젝트\",\n    \"project_purpose\": \"다양한 음성 환경에서 스피커의 음성을 정확히 분리하고 중복을 효과적으로 분석하여 음성 인식 시스템의 정확성을 높이는 것\",\n    \"project_period\": \"2024.01.01 ~ 2024.06.30\",\n    \"project_manager\": \"Speaker_G\",\n    \"core_objectives\": [\n        \"목표 1: 멜 스케일과 라우드니스, 에너지, 제로 크로싱 레이트 등의 음향적 특징을 활용하여 스피커의 음성을 정확하게 분리하는 알고리즘 개발\",\n        \"목표 2: 중복 음성을 감지하고 분석하는 시스템 구축을 통해 데이터 품질 향상\",\n        \"목표 3: 다양한 스피커 환경에서의 음성 인식 정확성을 높이기 위한 데이터 전처리 기술 개선\"\n    ],\n    \"core_idea\": \"스피커의 음성을 분리하고 중복을 분석하여 음성 인식의 정확성을 향상시키는 것\",\n    \"idea_description\": \"스피커의 음성을 분리하기 위해 멜 스케일에서 20개의 중요한 밴드와 라우드니스, 에너지, 제로 크로싱 레이트 등의 음향적 특징을 활용하고, 중복을 감지하여 음성 데이터의 품질을 향상시킴. 이를 통해 음성 인식 시스템의 정확성을 높이고, 다양한 음성 환경에서의 적용성을 강화함.\",\n    \"execution_plan\": [\n        {\n            \"단계\": \"1단계\",\n            \"내용\": \"음성 데이터 수집 및 전처리\",\n            \"기간\": \"2024.01.01 ~ 2024.02.28\",\n            \"세부사항\": \"다양한 음성 환경에서의 데이터 수집 및 멜 스케일과 라우드니스, 에너지, 제로 크로싱 레이트 등의 특징을 추출하여 전처리. 특히 시끄러운 스피커와 조용한 스피커를 위한 두 가지 믹스를 활용하여 데이터의 다양성을 확보.\"\n        },\n        {\n            \"단계\": \"2단계\",\n            \"내용\": \"스피커 분리 알고리즘 개발 및 테스트\",\n            \"기간\": \"2024.03.01 ~ 2024.04.30\",\n            \"세부사항\": \"시끄러운 스피커와 조용한 스피커를 위한 두 가지 믹스를 활용하여 스피커 분리 알고리즘 개발 및 테스트. 멜 스케일에서 20개의 중요한 밴드를 활용하여 스피커의 음성을 정확히 분리하는 방법론 적용.\"\n        },\n        {\n            \"단계\": \"3단계\",\n            \"내용\": \"중복 감지 및 분석 시스템 구축\",\n            \"기간\": \"2024.05.01 ~ 2024.06.30\",\n            \"세부사항\": \"중복 감지를 위한 HMM 및 마르코프 모델을 활용하여 중복 분석 시스템 구축. 특히, 중복 발생 시점과 스피커 간의 전환을 정확히 감지하여 데이터의 품질을 높임.\"\n        }\n    ],\n    \"expected_effects\": [\n        \"기대효과 1: 음성 인식의 정확성 향상으로 사용자 경험 개선\",\n        \"기대효과 2: 다양한 음성 환경에서의 적용성 강화로 시장 경쟁력 확보\",\n        \"기대효과 3: 음성 데이터 처리 효율성 증대로 운영 비용 절감\"\n    ]\n}\n```",
  "prd_output": "```json\n{\n    \"overview\": \"파싱된 프로젝트는 회의 내용 기반 프로젝트로, 회의 중에 논의된 내용을 자동으로 파싱하여 프로젝트 관리에 활용할 수 있도록 돕습니다. 타겟 사용자는 회의가 잦은 기업의 프로젝트 관리자들입니다. 이 프로젝트는 회의 기록을 보다 효율적으로 관리하고, 프로젝트 진행 상황을 실시간으로 업데이트할 수 있는 가치를 제공합니다.\",\n    \"core_features\": \"1. 회의 내용 자동 파싱: 회의 중 녹음된 내용을 텍스트로 변환하고, 주요 키워드와 할 일 목록을 자동으로 추출합니다. 2. 프로젝트 관리 통합: 파싱된 데이터를 기존 프로젝트 관리 툴과 연동하여 실시간 업데이트가 가능합니다. 3. 알림 및 리마인더: 파싱된 할 일 목록에 기반하여 사용자에게 알림과 리마인더를 제공합니다.\",\n    \"user_experience\": \"사용자는 회의가 끝난 후 자동으로 생성된 프로젝트 업데이트를 확인할 수 있습니다. 페르소나는 프로젝트 관리자이며, 주요 플로우는 회의 녹음 시작 -> 파싱 결과 확인 -> 프로젝트 업데이트입니다. UI/UX는 직관적이고 사용하기 쉽게 설계되어야 합니다.\",\n    \"technical_architecture\": \"시스템은 음성 인식 API를 사용하여 회의 내용을 텍스트로 변환하고, 자연어 처리(NLP) 알고리즘을 통해 주요 정보를 추출합니다. 데이터는 클라우드 기반 데이터베이스에 저장되며, API를 통해 프로젝트 관리 툴과 통신합니다. 인프라는 확장성을 고려하여 설계됩니다.\",\n    \"development_roadmap\": \"MVP 요구사항은 회의 내용 파싱 및 프로젝트 관리 툴과의 기본 연동입니다. 향후 개선사항으로는 다국어 지원 및 고급 분석 기능이 포함됩니다. 단계별 개발 범위는 초기 파싱 기능 개발 -> 프로젝트 관리 툴 연동 -> 사용자 피드백 반영 및 개선입니다.\",\n    \"logical_dependency_chain\": \"기초 기능으로 음성 인식 및 텍스트 변환이 우선 개발되어야 하며, 그 다음으로 NLP 알고리즘 개발이 필요합니다. 이후 프로젝트 관리 툴 연동 및 알림 시스템이 추가됩니다. 점진적 개발 방식으로 각 기능을 독립적으로 테스트하고 통합합니다.\",\n    \"risks_and_mitigations\": \"기술적 도전은 음성 인식의 정확도와 NLP 알고리즘의 효율성입니다. MVP 정의는 회의 내용의 정확한 파싱과 기본적인 프로젝트 업데이트 기능입니다. 자원 제약사항은 음성 인식 API 사용료와 데이터 저장 비용입니다.\",\n    \"appendix\": \"추가 정보로는 음성 인식 및 NLP 관련 최신 연구 결과와 기술 사양이 포함됩니다. 또한, 프로젝트 관리 툴과의 연동을 위한 API 문서가 제공됩니다.\"\n}\n```",
  "quality_metrics": {
    "final_score": 6.0,
    "is_production_ready": true,
    "iterations_used": 3,
    "is_high_quality": false
  },
  "metadata": {
    "source_file": "../batch_triplet_results\\result_Bmr010_processed\\05_final_result.json",
    "utterance_count": 608,
    "transcript_length": 20175,
    "speakers": [
      "Speaker_F",
      "Speaker_A",
      "Speaker_H",
      "Speaker_G",
      "Speaker_B",
      "Speaker_E",
      "Speaker_D",
      "Speaker_C"
    ],
    "dataset_type": "train",
    "processing_date": "2025-07-31T12:35:19.376286"
  }
}