{
  "id": "train_018",
  "source_dir": "result_ES2015b",
  "notion_output": "```json\n{\n    \"project_name\": \"지속 가능한 스마트 리모컨 개발 프로젝트\",\n    \"project_purpose\": \"환경 친화적이고 내구성이 뛰어난 스마트 리모컨 개발\",\n    \"project_period\": \"2024.01.01 ~ 2024.06.30\",\n    \"project_manager\": \"Speaker_B\",\n    \"core_objectives\": [\n        \"목표 1: 사용자 편의성을 고려한 직관적이고 트렌디한 디자인 구현\",\n        \"목표 2: 환경에 미치는 영향을 최소화하는 재활용 및 재사용 가능한 소재 사용\",\n        \"목표 3: 다양한 TV 및 엔터테인먼트 기기와의 호환성 확보 및 내구성 강화\"\n    ],\n    \"core_idea\": \"사용자 경험을 극대화하고 지속 가능한 소재를 활용하여 내구성이 뛰어난 스마트 리모컨 개발\",\n    \"idea_description\": \"스마트 리모컨은 직관적인 디자인과 다양한 기기와의 호환성을 제공하며, 재활용 가능한 소재를 사용하여 환경에 미치는 영향을 줄입니다. 젊은 성인층을 타겟으로 하여 트렌디한 디자인을 채택하고, 사용자의 사용 패턴을 분석하여 버튼의 내구성을 강화합니다.\",\n    \"execution_plan\": [\n        \"1단계: 시장 조사 및 사용자 요구 분석 (2024.01.01 ~ 2024.02.15)\",\n        \"2단계: 디자인 및 프로토타입 개발 (2024.02.16 ~ 2024.04.15)\",\n        \"3단계: 제품 테스트 및 피드백 수집 (2024.04.16 ~ 2024.05.15)\",\n        \"4단계: 최종 제품 개발 및 출시 준비 (2024.05.16 ~ 2024.06.30)\"\n    ],\n    \"technical_details\": {\n        \"durability_enhancement\": \"채널 선택 버튼의 내구성을 강화하기 위해 내구성이 뛰어난 소재 사용 및 반복적인 사용에도 견딜 수 있는 구조 설계\",\n        \"design_elements\": \"젊은 성인층을 겨냥한 트렌디한 색상 및 교환 가능한 외관 디자인\",\n        \"environmental_materials\": \"형상 기억 합금과 같은 스마트 소재 사용 및 재활용 가능한 금속 합금 활용\"\n    },\n    \"expected_effects\": [\n        \"기대효과 1: 사용자 만족도 향상 및 시장 점유율 확대\",\n        \"기대효과 2: 환경 친화적인 제품으로 기업 이미지 개선\",\n        \"기대효과 3: 다양한 기기와의 호환성으로 인한 판매 증가\"\n    ]\n}\n```",
  "prd_output": "```json\n{\n    \"overview\": \"파싱된 프로젝트는 회의 내용을 기반으로 프로젝트를 생성하는 것을 목표로 합니다. 이 프로젝트는 회의에서 논의된 내용을 자동으로 파싱하여 프로젝트 관리에 필요한 정보를 추출하고, 이를 바탕으로 효율적인 프로젝트 관리를 지원합니다. 타겟 사용자는 프로젝트 관리자와 팀원들로, 이들이 회의 내용을 보다 쉽게 정리하고 활용할 수 있도록 돕습니다. 이를 통해 회의 후속 작업의 효율성을 높이고, 정보의 누락을 방지하는 가치를 제공합니다.\",\n    \"core_features\": \"1. 회의 내용 자동 파싱: 회의 녹음 파일이나 텍스트를 입력하면 자동으로 주요 내용을 파싱하여 프로젝트 관리에 필요한 정보로 변환합니다.\\n2. 프로젝트 생성 및 관리: 파싱된 정보를 바탕으로 자동으로 프로젝트를 생성하고, 관련된 작업 항목을 관리할 수 있습니다.\\n3. 알림 및 추적 기능: 프로젝트 진행 상황을 실시간으로 추적하고, 필요한 경우 사용자에게 알림을 제공합니다.\",\n    \"user_experience\": \"사용자는 회의가 끝난 후 녹음 파일이나 텍스트를 시스템에 업로드합니다. 시스템은 이를 파싱하여 프로젝트를 생성하고, 사용자는 생성된 프로젝트를 검토 및 수정할 수 있습니다. 주요 페르소나는 프로젝트 관리자와 팀원으로, 이들은 직관적이고 간단한 UI를 통해 쉽게 프로젝트를 관리할 수 있습니다.\",\n    \"technical_architecture\": \"시스템은 클라우드 기반의 서버에서 동작하며, 파싱 엔진, 데이터베이스, 사용자 인터페이스로 구성됩니다. 데이터 모델은 회의 내용, 프로젝트 정보, 사용자 데이터를 포함하며, API를 통해 외부 시스템과 연동할 수 있습니다. 인프라 요구사항으로는 안정적인 서버 환경과 데이터 보안이 필요합니다.\",\n    \"development_roadmap\": \"MVP 요구사항으로는 회의 내용 파싱 기능과 기본적인 프로젝트 생성 및 관리 기능이 포함됩니다. 향후 개선사항으로는 자연어 처리 기술을 활용한 파싱 정확도 향상과 사용자 맞춤형 알림 기능이 있습니다. 개발은 초기 기능 구현 후 사용자 피드백을 반영하여 점진적으로 진행됩니다.\",\n    \"logical_dependency_chain\": \"개발 순서는 먼저 파싱 엔진 개발을 완료한 후, 프로젝트 생성 및 관리 기능을 구현합니다. 이후 알림 및 추적 기능을 추가하며, 각 단계에서는 사용자 피드백을 반영하여 기능을 개선합니다.\",\n    \"risks_and_mitigations\": \"기술적 도전으로는 자연어 처리의 정확도와 성능이 있으며, 이를 위해 최신 NLP 기술을 도입합니다. MVP 정의는 필수 기능에 집중하여 초기 사용자 피드백을 빠르게 수집하는 것이며, 자원 제약사항으로는 개발 인력과 시간 관리가 있습니다.\",\n    \"appendix\": \"추가 정보로는 자연어 처리 관련 최신 연구 결과와 기술 사양이 포함됩니다. 이를 통해 파싱 엔진의 성능을 지속적으로 개선할 계획입니다.\"\n}\n```",
  "quality_metrics": {
    "final_score": 6.0,
    "is_production_ready": true,
    "iterations_used": 2,
    "is_high_quality": false
  },
  "metadata": {
    "source_file": "../batch_triplet_results\\result_ES2015b\\05_final_result.json",
    "utterance_count": 341,
    "transcript_length": 11932,
    "speakers": [
      "Speaker_B",
      "Speaker_D",
      "Speaker_C",
      "Speaker_A"
    ],
    "dataset_type": "train",
    "processing_date": "2025-07-31T11:10:01.049617"
  }
}