{
  "id": "train_062",
  "source_dir": "result_EN2006a",
  "notion_output": "```json\n{\n    \"project_name\": \"스펙트럼 특징 정의 및 분석 강화 프로젝트\",\n    \"project_purpose\": \"스펙트럼 데이터의 구체적인 특징을 체계적으로 정의하고, 데이터 수정자 및 물리적 의미에 대한 명확한 규칙을 설정하여 연구 효율성을 극대화하는 것\",\n    \"project_period\": \"2024.01.01 ~ 2024.06.30\",\n    \"project_manager\": \"Speaker_B\",\n    \"core_objectives\": [\n        \"목표 1: 회의에서 논의된 스펙트럼 특징의 구체적인 정의와 분류 체계 확립\",\n        \"목표 2: 데이터 수정자 및 스펙트럼 특징의 물리적 의미에 대한 명확한 규칙 설정\",\n        \"목표 3: 스펙트럼 분석 결과를 기반으로 한 과학적 논문 및 보고서 작성\",\n        \"목표 4: 스펙트럼 특징의 물리적 의미와 데이터 수정자에 대한 명확한 이해 증진\"\n    ],\n    \"core_idea\": \"스펙트럼 데이터의 다양한 특징을 체계적으로 정의하고 분석하여 연구 효율성을 높임\",\n    \"idea_description\": \"스펙트럼 데이터는 천문학 및 물리학 연구에서 중요한 역할을 하며, 이를 체계적으로 분석하고 정의하는 것은 연구의 정확성과 효율성을 높이는 데 필수적이다. 본 프로젝트는 회의에서 논의된 스펙트럼의 다양한 특징을 정의하고, 이를 통해 데이터의 물리적 의미를 명확히 하여 연구자들이 보다 쉽게 데이터를 활용할 수 있도록 한다.\",\n    \"execution_plan\": [\n        \"1단계: 스펙트럼 데이터 수집 및 초기 분석 (2024.01.01 ~ 2024.02.28)\",\n        \"2단계: 회의에서 논의된 스펙트럼 특징의 정의 및 분류 체계 확립 (2024.03.01 ~ 2024.04.30)\",\n        \"3단계: 데이터 수정자 및 물리적 의미 규칙 설정, 회의에서 논의된 구체적인 내용 반영 (2024.05.01 ~ 2024.05.31)\",\n        \"4단계: 최종 보고서 및 논문 작성, 회의에서 논의된 스펙트럼 특징 포함 (2024.06.01 ~ 2024.06.30)\"\n    ],\n    \"expected_effects\": [\n        \"기대효과 1: 스펙트럼 데이터 분석의 정확성과 효율성 향상\",\n        \"기대효과 2: 연구자들이 데이터를 보다 쉽게 이해하고 활용할 수 있는 기반 마련\",\n        \"기대효과 3: 스펙트럼 분석 결과를 기반으로 한 새로운 과학적 발견 가능성 증대\"\n    ],\n    \"meeting_integration\": {\n        \"spectrum_features_discussed\": [\n            \"스펙트럼 특징의 물리적 의미와 데이터 수정자에 대한 논의\",\n            \"스펙트럼 데이터의 구체적인 정의와 분류 체계에 대한 토론\",\n            \"흡수선, 라이먼 알파 숲, 퀘이사 등 다양한 스펙트럼 특징에 대한 논의\",\n            \"넓은 흡수선 퀘이사 및 감쇠된 라이먼 알파 시스템에 대한 구체적인 정의\"\n        ],\n        \"rules_and_guidelines\": [\n            \"스펙트럼 특징을 정의하고 분류하는 명확한 규칙 설정\",\n            \"데이터 수정자와 관련된 명확한 지침 마련\",\n            \"회의에서 논의된 스펙트럼 특징의 구체적인 정의 반영\"\n        ]\n    }\n}\n```",
  "prd_output": "```json\n{\n    \"overview\": \"파싱된 프로젝트는 회의 내용을 기반으로 프로젝트를 관리하고 조직화하는 도구입니다. 이 프로젝트는 회의에서 논의된 내용을 효과적으로 파악하고 이를 바탕으로 프로젝트를 생성, 관리하려는 사용자에게 도움을 줍니다. 타겟 사용자는 프로젝트 매니저, 팀 리더, 그리고 회의 내용을 체계적으로 관리하고자 하는 모든 직장인입니다. 이 도구는 회의에서 논의된 내용을 자동으로 파싱하여 프로젝트의 핵심 아이디어와 목표를 명확히 하고, 실행 계획을 수립하는 데 가치를 제공합니다.\",\n    \"core_features\": \"1. 회의 내용 파싱: 회의에서 논의된 내용을 자동으로 파싱하여 프로젝트의 핵심 아이디어와 목표를 추출합니다.\\n2. 프로젝트 생성: 파싱된 정보를 바탕으로 프로젝트를 자동으로 생성하고, 실행 계획을 수립합니다.\\n3. 목표 관리: 추출된 목표를 기반으로 프로젝트의 진행 상황을 추적하고 관리합니다.\",\n    \"user_experience\": \"사용자는 회의 내용을 입력하거나 업로드하면, 시스템이 이를 파싱하여 프로젝트를 생성합니다. 주요 페르소나는 프로젝트 매니저로, 회의 후 빠르게 프로젝트를 설정하고 팀과 공유할 수 있습니다. UI/UX는 직관적이고 사용자가 쉽게 이해할 수 있도록 설계됩니다.\",\n    \"technical_architecture\": \"시스템은 자연어 처리(NLP) 기술을 사용하여 회의 내용을 파싱합니다. 데이터 모델은 회의 내용, 프로젝트 정보, 목표 등을 포함하며, API는 외부 회의 기록 시스템과의 통합을 지원합니다. 인프라는 클라우드 기반으로 확장성을 고려하여 설계됩니다.\",\n    \"development_roadmap\": \"MVP 요구사항은 회의 내용 파싱 및 기본 프로젝트 생성 기능입니다. 향후 개선사항으로는 고급 목표 관리 기능과 외부 시스템과의 통합이 포함됩니다. 개발은 초기 파싱 기능 구현 후, 사용자 피드백을 반영하여 점진적으로 개선됩니다.\",\n    \"logical_dependency_chain\": \"1. 회의 내용 파싱 기능 개발\\n2. 프로젝트 생성 기능 구현\\n3. 목표 관리 기능 추가\\n4. 외부 시스템과의 통합 기능 개발\",\n    \"risks_and_mitigations\": \"기술적 도전은 NLP의 정확도와 성능입니다. 이를 위해 초기 MVP는 제한된 도메인에서 테스트하며, 점진적으로 범위를 확장합니다. 자원 제약사항은 개발 인력과 시간이며, 이를 해결하기 위해 우선순위를 명확히 하고 단계별로 개발을 진행합니다.\",\n    \"appendix\": \"추가 정보로는 NLP 기술에 대한 연구 결과와 기술 사양이 포함됩니다. 또한, 유사 프로젝트와의 비교 분석 자료도 제공됩니다.\"\n}\n```",
  "quality_metrics": {
    "final_score": 6.0,
    "is_production_ready": true,
    "iterations_used": 3,
    "is_high_quality": false
  },
  "metadata": {
    "source_file": "../batch_triplet_results\\result_EN2006a\\05_final_result.json",
    "utterance_count": 635,
    "transcript_length": 21410,
    "speakers": [
      "Speaker_B",
      "Speaker_D",
      "Speaker_C",
      "Speaker_A"
    ],
    "dataset_type": "train",
    "processing_date": "2025-07-31T12:03:24.355857"
  }
}