{
  "id": "train_047",
  "source_dir": "result_ES2005b",
  "notion_output": "```json\n{\n    \"project_name\": \"스마트 리모컨 디자인 혁신 프로젝트\",\n    \"project_purpose\": \"사용자 친화적이고 매출 증대에 기여하는 스마트 리모컨 개발\",\n    \"project_period\": \"2024.01.01 ~ 2024.06.30\",\n    \"project_manager\": \"브라이언\",\n    \"core_objectives\": [\n        \"목표 1: 사용자 경험을 개선하기 위한 직관적인 리모컨 디자인 개발\",\n        \"목표 2: 불필요한 기능을 제거하여 비용 효율적인 제품 제작\",\n        \"목표 3: 시장 조사 결과를 반영한 혁신적인 기능 추가\"\n    ],\n    \"core_idea\": \"사용자 중심의 직관적이고 간결한 리모컨 디자인\",\n    \"idea_description\": \"현재 시중의 리모컨은 복잡하고 비효율적이라는 사용자 피드백을 반영하여, 버튼 수를 줄이고 필수 기능만을 포함한 디자인을 제안합니다. 또한, 사용자 인터페이스를 개선하여 사용자가 쉽게 조작할 수 있도록 하며, 충전식 배터리를 도입하여 지속 가능한 제품을 만듭니다.\",\n    \"execution_plan\": [\n        \"1단계 (2024.01.01 ~ 2024.02.15): 시장 조사 및 사용자 피드백 수집\",\n        \"2단계 (2024.02.16 ~ 2024.03.31): 디자인 프로토타입 개발 및 테스트\",\n        \"3단계 (2024.04.01 ~ 2024.05.15): 기능 최적화 및 생산 준비\",\n        \"4단계 (2024.05.16 ~ 2024.06.30): 제품 출시 및 초기 마케팅\"\n    ],\n    \"expected_effects\": [\n        \"기대효과 1: 사용자 만족도 증가로 인한 브랜드 이미지 개선\",\n        \"기대효과 2: 생산 비용 절감으로 인한 매출 증가\",\n        \"기대효과 3: 혁신적인 디자인으로 시장 점유율 확대\"\n    ]\n}\n```",
  "prd_output": "```json\n{\n    \"overview\": \"파싱된 프로젝트는 회의 내용을 기반으로 프로젝트를 생성하는 것을 목적으로 합니다. 이 프로젝트는 회의에서 논의된 내용을 체계적으로 정리하고 관리하기 위한 솔루션을 제공합니다. 타겟 사용자는 회의에서 나온 아이디어와 결정을 효과적으로 관리하고자 하는 팀 및 조직입니다. 이 프로젝트는 회의 내용을 자동으로 파싱하여 프로젝트로 변환함으로써 시간과 노력을 절약하고, 정보의 누락을 방지하는 가치를 제공합니다.\",\n    \"core_features\": \"1. 회의 내용 자동 파싱: 회의에서 논의된 내용을 자동으로 인식하고 파싱하여 프로젝트로 변환합니다. 2. 프로젝트 생성 및 관리: 파싱된 내용을 기반으로 프로젝트를 생성하고, 이를 관리할 수 있는 기능을 제공합니다. 3. 사용자 정의 가능성: 사용자가 필요에 따라 프로젝트 구조를 커스터마이즈할 수 있습니다.\",\n    \"user_experience\": \"사용자는 회의가 끝난 후, 회의 내용을 시스템에 업로드하면 자동으로 프로젝트가 생성됩니다. 주요 사용자 페르소나는 프로젝트 매니저와 팀 리더이며, 이들은 직관적인 UI를 통해 프로젝트를 쉽게 관리할 수 있습니다. UI/UX는 간단하고 명료하게 설계되어 사용자가 최소한의 클릭으로 원하는 작업을 수행할 수 있도록 고려되었습니다.\",\n    \"technical_architecture\": \"시스템은 클라우드 기반으로 구축되며, 데이터 모델은 회의 내용과 프로젝트 정보를 저장할 수 있도록 설계됩니다. API는 외부 시스템과의 통합을 지원하며, 인프라 요구사항은 안정적인 데이터 처리와 저장을 위한 클라우드 서비스 사용을 포함합니다.\",\n    \"development_roadmap\": \"MVP는 회의 내용의 기본적인 파싱과 프로젝트 생성 기능을 포함합니다. 이후 단계에서는 사용자 정의 기능과 외부 시스템 통합 기능이 추가될 예정입니다. 단계별로 기능을 확장하여 사용자 피드백을 반영할 계획입니다.\",\n    \"logical_dependency_chain\": \"기초 기능으로 회의 내용 파싱 기능을 우선 개발하고, 이후 프로젝트 생성 및 관리 기능을 개발합니다. 점진적으로 사용자 정의 기능과 외부 시스템 통합 기능을 추가합니다.\",\n    \"risks_and_mitigations\": \"기술적 도전은 자연어 처리 기술의 정확성입니다. 이를 위해 MVP 단계에서 핵심 기능을 명확히 정의하고, 자원 제약사항을 고려하여 우선순위를 설정합니다.\",\n    \"appendix\": \"추가 정보로는 자연어 처리 기술에 대한 연구 결과와 기술 사양이 포함됩니다. 이 외에도 회의 내용 파싱에 대한 사례 연구 및 참고 자료가 제공됩니다.\"\n}\n```",
  "quality_metrics": {
    "final_score": 6.0,
    "is_production_ready": true,
    "iterations_used": 1,
    "is_high_quality": false
  },
  "metadata": {
    "source_file": "../batch_triplet_results\\result_ES2005b\\05_final_result.json",
    "utterance_count": 234,
    "transcript_length": 7752,
    "speakers": [
      "Speaker_A",
      "Speaker_B",
      "Speaker_D",
      "Speaker_C"
    ],
    "dataset_type": "train",
    "processing_date": "2025-07-31T11:40:30.174799"
  }
}