{
  "id": "train_141",
  "source_dir": "result_제22대국회 제422회(임시회) 제1차 과학기술정보방송통신위원회(정보통신방송법안심사소위원회) (2025.02.25.)",
  "notion_output": "```json\n{\n    \"project_name\": \"지능정보화 및 정보통신망 법률 개정 프로젝트\",\n    \"project_purpose\": \"지능정보화와 정보통신망 관련 법률의 개정을 통해 공공기관 및 민간의 정보화 사업 효율성을 증대하고, 개인정보 보호 및 청소년 보호를 강화하는 것\",\n    \"project_period\": \"2024.01.01 ~ 2024.06.30\",\n    \"project_manager\": \"김현\",\n    \"core_objectives\": [\n        \"목표 1: 지능정보화 기본법의 공공기관 정의에 지방자치단체 출자·출연 기관을 포함하여 법적 공백을 해소\",\n        \"목표 2: 정보통신망 이용촉진 및 정보보호 법률 개정을 통해 개인정보 보호 및 청소년 보호 강화\",\n        \"목표 3: 사이버 명예훼손 관련 법률 개정을 통해 피해자 보호 및 표현의 자유 균형 유지\"\n    ],\n    \"core_idea\": \"지능정보화 및 정보통신망 관련 법률의 개정\",\n    \"idea_description\": \"지능정보화 기본법과 정보통신망 이용촉진 및 정보보호 등에 관한 법률의 개정을 통해 공공기관의 정의를 명확히 하고, 정보통신망에서의 개인정보 보호 및 청소년 보호를 강화하며, 사이버 명예훼손 문제를 해결하기 위한 법적 기반을 마련\",\n    \"execution_plan\": \"1단계: 법률 개정안 초안 작성 및 검토 (2024.01.01 ~ 2024.02.28)\\n2단계: 관계 부처 및 이해관계자 의견 수렴 (2024.03.01 ~ 2024.03.31)\\n3단계: 법률 개정안 수정 및 최종 확정 (2024.04.01 ~ 2024.04.30)\\n4단계: 국회 상정 및 통과 (2024.05.01 ~ 2024.06.30)\",\n    \"expected_effects\": [\n        \"기대효과 1: 공공기관의 정의 명확화를 통해 지능정보화 사업의 효율성 증대\",\n        \"기대효과 2: 개인정보 보호 강화로 인한 국민의 사생활 보호 및 안전 증대\",\n        \"기대효과 3: 청소년 보호 강화 및 사이버 명예훼손 문제 해결을 통한 사회적 신뢰 회복\"\n    ]\n}\n```",
  "prd_output": "```json\n{\n    \"overview\": \"파싱된 프로젝트는 회의 내용을 기반으로 한 프로젝트로, 회의에서 논의된 주요 아이디어와 계획을 체계적으로 관리하고 실행할 수 있도록 지원합니다. 타겟 사용자는 회의에서 나온 아이디어를 효율적으로 관리하고 실행에 옮기고자 하는 팀과 조직입니다. 이 프로젝트는 회의에서 나온 아이디어를 명확히 정리하고, 실행 가능한 계획으로 전환하여 조직의 생산성을 높이는 것을 목표로 합니다.\",\n    \"core_features\": \"1. 회의 내용 파싱: 회의에서 논의된 내용을 자동으로 파싱하여 주요 아이디어와 계획을 추출합니다. 2. 프로젝트 관리: 파싱된 내용을 기반으로 프로젝트를 생성하고 관리할 수 있는 기능을 제공합니다. 3. 실행 계획 수립: 추출된 아이디어를 바탕으로 실행 가능한 계획을 자동으로 생성합니다.\",\n    \"user_experience\": \"사용자는 회의가 끝난 후, 자동으로 생성된 프로젝트와 실행 계획을 검토하고 수정할 수 있습니다. 주요 페르소나는 프로젝트 매니저와 팀 리더로, 이들은 회의 내용을 빠르게 정리하고 실행 계획을 수립하는 데 중점을 둡니다. UI/UX는 직관적이고 사용하기 쉬운 인터페이스를 제공하여 사용자가 빠르게 적응할 수 있도록 설계됩니다.\",\n    \"technical_architecture\": \"시스템은 클라우드 기반으로 구축되며, 데이터 모델은 회의 내용, 아이디어, 실행 계획을 포함합니다. API는 외부 회의 도구와의 통합을 지원하며, 인프라는 확장성을 고려하여 설계됩니다.\",\n    \"development_roadmap\": \"MVP는 회의 내용 파싱과 기본적인 프로젝트 관리 기능을 포함합니다. 이후 단계에서는 실행 계획 자동화와 외부 도구 통합 기능이 추가될 예정입니다.\",\n    \"logical_dependency_chain\": \"초기 단계에서는 회의 내용 파싱 기능을 우선 개발하고, 이후 프로젝트 관리 기능을 추가합니다. 마지막으로 실행 계획 자동화 기능을 개발하여 전체 시스템을 완성합니다.\",\n    \"risks_and_mitigations\": \"기술적 도전은 자연어 처리 기술의 정확성 확보입니다. MVP는 회의 내용 파싱과 기본 프로젝트 관리 기능을 포함하며, 자원 제약사항은 클라우드 인프라 비용입니다.\",\n    \"appendix\": \"추가 정보로는 자연어 처리 기술 연구 결과와 클라우드 인프라 사양이 포함됩니다.\"\n}\n```",
  "quality_metrics": {
    "final_score": 6.0,
    "is_production_ready": true,
    "iterations_used": 1,
    "is_high_quality": false
  },
  "metadata": {
    "source_file": "../batch_triplet_results\\result_제22대국회 제422회(임시회) 제1차 과학기술정보방송통신위원회(정보통신방송법안심사소위원회) (2025.02.25.)\\05_final_result.json",
    "utterance_count": 502,
    "transcript_length": 29819,
    "speakers": [
      "방송통신위원회부위원장 김태규",
      "과학기술정보통신부소프트웨어정책관 황규철",
      "소위원장 김현",
      "이훈기 위원",
      "노종면 위원",
      "한민수 위원",
      "이정헌 위원",
      "김장겸 위원",
      "최형두 위원",
      "과학기술정보통신부정보통신정책관 엄열",
      "방송통신위원회방송통신이용자정책국장 신영규",
      "과학기술정보통신부제2차관 강도현",
      "이상휘 위원",
      "이해민 위원",
      "신성범 위원",
      "수석전문위원 이복우"
    ],
    "dataset_type": "train",
    "processing_date": "2025-07-31T13:35:38.355128"
  }
}