{
  "id": "train_085",
  "source_dir": "result_ES2012c",
  "notion_output": "```json\n{\n    \"project_name\": \"스마트 리모컨 개발 프로젝트\",\n    \"project_purpose\": \"사용자 친화적이고 비용 효율적인 스마트 리모컨 개발\",\n    \"project_period\": \"2024.01.01 ~ 2024.06.30\",\n    \"project_manager\": \"Speaker_A\",\n    \"core_objectives\": [\n        \"목표 1: 맞춤형 칩 대신 기존 칩과 버튼 기술을 활용하여 비용 절감\",\n        \"목표 2: 교체 가능한 케이스를 통해 사용자 경험 향상\",\n        \"목표 3: 장기 배터리 사용으로 유지보수 비용 절감\"\n    ],\n    \"core_idea\": \"기존 기술을 활용한 비용 효율적인 스마트 리모컨 개발\",\n    \"idea_description\": \"기존 칩과 버튼 기술을 활용하여 개발 비용을 절감하고, 교체 가능한 케이스와 장기 배터리를 통해 사용자 경험을 개선하며 유지보수 비용을 절감하는 스마트 리모컨을 개발합니다.\",\n    \"execution_plan\": \"1단계: 기술 요구사항 분석 및 기존 기술 검토 (2024.01.01 ~ 2024.02.15)\\n2단계: 디자인 및 프로토타입 개발 (2024.02.16 ~ 2024.03.31)\\n3단계: 사용자 테스트 및 피드백 수집 (2024.04.01 ~ 2024.04.30)\\n4단계: 최종 제품 개발 및 생산 준비 (2024.05.01 ~ 2024.06.15)\\n5단계: 시장 출시 및 마케팅 (2024.06.16 ~ 2024.06.30)\",\n    \"expected_effects\": [\n        \"기대효과 1: 개발 비용 절감으로 인한 제품 가격 경쟁력 강화\",\n        \"기대효과 2: 사용자 경험 개선으로 인한 고객 만족도 향상\",\n        \"기대효과 3: 장기 배터리 사용으로 인한 유지보수 비용 절감\"\n    ]\n}\n```",
  "prd_output": "```json\n{\n    \"overview\": \"파싱된 프로젝트는 회의 내용을 기반으로 한 프로젝트로, 사용자들이 회의에서 논의된 내용을 효과적으로 관리하고 추적할 수 있도록 돕습니다. 이 프로젝트는 회의 기록을 자동으로 파싱하여 프로젝트 관리에 필요한 정보를 추출하고, 이를 통해 사용자들이 보다 효율적으로 업무를 진행할 수 있도록 지원합니다. 타겟 사용자는 회의를 자주 진행하는 팀과 조직으로, 이 솔루션을 통해 회의 후속 작업을 체계적으로 관리할 수 있는 가치를 제공합니다.\",\n    \"core_features\": \"1. 회의 내용 자동 파싱: 회의 녹음 파일을 텍스트로 변환하고, 주요 내용을 자동으로 추출합니다. 2. 프로젝트 관리 통합: 추출된 내용을 프로젝트 관리 도구와 연동하여 자동으로 작업을 생성합니다. 3. 알림 및 리마인더: 중요한 마감일과 작업을 사용자에게 알립니다. 4. 보고서 생성: 회의 결과를 기반으로 주간/월간 보고서를 자동 생성합니다.\",\n    \"user_experience\": \"사용자는 회의가 끝난 후 녹음 파일을 업로드하면 자동으로 파싱된 결과를 확인할 수 있습니다. 주요 페르소나는 프로젝트 매니저와 팀 리더로, 이들은 회의 후속 작업을 관리하는 주된 사용자입니다. UI/UX는 직관적이고 사용자가 쉽게 접근할 수 있도록 설계됩니다.\",\n    \"technical_architecture\": \"시스템은 클라우드 기반으로 구성되며, 음성 인식 API를 통해 녹음 파일을 텍스트로 변환합니다. 데이터 모델은 회의, 작업, 사용자 정보를 포함하며, API를 통해 외부 프로젝트 관리 도구와 연동됩니다. 인프라는 AWS를 기반으로 하여 확장성과 안정성을 보장합니다.\",\n    \"development_roadmap\": \"MVP는 회의 내용 파싱 및 프로젝트 관리 도구와의 기본 연동 기능을 포함합니다. 이후 단계에서는 고급 분석 기능과 사용자 맞춤형 알림 기능이 추가될 예정입니다. 단계별로 기능을 확장하여 사용자 피드백을 반영합니다.\",\n    \"logical_dependency_chain\": \"기초 기능으로 회의 내용 파싱 기능을 우선 개발하고, 이후 프로젝트 관리 도구와의 연동 기능을 구축합니다. 점진적으로 알림 기능과 보고서 생성 기능을 추가합니다.\",\n    \"risks_and_mitigations\": \"기술적 도전으로는 음성 인식의 정확도가 있으며, 이를 위해 최신 음성 인식 기술을 지속적으로 평가하고 통합합니다. 자원 제약사항은 클라우드 비용으로, 초기에는 무료 사용량을 최대한 활용하고, 사용자 증가에 따라 비용을 관리합니다.\",\n    \"appendix\": \"추가 정보로는 음성 인식 기술의 최신 동향과 프로젝트 관리 도구 API 사양을 포함합니다. 연구 결과는 사용자 인터뷰와 피드백을 기반으로 하여 기능 개선에 반영됩니다.\"\n}\n```",
  "quality_metrics": {
    "final_score": 6.0,
    "is_production_ready": true,
    "iterations_used": 1,
    "is_high_quality": false
  },
  "metadata": {
    "source_file": "../batch_triplet_results\\result_ES2012c\\05_final_result.json",
    "utterance_count": 235,
    "transcript_length": 8076,
    "speakers": [
      "Speaker_B",
      "Speaker_D",
      "Speaker_C",
      "Speaker_A"
    ],
    "dataset_type": "train",
    "processing_date": "2025-07-31T12:28:00.963439"
  }
}