{
  "id": "train_154",
  "source_dir": "result_EN2002d",
  "notion_output": "```json\n{\n    \"project_name\": \"자동 대화 분석 및 보고 시스템\",\n    \"project_purpose\": \"회의 대화를 실시간으로 분석하고 자동으로 보고서를 생성하여 효율성을 높이며, 발언자와 주제의 특성을 체계적으로 정리하여 의사소통을 개선합니다.\",\n    \"project_period\": \"2023.11.01 ~ 2023.11.25\",\n    \"project_manager\": \"Speaker_B\",\n    \"core_objectives\": [\n        \"목표 1: 대화 내용의 실시간 수집 및 자동 요약 기능 개발\",\n        \"목표 2: 발언자별 대화 행위 및 특성 분석 기능 구현\",\n        \"목표 3: 분석 결과를 기반으로 한 자동 보고서 생성 시스템 구축\",\n        \"목표 4: 디렉토리 및 파일 관리 기능 강화\",\n        \"목표 5: 다중 선택 및 교차 강조 표시 기능 구현\"\n    ],\n    \"core_idea\": \"대화 내용을 실시간으로 분석하여 주요 주제와 발언자의 특성을 파악하고, 이를 기반으로 자동으로 보고서를 생성하는 시스템을 구축합니다.\",\n    \"idea_description\": \"회의 대화 내용을 실시간으로 분석하여 발언자의 주요 행위와 주제를 파악하고, 이를 기반으로 자동 보고서를 생성하여 회의 후 빠르게 공유할 수 있는 시스템을 개발합니다. 특히, 디렉토리 및 파일 관리 기능을 강화하여 회의 자료의 체계적인 정리를 지원합니다. 다중 선택 및 교차 강조 표시 기능을 통해 사용자의 편의성을 높입니다.\",\n    \"execution_plan\": [\n        \"1단계: 대화 내용 수집 및 분석 알고리즘 개발 (2023.11.01 ~ 2023.11.10)\",\n        \"2단계: 발언자별 대화 행위 및 특성 분석 기능 구현 (2023.11.11 ~ 2023.11.14)\",\n        \"3단계: 분석 결과를 기반으로 한 자동 보고서 생성 기능 구현 (2023.11.15 ~ 2023.11.17)\",\n        \"4단계: 디렉토리 및 파일 관리 기능 강화 (2023.11.18 ~ 2023.11.20)\",\n        \"5단계: 다중 선택 및 교차 강조 표시 기능 구현 (2023.11.21 ~ 2023.11.22)\",\n        \"6단계: 시스템 테스트 및 최종 조정 (2023.11.23 ~ 2023.11.24)\",\n        \"7단계: 최종 보고서 제출 및 프로젝트 완료 (2023.11.25)\"\n    ],\n    \"expected_effects\": [\n        \"기대효과 1: 회의 후 보고서 작성 시간을 50% 이상 단축\",\n        \"기대효과 2: 대화 중 주요 포인트 및 발언자 특성을 체계적으로 파악하여 의사소통 개선\",\n        \"기대효과 3: 자동화된 보고서 생성으로 인한 인적 자원 절감 및 효율성 증대\",\n        \"기대효과 4: 체계적인 디렉토리 및 파일 관리로 정보 접근성 향상\",\n        \"기대효과 5: 다중 선택 및 교차 강조 표시 기능으로 사용자 편의성 증대\"\n    ],\n    \"key_discussions\": [\n        \"디렉토리에서 IL을 실행해야 한다는 점\",\n        \"보고서 제출 마감일은 11월 25일로 설정\",\n        \"발언자별 대화 행위 분석의 중요성\",\n        \"글로벌 창 및 스피커 특성화 창을 통한 발언자 분석\",\n        \"다중 선택 및 교차 강조 표시 기능의 필요성\",\n        \"발언자의 농담 비율 및 대화 행위 분석\"\n    ]\n}\n```",
  "prd_output": "```json\n{\n    \"overview\": \"파싱된 프로젝트는 회의 내용을 기반으로 프로젝트를 생성하여 사용자들이 회의에서 논의된 사항을 체계적으로 관리할 수 있도록 돕습니다. 이 프로젝트는 회의에서 논의된 내용을 자동으로 파싱하고, 이를 바탕으로 프로젝트를 생성하여 사용자들이 효율적으로 작업을 진행할 수 있도록 합니다. 타겟 사용자는 회의를 자주 진행하는 팀이나 조직이며, 이 프로젝트를 통해 회의 후속 작업의 효율성을 높이고, 누락되는 작업을 줄이는 가치를 제공합니다.\",\n    \"core_features\": \"1. 회의 내용 자동 파싱: 회의에서 논의된 내용을 자동으로 파싱하여 프로젝트로 변환합니다. 2. 프로젝트 생성 및 관리: 파싱된 내용을 바탕으로 프로젝트를 생성하고, 사용자가 이를 관리할 수 있도록 합니다. 3. 알림 및 리마인더: 사용자가 놓치기 쉬운 작업을 알림으로 알려줍니다.\",\n    \"user_experience\": \"사용자는 회의 내용을 입력하거나 업로드하고, 시스템은 이를 분석하여 프로젝트를 생성합니다. 주요 페르소나는 프로젝트 매니저와 팀 리더이며, 이들은 회의 후속 작업을 관리하는 데 중점을 둡니다. UI/UX는 직관적이고 사용하기 쉬워야 하며, 복잡한 설정 없이도 쉽게 프로젝트를 생성할 수 있어야 합니다.\",\n    \"technical_architecture\": \"시스템은 자연어 처리(NLP) 모듈을 사용하여 회의 내용을 파싱합니다. 데이터 모델은 회의 내용, 프로젝트, 작업 항목으로 구성되며, API는 외부 캘린더 및 알림 시스템과 통합됩니다. 인프라는 클라우드 기반으로 확장 가능해야 합니다.\",\n    \"development_roadmap\": \"MVP 요구사항은 회의 내용을 파싱하여 기본 프로젝트를 생성하는 기능입니다. 이후 개선사항으로는 사용자 정의 프로젝트 템플릿, 외부 시스템과의 통합 기능이 포함됩니다. 단계별 개발 범위는 초기 파싱 기능, 프로젝트 관리 기능, 알림 기능 순으로 진행됩니다.\",\n    \"logical_dependency_chain\": \"개발 순서는 자연어 처리 모듈 개발, 프로젝트 생성 기능, 알림 시스템 통합 순으로 진행됩니다. 기초 기능은 파싱 기능이며, 이를 기반으로 점진적으로 프로젝트 관리 및 알림 기능을 추가합니다.\",\n    \"risks_and_mitigations\": \"기술적 도전은 자연어 처리의 정확성이며, 이를 위해 기계 학습 모델을 지속적으로 개선해야 합니다. MVP 정의는 기본적인 회의 내용 파싱 및 프로젝트 생성 기능이며, 자원 제약사항으로는 데이터 처리 및 저장 공간이 있습니다.\",\n    \"appendix\": \"추가 정보로는 자연어 처리 기술 연구 결과 및 관련 기술 사양이 포함됩니다.\"\n}\n```",
  "quality_metrics": {
    "final_score": 6.0,
    "is_production_ready": true,
    "iterations_used": 3,
    "is_high_quality": false
  },
  "metadata": {
    "source_file": "../batch_triplet_results\\result_EN2002d\\05_final_result.json",
    "utterance_count": 318,
    "transcript_length": 9834,
    "speakers": [
      "Speaker_A",
      "Speaker_B",
      "Speaker_D",
      "Speaker_C"
    ],
    "dataset_type": "train",
    "processing_date": "2025-07-31T13:55:39.748174"
  }
}