{
  "id": "train_224",
  "source_dir": "result_ES2008c",
  "notion_output": "```json\n{\n    \"project_name\": \"차세대 원격 제어기 디자인 프로젝트\",\n    \"project_purpose\": \"사용자 친화적이고 혁신적인 원격 제어기를 개발하여 시장 경쟁력을 강화\",\n    \"project_period\": \"2025.01.01 ~ 2025.03.31\",\n    \"project_manager\": \"Speaker_A\",\n    \"core_objectives\": [\n        \"목표 1: 구매력이 있는 글로벌 소비자층을 타겟으로 한 원격 제어기 개발\",\n        \"목표 2: 단순함과 패션을 강조한 사용자 인터페이스 디자인\",\n        \"목표 3: 다양한 소재와 기술을 활용하여 고급 기능을 제공\"\n    ],\n    \"core_idea\": \"단순하면서도 세련된 디자인의 원격 제어기\",\n    \"idea_description\": \"필수 기능을 위한 큰 버튼과 슬라이딩 버튼, 긴 배터리 수명 및 충전 스테이션을 포함한 다양한 기능을 제공. 플라스틱, 나무, 티타늄 등 다양한 소재를 활용하여 패션 및 기술적 요소를 강조.\",\n    \"execution_plan\": \"1. 디자인 컨셉 확정 (2025.01.01 ~ 2025.01.15)\\n2. 사용자 인터페이스 설계 (2025.01.16 ~ 2025.02.15)\\n3. 프로토타입 제작 및 테스트 (2025.02.16 ~ 2025.03.15)\\n4. 최종 검토 및 출시 준비 (2025.03.16 ~ 2025.03.31)\",\n    \"expected_effects\": [\n        \"기대효과 1: 글로벌 시장에서의 경쟁력 강화 및 매출 증대\",\n        \"기대효과 2: 사용자 경험 개선을 통한 브랜드 이미지 향상\",\n        \"기대효과 3: 혁신적인 디자인과 기능을 통한 소비자 만족도 증가\"\n    ]\n}\n```",
  "prd_output": "```json\n{\n    \"overview\": \"파싱된 프로젝트는 회의 내용을 기반으로 프로젝트를 생성하는 것을 목표로 합니다. 이 프로젝트는 회의에서 논의된 내용을 자동으로 파싱하여 프로젝트 계획을 수립하는 데 도움을 줍니다. 타겟 사용자는 프로젝트 매니저, 팀 리더, 그리고 회의 내용을 효율적으로 관리하고자 하는 모든 사람들입니다. 이 프로젝트는 시간을 절약하고, 회의 후속 작업을 자동화하여 생산성을 높이는 가치를 제공합니다.\",\n    \"core_features\": \"1. 회의 내용 파싱: 음성 인식 및 자연어 처리 기술을 사용하여 회의 내용을 자동으로 텍스트로 변환하고 분석합니다. 2. 프로젝트 계획 생성: 파싱된 데이터를 기반으로 자동으로 프로젝트 계획을 생성합니다. 3. 사용자 정의 가능성: 사용자가 프로젝트 계획을 수정하고 커스터마이즈할 수 있는 기능을 제공합니다.\",\n    \"user_experience\": \"사용자는 회의가 끝난 후, 파싱된 프로젝트 시스템에 접근하여 자동으로 생성된 프로젝트 계획을 확인하고 수정할 수 있습니다. 페르소나는 주로 프로젝트 매니저와 팀 리더로 설정되며, 주요 플로우는 회의 녹음 업로드, 파싱 결과 확인, 프로젝트 계획 수정으로 구성됩니다. UI/UX는 직관적이고 사용하기 쉽게 설계됩니다.\",\n    \"technical_architecture\": \"시스템은 음성 인식 모듈, 자연어 처리 모듈, 데이터베이스, 그리고 사용자 인터페이스로 구성됩니다. 데이터 모델은 회의 내용, 프로젝트 계획, 사용자 수정 사항을 포함합니다. API는 음성 데이터 업로드, 파싱 결과 조회, 프로젝트 계획 수정 기능을 제공합니다. 인프라는 클라우드 기반으로 구축됩니다.\",\n    \"development_roadmap\": \"MVP는 음성 인식 및 자연어 처리 기능을 포함하여 기본적인 프로젝트 계획 생성 기능을 제공합니다. 이후 개선사항으로 사용자 정의 기능, 다양한 회의 포맷 지원, 다국어 지원 등이 포함됩니다. 단계별 개발은 초기 파싱 기능 개발, 사용자 인터페이스 구축, 사용자 피드백 반영 순으로 진행됩니다.\",\n    \"logical_dependency_chain\": \"개발 순서는 음성 인식 및 자연어 처리 모듈 개발, 데이터베이스 설계, 사용자 인터페이스 구축 순으로 진행됩니다. 기초 기능 우선순위는 음성 인식 및 자연어 처리 기능에 두며, 점진적으로 사용자 정의 기능을 추가합니다.\",\n    \"risks_and_mitigations\": \"기술적 도전은 음성 인식의 정확도와 자연어 처리의 복잡성입니다. MVP 정의는 기본 파싱 및 프로젝트 계획 생성 기능으로 설정됩니다. 자원 제약사항은 데이터 처리 속도와 서버 비용입니다. 이를 완화하기 위해 클라우드 서비스를 활용하고, 초기 사용자 피드백을 통해 기능을 최적화합니다.\",\n    \"appendix\": \"추가 정보로는 음성 인식 및 자연어 처리 기술에 대한 연구 결과, 사용된 기술 스택, 그리고 초기 사용자 피드백이 포함됩니다.\"\n}\n```",
  "quality_metrics": {
    "final_score": 6.0,
    "is_production_ready": true,
    "iterations_used": 1,
    "is_high_quality": false
  },
  "metadata": {
    "source_file": "../batch_triplet_results\\result_ES2008c\\05_final_result.json",
    "utterance_count": 229,
    "transcript_length": 8639,
    "speakers": [
      "Speaker_B",
      "Speaker_D",
      "Speaker_C",
      "Speaker_A"
    ],
    "dataset_type": "train",
    "processing_date": "2025-07-31T15:14:52.094579"
  }
}