{
  "id": "train_261",
  "source_dir": "result_Bmr023_processed",
  "notion_output": "```json\n{\n    \"project_name\": \"DARPA 회의 시스템 최적화 및 전사본 품질 개선 프로젝트\",\n    \"project_purpose\": \"DARPA 회의의 효율성과 정확성을 극대화하기 위한 시스템 통합 및 전사본 품질 개선\",\n    \"project_period\": \"2024.07.01 ~ 2025.06.30\",\n    \"project_manager\": \"Speaker_D\",\n    \"core_objectives\": [\n        \"목표 1: DARPA 회의의 오류율을 10% 이상 감소시키고 정확성을 높인다.\",\n        \"목표 2: SRI 시스템과 ICSI 프런트엔드의 통합을 통해 워프 계수를 최적화한다.\",\n        \"목표 3: 회의 전사본의 품질을 향상시켜 참가자들이 쉽게 접근하고 활용할 수 있도록 한다.\",\n        \"목표 4: 회의 전사본과 오디오의 동기화를 통해 회의 참가자들이 더 나은 이해를 할 수 있도록 지원한다.\",\n        \"목표 5: 노이즈 모델 개선 및 사전 세분화를 통한 인식기 성능 향상\"\n    ],\n    \"core_idea\": \"SRI 시스템과 ICSI 프런트엔드의 통합 및 최적화를 통해 DARPA 회의의 전반적인 품질을 향상시키고, 회의 전사본의 정확성을 높인다.\",\n    \"idea_description\": \"SRI 시스템과 ICSI 프런트엔드를 통합하여 워프 계수를 최적화하고, 회의 전사본의 정확성을 높여 참가자들이 회의 내용을 쉽게 이해하고 활용할 수 있도록 한다. 또한, 회의 전사본과 오디오의 동기화를 통해 참가자들이 회의 내용을 더 명확하게 파악할 수 있도록 지원한다. 노이즈 모델 개선 및 사전 세분화를 통해 인식기의 성능을 향상시킨다.\",\n    \"execution_plan\": [\n        \"1. SRI 시스템과 ICSI 프런트엔드의 통합 및 워프 계수 최적화 (2024.07 ~ 2024.09)\",\n        \"2. 오류율 감소를 위한 구체적인 전략 수립 및 테스트 (2024.10 ~ 2024.12)\",\n        \"3. 회의 전사본의 품질 개선 및 오디오 동기화 작업 (2025.01 ~ 2025.03)\",\n        \"4. 노이즈 모델 개선 및 사전 세분화를 통한 인식기 성능 향상 (2025.01 ~ 2025.03)\",\n        \"5. 최종 시스템 배포 및 사용자 교육 (2025.04 ~ 2025.06)\"\n    ],\n    \"expected_effects\": [\n        \"기대효과 1: DARPA 회의의 오류율이 10% 이상 감소하여 회의의 정확성이 높아진다.\",\n        \"기대효과 2: 시스템 통합을 통해 회의 준비 시간이 단축되고 효율성이 증가한다.\",\n        \"기대효과 3: 개선된 전사본과 오디오 동기화를 통해 참가자들이 회의 내용을 쉽게 이해하고 활용할 수 있어 회의 후속 작업이 원활해진다.\",\n        \"기대효과 4: 노이즈 모델 개선 및 사전 세분화를 통해 인식기의 성능이 향상되어 전사본의 정확성이 높아진다.\"\n    ],\n    \"technical_details\": [\n        \"SRI 시스템과 ICSI 프런트엔드의 통합 방법: 워프 계수의 최적화를 위한 구체적인 알고리즘 적용\",\n        \"오류율 감소 전략: 노이즈 모델 개선 및 사전 세분화를 통한 인식기 성능 향상\",\n        \"전사본 품질 개선: Thilo와 Adam의 세분화 및 생성 작업을 통한 전사본의 정확성 향상\",\n        \"노이즈 모델 개선: 다양한 스피커 배경 모델을 고려하여 인식기의 성능을 최적화\"\n    ]\n}\n```",
  "prd_output": "```json\n{\n    \"overview\": \"파싱된 프로젝트는 회의 내용을 기반으로 프로젝트를 관리하는 시스템입니다. 이 프로젝트는 회의에서 논의된 내용을 자동으로 파싱하여 프로젝트로 변환함으로써, 사용자들이 회의 후의 업무를 효율적으로 관리할 수 있도록 돕습니다. 타겟 사용자는 주로 기업의 프로젝트 매니저와 팀 리더들로, 이 시스템을 통해 회의 후의 업무 효율성을 높이고, 프로젝트 관리의 복잡성을 줄이는 것을 목표로 합니다.\",\n    \"core_features\": \"주요 기능으로는 회의 내용 자동 파싱, 프로젝트 생성 및 관리, 실시간 협업 기능, 알림 및 리마인더 시스템이 있습니다. 회의 내용 자동 파싱 기능은 회의 중 기록된 내용을 분석하여 주요 작업 항목을 추출하고, 이를 기반으로 프로젝트를 자동 생성합니다. 실시간 협업 기능은 팀원들이 동시에 프로젝트에 접근하여 수정할 수 있도록 하며, 알림 시스템은 중요한 마감일이나 업데이트를 사용자에게 알려줍니다.\",\n    \"user_experience\": \"사용자 여정은 회의 후 기록된 내용을 시스템에 업로드하는 것으로 시작됩니다. 페르소나는 주로 프로젝트 매니저로, 이들은 직관적인 대시보드를 통해 프로젝트 상태를 한눈에 파악할 수 있습니다. 주요 플로우는 회의 내용 업로드, 자동 파싱, 프로젝트 생성, 팀원 할당 및 진행 상황 모니터링으로 구성됩니다. UI/UX 고려사항으로는 사용자 친화적인 인터페이스와 모바일 최적화가 포함됩니다.\",\n    \"technical_architecture\": \"시스템은 클라우드 기반으로 설계되며, 주요 구성 요소로는 데이터 파싱 모듈, 프로젝트 관리 모듈, 사용자 인터페이스 모듈이 있습니다. 데이터 모델은 회의 기록, 프로젝트, 사용자 정보 등을 포함하며, API는 외부 캘린더 및 메신저 서비스와의 통합을 지원합니다. 인프라 요구사항으로는 안정적인 서버 환경과 데이터 보안이 포함됩니다.\",\n    \"development_roadmap\": \"MVP 요구사항은 기본적인 회의 내용 파싱 및 프로젝트 생성 기능을 포함하며, 향후 개선사항으로는 AI 기반의 파싱 정확도 향상, 다양한 협업 도구와의 통합이 있습니다. 단계별 개발 범위는 초기 파싱 기능 개발, 프로젝트 관리 기능 추가, 협업 기능 확장으로 나뉩니다.\",\n    \"logical_dependency_chain\": \"개발 순서는 데이터 파싱 모듈 개발을 시작으로, 프로젝트 관리 모듈, 사용자 인터페이스 모듈 순으로 진행됩니다. 기초 기능 우선순위는 파싱 정확도와 프로젝트 생성 기능에 있으며, 점진적 개발 방식으로 각 모듈을 독립적으로 테스트하고 통합합니다.\",\n    \"risks_and_mitigations\": \"기술적 도전으로는 자연어 처리의 정확도와 데이터 보안이 있으며, MVP 정의는 최소한의 파싱 및 프로젝트 생성 기능을 포함합니다. 자원 제약사항으로는 개발 인력과 서버 비용이 있습니다. 이를 완화하기 위해 오픈 소스 라이브러리 활용과 클라우드 서비스 사용을 고려합니다.\",\n    \"appendix\": \"추가 정보로는 회의 기록 파싱에 대한 최신 연구 결과와 기술 사양이 포함됩니다. 또한, 유사 프로젝트 사례 연구와 시장 분석 자료가 참고 자료로 제공됩니다.\"\n}\n```",
  "quality_metrics": {
    "final_score": 6.0,
    "is_production_ready": true,
    "iterations_used": 3,
    "is_high_quality": false
  },
  "metadata": {
    "source_file": "../batch_triplet_results\\result_Bmr023_processed\\05_final_result.json",
    "utterance_count": 618,
    "transcript_length": 20829,
    "speakers": [
      "Speaker_F",
      "Speaker_A",
      "Speaker_G",
      "Speaker_B",
      "Speaker_E",
      "Speaker_D",
      "Speaker_C"
    ],
    "dataset_type": "train",
    "processing_date": "2025-07-31T16:06:36.959507"
  }
}