{
  "id": "train_019",
  "source_dir": "result_Bmr025_processed",
  "notion_output": "```json\n{\n    \"project_name\": \"THISL 도구 기반 회의 데이터 정보 검색 시스템 개발\",\n    \"project_purpose\": \"회의 데이터를 효율적으로 검색하고 관리할 수 있는 시스템을 개발하여 정보 접근성을 높이고, 회의 기록의 활용도를 극대화한다.\",\n    \"project_period\": \"2025.01.01 ~ 2025.03.31\",\n    \"project_manager\": \"Dan\",\n    \"core_objectives\": [\n        \"목표 1: THISL 도구를 활용한 회의 데이터 검색 기능 구현\",\n        \"목표 2: Windows 및 UNIX 시스템에서의 호환성 확보\",\n        \"목표 3: 사용자 친화적인 GUI 개발 및 테스트\"\n    ],\n    \"core_idea\": \"THISL 도구를 활용하여 회의 데이터를 효율적으로 검색하고 관리할 수 있는 시스템을 구축한다.\",\n    \"idea_description\": \"THISL 도구는 회의 데이터를 인덱싱하고 쿼리할 수 있는 기능을 제공한다. 이를 통해 사용자는 특정 키워드를 입력하여 관련 회의의 시작 및 종료 시간을 쉽게 검색할 수 있으며, GUI를 통해 직관적인 인터페이스를 제공한다.\",\n    \"execution_plan\": [\n        \"단계 1: THISL 도구의 기능 분석 및 요구사항 정의 (2025.01.01 ~ 2025.01.15)\",\n        \"단계 2: 시스템 설계 및 프로토타입 개발 (2025.01.16 ~ 2025.02.15)\",\n        \"단계 3: Windows 및 UNIX 시스템 호환성 테스트 (2025.02.16 ~ 2025.03.01)\",\n        \"단계 4: 사용자 인터페이스 개발 및 사용자 테스트 (2025.03.02 ~ 2025.03.15)\",\n        \"단계 5: 최종 시스템 통합 및 배포 (2025.03.16 ~ 2025.03.31)\"\n    ],\n    \"expected_effects\": [\n        \"기대효과 1: 회의 데이터 검색 시간 단축 및 효율성 증대\",\n        \"기대효과 2: 다양한 운영체제에서의 시스템 사용 가능으로 사용자 범위 확대\",\n        \"기대효과 3: 사용자 친화적인 인터페이스 제공으로 사용자 만족도 향상\"\n    ]\n}\n```",
  "prd_output": "```json\n{\n    \"overview\": \"파싱된 프로젝트는 회의 내용을 기반으로 프로젝트를 생성하고 관리하는 도구입니다. 이 프로젝트는 회의에서 논의된 내용을 효율적으로 파악하고 이를 바탕으로 프로젝트를 체계적으로 관리할 수 있도록 도와줍니다. 주 타겟 사용자는 프로젝트 매니저와 팀 리더이며, 이 도구를 통해 회의 후속 작업의 효율성을 높이고 프로젝트 관리의 정확성을 향상시킬 수 있습니다.\",\n    \"core_features\": \"1. 회의 내용 파싱: 회의 중 논의된 내용을 자동으로 파싱하여 프로젝트의 주요 목표와 작업 항목을 도출합니다. 2. 프로젝트 생성: 파싱된 데이터를 기반으로 자동으로 프로젝트를 생성하고, 관련 작업 항목을 할당합니다. 3. 목표 추적: 설정된 목표를 지속적으로 추적하고, 목표 달성 여부를 시각적으로 표시합니다.\",\n    \"user_experience\": \"사용자는 회의가 끝난 후, 파싱된 프로젝트 도구를 통해 자동으로 생성된 프로젝트를 확인합니다. 페르소나는 프로젝트 매니저로, 주요 플로우는 회의 내용 업로드 -> 자동 파싱 -> 프로젝트 생성 -> 목표 및 작업 항목 확인입니다. UI/UX는 직관적이고 사용하기 쉽게 설계되어야 하며, 시각적 피드백을 통해 사용자가 프로젝트 상태를 쉽게 파악할 수 있도록 합니다.\",\n    \"technical_architecture\": \"시스템은 클라우드 기반으로 구성되며, 주요 구성 요소는 데이터 파싱 모듈, 프로젝트 관리 모듈, 사용자 인터페이스 모듈입니다. 데이터 모델은 회의 내용, 프로젝트 목표, 작업 항목을 포함하며, API는 외부 회의 기록 시스템과의 통합을 지원합니다. 인프라 요구사항으로는 안정적인 클라우드 서비스와 데이터 보안이 포함됩니다.\",\n    \"development_roadmap\": \"MVP 요구사항은 회의 내용 파싱 및 프로젝트 자동 생성 기능입니다. 향후 개선사항으로는 사용자 정의 목표 설정 및 팀 협업 기능이 포함됩니다. 단계별 개발 범위는 초기 파싱 기능 개발, 프로젝트 생성 기능 추가, 사용자 피드백 반영 순으로 진행됩니다.\",\n    \"logical_dependency_chain\": \"개발 순서는 1) 데이터 파싱 모듈 개발, 2) 프로젝트 생성 모듈 개발, 3) 사용자 인터페이스 개발입니다. 기초 기능 우선순위는 데이터 파싱 기능이며, 점진적 개발 방식으로 각 모듈을 단계적으로 완성합니다.\",\n    \"risks_and_mitigations\": \"기술적 도전은 자연어 처리 기술의 정확성이며, 이를 위해 최신 NLP 알고리즘을 도입합니다. MVP 정의는 최소한의 파싱 및 프로젝트 생성 기능으로 설정하며, 자원 제약사항으로는 개발 인력과 시간입니다.\",\n    \"appendix\": \"추가 정보로는 최신 NLP 기술 연구 결과와 프로젝트 관리 도구 시장 분석 자료가 포함됩니다.\"\n}\n```",
  "quality_metrics": {
    "final_score": 6.0,
    "is_production_ready": true,
    "iterations_used": 1,
    "is_high_quality": false
  },
  "metadata": {
    "source_file": "../batch_triplet_results\\result_Bmr025_processed\\05_final_result.json",
    "utterance_count": 453,
    "transcript_length": 16244,
    "speakers": [
      "Speaker_F",
      "Speaker_A",
      "Speaker_H",
      "Speaker_G",
      "Speaker_B",
      "Speaker_E",
      "Speaker_D",
      "Speaker_C"
    ],
    "dataset_type": "train",
    "processing_date": "2025-07-31T11:10:29.299953"
  }
}