{
  "id": "train_015",
  "source_dir": "result_TS3008d",
  "notion_output": "```json\n{\n    \"project_name\": \"다기능 사용자 맞춤형 리모컨 개발 프로젝트\",\n    \"project_purpose\": \"다양한 사용자 요구를 반영한 혁신적 리모컨을 개발하여 시장 점유율을 확대하고 브랜드 이미지를 강화하며, 비용 효율성을 극대화\",\n    \"project_period\": \"2025.01.01 ~ 2025.03.31\",\n    \"project_manager\": \"Speaker_A\",\n    \"core_objectives\": [\n        \"목표 1: 다양한 사용자 성향과 집 스타일에 맞춘 맞춤형 리모컨 디자인 개발\",\n        \"목표 2: 최소한의 버튼으로 최대한의 기능을 제공하여 사용자 편의성 증대\",\n        \"목표 3: 비용 효율적인 생산 방법을 통해 가격 경쟁력 강화\",\n        \"목표 4: 리모컨의 트렌디한 디자인과 사용자 친화적인 인터페이스 구현\"\n    ],\n    \"core_idea\": \"사용자 요구에 부합하는 맞춤형 디자인과 기술을 적용한 혁신적 리모컨\",\n    \"idea_description\": \"리모컨은 다양한 사용자 성향과 집 스타일에 맞춰 선택할 수 있는 디자인을 제공하며, 불필요한 버튼을 줄여 사용성을 높이고, 비용 효율적인 생산을 통해 시장 경쟁력을 강화합니다. 특히, 리모컨의 디자인은 트렌디한 외관과 사용자 친화적인 인터페이스를 중점으로 합니다.\",\n    \"execution_plan\": [\n        \"단계 1: 사용자 요구 분석 및 디자인 컨셉 수립 (2025.01.01 ~ 2025.01.31)\",\n        \"단계 2: 프로토타입 제작 및 사용자 테스트 (2025.02.01 ~ 2025.02.15)\",\n        \"단계 3: 기술적 요구사항 검토 및 최종 디자인 확정 (2025.02.16 ~ 2025.02.28)\",\n        \"단계 4: 생산 계획 수립 및 시장 출시 준비 (2025.03.01 ~ 2025.03.31)\"\n    ],\n    \"technical_requirements\": [\n        \"리모컨은 다양한 기능을 지원하는 간단한 칩셋을 사용하여 비용을 절감\",\n        \"사용자 인터페이스는 직관적이며, 최소한의 버튼으로 최대한의 기능을 제공\",\n        \"리모컨의 외관은 트렌디한 디자인을 채택하여 젊은 층의 선호를 반영\",\n        \"배터리 효율성을 높이기 위한 태양 전지 및 운동 에너지 활용 방안 검토\",\n        \"도킹 스테이션의 필요성과 비용 효율성에 대한 추가 검토\"\n    ],\n    \"expected_effects\": [\n        \"기대효과 1: 사용자 만족도 향상으로 인한 브랜드 이미지 강화\",\n        \"기대효과 2: 생산 비용 절감으로 인한 가격 경쟁력 확보\",\n        \"기대효과 3: 혁신적인 디자인으로 인한 시장 점유율 확대\"\n    ],\n    \"additional_notes\": [\n        \"회의에서 논의된 리모컨의 구체적인 디자인 요소를 반영\",\n        \"비용 효율적인 생산 방법에 대한 구체적인 내용 추가\",\n        \"회의에서 언급된 다양한 사용자 요구 사항을 더 명확하게 설명\",\n        \"리모컨의 버튼 배열과 기능성에 대한 사용자 피드백을 지속적으로 수집\"\n    ]\n}\n```",
  "prd_output": "```json\n{\n    \"overview\": \"파싱된 프로젝트는 회의 내용을 기반으로 프로젝트를 관리하고 추적하는 시스템입니다. 이 프로젝트는 회의에서 논의된 내용을 효과적으로 파악하고 이를 바탕으로 프로젝트를 체계적으로 관리하려는 사용자들을 대상으로 합니다. 주요 가치 제안은 회의에서 나온 아이디어와 결정을 명확하게 정리하고 추적 가능하게 하여 프로젝트의 효율성을 높이는 것입니다.\",\n    \"core_features\": \"1. 회의 내용 자동 파싱: 회의 내용을 자동으로 파싱하여 주요 아이디어와 결정을 추출합니다. 2. 프로젝트 생성 및 관리: 파싱된 내용을 기반으로 프로젝트를 생성하고 관리할 수 있습니다. 3. 목표 추적: 설정된 목표를 추적하고 달성 여부를 모니터링합니다.\",\n    \"user_experience\": \"사용자는 회의 내용을 입력하거나 업로드하면 시스템이 자동으로 내용을 파싱하여 프로젝트를 생성합니다. 페르소나는 프로젝트 매니저와 팀 리더로, 주요 플로우는 회의 내용 입력 -> 파싱 결과 확인 -> 프로젝트 생성 및 관리입니다. UI/UX는 직관적이고 사용하기 쉬운 인터페이스를 제공합니다.\",\n    \"technical_architecture\": \"시스템은 클라우드 기반으로 구성되며, 데이터 모델은 회의 내용, 프로젝트, 목표로 구성됩니다. API는 회의 내용 입력 및 파싱 결과 제공을 지원합니다. 인프라 요구사항은 안정적인 클라우드 서비스와 데이터 저장소입니다.\",\n    \"development_roadmap\": \"MVP 요구사항은 회의 내용 파싱 및 프로젝트 생성 기능입니다. 향후 개선사항으로는 목표 추적 기능과 사용자 피드백 기반의 UX 개선이 포함됩니다. 단계별 개발 범위는 초기 파싱 기능 개발, 프로젝트 관리 기능 추가, 목표 추적 기능 개발입니다.\",\n    \"logical_dependency_chain\": \"개발 순서는 회의 내용 파싱 기능을 먼저 개발하고, 그 후 프로젝트 생성 및 관리 기능을 추가합니다. 기초 기능 우선순위는 파싱 기능이며, 점진적으로 목표 추적 기능을 개발합니다.\",\n    \"risks_and_mitigations\": \"기술적 도전은 자연어 처리 기술의 정확성입니다. 이를 위해 MVP에서는 기본적인 파싱 기능만 제공하고, 점차적으로 개선합니다. 자원 제약사항은 개발 인력과 클라우드 서비스 비용입니다.\",\n    \"appendix\": \"추가 정보로는 자연어 처리 기술에 대한 연구 결과와 클라우드 서비스 비교 자료가 포함됩니다.\"\n}\n```",
  "quality_metrics": {
    "final_score": 6.0,
    "is_production_ready": true,
    "iterations_used": 3,
    "is_high_quality": false
  },
  "metadata": {
    "source_file": "../batch_triplet_results\\result_TS3008d\\05_final_result.json",
    "utterance_count": 440,
    "transcript_length": 14072,
    "speakers": [
      "Speaker_A",
      "Speaker_B",
      "Speaker_D",
      "Speaker_C"
    ],
    "dataset_type": "train",
    "processing_date": "2025-07-31T11:07:17.282599"
  }
}