{
  "id": "train_068",
  "source_dir": "result_ES2005a",
  "notion_output": "```json\n{\n    \"project_name\": \"스마트 리모컨 혁신 프로젝트\",\n    \"project_purpose\": \"사용자 경험을 극대화하는 혁신적인 스마트 리모컨 개발로 시장 내 경쟁 우위를 확보하고 매출 증대\",\n    \"project_period\": \"2025.01.01 ~ 2025.03.31\",\n    \"project_manager\": \"Speaker_C\",\n    \"core_objectives\": [\n        \"목표 1: PDA 같은 화면을 포함하여 직관적이고 사용자 친화적인 인터페이스 개발\",\n        \"목표 2: 다양한 색상과 모양을 통해 소비자의 선택 폭을 넓히고 제품의 매력을 강화\",\n        \"목표 3: 경쟁 제품 분석을 통해 차별화된 제품 전략을 수립하고 혁신적인 기능을 추가\"\n    ],\n    \"core_idea\": \"스마트 리모컨의 디자인과 기능을 혁신하여 소비자에게 매력적이고 직관적인 사용자 경험을 제공\",\n    \"idea_description\": \"기존 리모컨의 한계를 넘어서는 PDA 같은 화면과 다양한 색상 및 모양을 통해 사용자 경험을 개선하고, 개인 코치의 지침을 반영하여 사용자 맞춤형 기능을 제공. 특히, 리모컨의 날씬한 디자인과 색상 선택을 통해 시각적 매력을 극대화\",\n    \"execution_plan\": \"1단계: 시장 조사 및 경쟁 제품 분석 (2025.01.01 ~ 2025.01.15)\\n2단계: 디자인 및 기능 설계 (2025.01.16 ~ 2025.02.15)\\n3단계: 프로토타입 개발 및 테스트 (2025.02.16 ~ 2025.03.15)\\n4단계: 최종 제품 출시 준비 (2025.03.16 ~ 2025.03.31)\",\n    \"expected_effects\": [\n        \"기대효과 1: 매출 증가 - 혁신적인 디자인과 기능으로 시장 점유율 확대\",\n        \"기대효과 2: 브랜드 이미지 강화 - 사용자 친화적인 제품으로 브랜드 충성도 향상\",\n        \"기대효과 3: 고객 만족도 향상 - 다양한 선택지를 제공하여 고객의 다양한 요구 충족\"\n    ],\n    \"additional_notes\": [\n        \"회의에서 논의된 PDA 같은 화면을 통해 사용자 인터페이스를 직관적으로 개선\",\n        \"다양한 색상과 모양을 통해 제품의 매력을 높이고 소비자 선택의 폭을 넓힘\",\n        \"개인 코치의 지침을 반영하여 사용자 맞춤형 기능을 제공함으로써 차별화된 사용자 경험 제공\",\n        \"회의에서 언급된 리모컨의 날씬한 디자인과 색상 선택을 통해 시각적 매력을 극대화\"\n    ]\n}\n```",
  "prd_output": "```json\n{\n    \"overview\": \"파싱된 프로젝트는 회의 내용을 기반으로 프로젝트를 관리하는 시스템입니다. 이 프로젝트는 회의에서 논의된 사항을 체계적으로 정리하고 실행 가능한 계획으로 변환하는 문제를 해결합니다. 타겟 사용자는 프로젝트 매니저, 팀 리더 및 회의 참석자들로, 이 시스템을 통해 회의 후속 조치를 효율적으로 관리할 수 있습니다. 가치 제안은 회의 내용을 자동으로 파싱하여 프로젝트 계획으로 전환함으로써 시간 절약과 효율성을 높이는 것입니다.\",\n    \"core_features\": \"1. 회의 내용 파싱 기능: 회의에서 논의된 내용을 자동으로 텍스트로 변환하고, 주요 항목을 추출합니다. 2. 프로젝트 계획 생성: 파싱된 내용을 기반으로 자동으로 프로젝트 계획을 생성합니다. 3. 사용자 맞춤형 대시보드: 사용자별로 맞춤화된 대시보드를 제공하여 진행 상황을 쉽게 파악할 수 있습니다.\",\n    \"user_experience\": \"사용자는 회의 내용을 업로드하고, 시스템이 이를 분석하여 프로젝트 계획을 제안합니다. 주요 페르소나는 프로젝트 매니저로, 회의 후속 조치를 빠르게 처리할 수 있는 간단하고 직관적인 UI/UX를 제공합니다. 주요 플로우는 회의 내용 업로드 -> 자동 파싱 -> 프로젝트 계획 생성 -> 대시보드 확인입니다.\",\n    \"technical_architecture\": \"시스템은 클라우드 기반으로 설계되며, 데이터 모델은 회의 내용, 프로젝트 계획, 사용자 정보를 포함합니다. API는 회의 내용 업로드 및 파싱 결과를 제공하며, 인프라는 AWS를 기반으로 확장성을 고려하여 설계됩니다.\",\n    \"development_roadmap\": \"MVP는 회의 내용 파싱 및 프로젝트 계획 생성 기능을 포함합니다. 향후 개선사항으로는 AI 기반의 파싱 정확도 향상 및 사용자 피드백을 반영한 UI/UX 개선이 있습니다. 단계별 개발 범위는 초기 파싱 기능 개발 -> 프로젝트 계획 생성 -> 사용자 대시보드 개발입니다.\",\n    \"logical_dependency_chain\": \"개발 순서는 회의 내용 파싱 기능을 먼저 개발하고, 이후 프로젝트 계획 생성 기능을 추가합니다. 기초 기능 우선순위는 파싱 정확도 향상이며, 점진적으로 대시보드 기능을 추가합니다.\",\n    \"risks_and_mitigations\": \"기술적 도전은 자연어 처리의 정확도이며, 이를 위해 최신 AI 모델을 활용합니다. MVP 정의는 필수 기능만 포함하여 빠르게 시장에 출시하는 것이며, 자원 제약사항은 개발 인력 및 클라우드 비용입니다.\",\n    \"appendix\": \"추가 정보로는 자연어 처리 기술에 대한 연구 결과 및 관련 기술 사양이 포함됩니다.\"\n}\n```",
  "quality_metrics": {
    "final_score": 6.0,
    "is_production_ready": true,
    "iterations_used": 3,
    "is_high_quality": false
  },
  "metadata": {
    "source_file": "../batch_triplet_results\\result_ES2005a\\05_final_result.json",
    "utterance_count": 32,
    "transcript_length": 1022,
    "speakers": [
      "Speaker_B",
      "Speaker_D",
      "Speaker_C",
      "Speaker_A"
    ],
    "dataset_type": "train",
    "processing_date": "2025-07-31T12:10:17.242101"
  }
}