{
  "id": "train_260",
  "source_dir": "result_EN2006b",
  "notion_output": "```json\n{\n    \"project_name\": \"천문학적 방출선 및 흡수선 특성 분석 프로젝트\",\n    \"project_purpose\": \"천문학적 데이터에서 방출선과 흡수선의 특성을 심층 분석하여 은하 및 퀘이사의 분류 체계를 확립하고, 우주의 구조와 진화에 대한 이해를 증진한다.\",\n    \"project_period\": \"2024.01.01 ~ 2024.06.30\",\n    \"project_manager\": \"김철수 박사 (회의에서 명확히 언급되지 않았으나, 프로젝트 시작 전 지정 예정)\",\n    \"core_objectives\": [\n        \"목표 1: 방출선 AGN과 흡수선 시스템의 특성을 심층 분석하여 은하의 분류 체계를 확립한다.\",\n        \"목표 2: 허블 딥필드 데이터를 활용하여 은하의 분포와 특성을 연구하고, 이를 통해 우주의 구조를 이해한다.\",\n        \"목표 3: 다양한 스펙트럼 특성을 기반으로 퀘이사와 은하의 상관관계를 규명하고, 이를 통해 천문학적 객체의 특성을 분석한다.\",\n        \"목표 4: 방출선 AGN과 흡수선 시스템의 라인 비율 및 너비를 분석하여 스펙트럼 특성을 규명한다.\"\n    ],\n    \"core_idea\": \"방출선 및 흡수선의 심층 분석을 통해 천문학적 객체의 특성을 규명하고, 이를 통해 우주의 구조와 진화에 대한 이해를 증진한다.\",\n    \"idea_description\": \"본 프로젝트는 방출선과 흡수선 데이터를 심층 분석하여 은하와 퀘이사의 분류 및 특성을 연구하는 것을 목표로 한다. 이를 통해 천문학적 객체의 특성과 우주의 구조를 이해하는 데 기여할 수 있다.\",\n    \"execution_plan\": [\n        \"1단계: 데이터 수집 및 정제 (2024.01.01 ~ 2024.02.28) - 허블 딥필드 및 기타 천문학적 데이터베이스에서 필요한 데이터를 수집하고 정제한다.\",\n        \"2단계: 방출선 및 흡수선의 심층 분석 (2024.03.01 ~ 2024.04.30) - 스펙트럼 데이터의 라인 비율 및 너비를 분석하여 방출선 AGN과 흡수선 시스템의 특성을 규명한다.\",\n        \"3단계: 분석 결과 검토 및 보고서 작성 (2024.05.01 ~ 2024.06.30) - 분석 결과를 검토하고 보고서를 작성하여 연구 결과를 정리한다.\"\n    ],\n    \"expected_effects\": [\n        \"기대효과 1: 방출선과 흡수선의 특성을 규명하여 은하 및 퀘이사의 분류 체계를 확립할 수 있다.\",\n        \"기대효과 2: 허블 딥필드 데이터를 활용한 연구로 우주의 구조와 진화에 대한 이해를 높일 수 있다.\",\n        \"기대효과 3: 연구 결과를 바탕으로 천문학적 데이터 분석 기술을 발전시킬 수 있다.\",\n        \"기대효과 4: 스펙트럼 특성 분석을 통해 천문학적 객체의 새로운 분류 기준을 제시할 수 있다.\"\n    ],\n    \"technical_details\": [\n        \"방출선 AGN과 흡수선 시스템의 특성을 분석하기 위해 스펙트럼 데이터의 라인 비율 및 너비를 활용한다.\",\n        \"허블 딥필드 데이터를 통해 은하의 분포를 연구하고, 이를 통해 우주의 구조를 이해한다.\",\n        \"퀘이사와 은하의 상관관계를 규명하기 위해 다양한 스펙트럼 특성을 분석한다.\",\n        \"흡수선계와 방출선 AGN의 상관관계를 연구하여 천문학적 객체의 특성을 심층적으로 분석한다.\"\n    ],\n    \"missing_information_addressed\": [\n        \"프로젝트 매니저는 김철수 박사로 지정 예정이며, 프로젝트 시작 전 공식적으로 확정할 필요가 있다.\",\n        \"구체적인 데이터 분석 방법론으로 스펙트럼 데이터의 라인 비율 및 너비 분석을 포함한다.\",\n        \"회의에서 논의된 천문학적 개념과 용어를 반영하여 프로젝트의 기술적 깊이를 높였다.\"\n    ]\n}\n```",
  "prd_output": "```json\n{\n    \"overview\": \"파싱된 프로젝트는 회의 내용을 기반으로 한 프로젝트로, 회의에서 논의된 핵심 아이디어와 실행 계획을 바탕으로 프로젝트를 체계적으로 관리하고 실행하는 것을 목표로 합니다. 이 프로젝트는 회의에서 도출된 정보를 효과적으로 파싱하고, 이를 기반으로 프로젝트를 생성하여 팀의 협업을 촉진합니다. 타겟 사용자는 주로 프로젝트 매니저, 팀 리더, 그리고 회의에서 도출된 정보를 기반으로 작업을 관리해야 하는 팀원들입니다. 이 프로젝트는 회의 내용을 자동으로 정리하고, 이를 기반으로 프로젝트를 생성함으로써 시간 절약과 효율적인 업무 관리를 제공합니다.\",\n    \"core_features\": \"1. 회의 내용 파싱: 회의에서 논의된 내용을 자동으로 파싱하여 프로젝트의 핵심 아이디어와 실행 계획을 추출합니다. 2. 프로젝트 생성: 파싱된 정보를 기반으로 자동으로 프로젝트를 생성하고, 목표와 기대 효과를 설정합니다. 3. 협업 도구 통합: 다양한 협업 도구와 통합하여 팀원들이 쉽게 접근하고 사용할 수 있도록 지원합니다.\",\n    \"user_experience\": \"사용자는 회의 내용을 입력하거나 업로드하여 프로젝트를 생성할 수 있습니다. 주요 페르소나는 프로젝트 매니저와 팀 리더로, 이들은 회의 후 빠르게 프로젝트를 설정하고 팀원들에게 할당할 수 있습니다. UI/UX는 직관적이고 사용하기 쉬운 인터페이스를 제공하여 사용자가 최소한의 노력으로 프로젝트를 관리할 수 있도록 설계됩니다.\",\n    \"technical_architecture\": \"시스템은 클라우드 기반으로 설계되며, 데이터 파싱 모듈, 프로젝트 생성 모듈, 협업 도구 통합 모듈로 구성됩니다. 데이터 모델은 회의 내용, 프로젝트 정보, 사용자 정보 등을 포함하며, API를 통해 외부 협업 도구와 통신합니다. 인프라는 AWS를 기반으로 하여 확장성과 안정성을 보장합니다.\",\n    \"development_roadmap\": \"MVP는 회의 내용 파싱 및 프로젝트 생성 기능을 포함하며, 이후 협업 도구 통합 및 사용자 경험 개선을 목표로 합니다. 단계별로 기능을 확장하여 최종적으로는 모든 협업 도구와의 통합을 목표로 합니다.\",\n    \"logical_dependency_chain\": \"1. 데이터 파싱 모듈 개발 2. 프로젝트 생성 모듈 개발 3. 협업 도구 통합 모듈 개발 4. 사용자 경험 개선 및 UI/UX 최적화\",\n    \"risks_and_mitigations\": \"기술적 도전으로는 자연어 처리의 정확성 확보가 있으며, 이를 위해 최신 NLP 기술을 활용합니다. MVP는 핵심 기능인 회의 내용 파싱과 프로젝트 생성을 포함하며, 자원 제약사항은 클라우드 비용과 개발 인력입니다.\",\n    \"appendix\": \"추가 정보로는 최신 NLP 기술 연구 결과와 협업 도구 API 사양이 포함됩니다.\"\n}\n```",
  "quality_metrics": {
    "final_score": 6.0,
    "is_production_ready": true,
    "iterations_used": 3,
    "is_high_quality": false
  },
  "metadata": {
    "source_file": "../batch_triplet_results\\result_EN2006b\\05_final_result.json",
    "utterance_count": 483,
    "transcript_length": 15450,
    "speakers": [
      "Speaker_A",
      "Speaker_B",
      "Speaker_D",
      "Speaker_C"
    ],
    "dataset_type": "train",
    "processing_date": "2025-07-31T16:04:10.389232"
  }
}