{
  "id": "train_120",
  "source_dir": "result_Bro028_processed",
  "notion_output": "```json\n{\n    \"project_name\": \"다중 스트림 신경망 기반 음성 인식 시스템 최적화 및 성능 향상 프로젝트\",\n    \"project_purpose\": \"음성 인식 시스템의 성능을 인간의 성과에 근접하게 향상시키고, 지연시간을 줄여 사용자 경험을 극대화하며, 구체적인 기술적 문제를 해결한다.\",\n    \"project_period\": \"2025.01.01 ~ 2025.03.31\",\n    \"project_manager\": \"Michael Kleinschmidt\",\n    \"core_objectives\": [\n        \"목표 1: 지연시간을 2.5초 이하로 줄이고, 시스템의 성능을 60% 이상 향상시킨다.\",\n        \"목표 2: 다중 스트림 접근 방식을 통해 신경망의 효율성을 10% 이상 높인다.\",\n        \"목표 3: 음성 인식의 정확도를 95% 이상으로 높여 인간의 성과에 근접한 결과를 얻는다.\",\n        \"목표 4: 회의에서 논의된 특정 기술적 문제를 해결하여 시스템의 안정성을 강화한다.\"\n    ],\n    \"core_idea\": \"다중 스트림 신경망과 스펙트럼 결합을 통한 음성 인식 시스템의 성능 최적화 및 기술적 문제 해결\",\n    \"idea_description\": \"다양한 신경망과 스펙트럼을 결합하여 음성 인식의 정확도를 높이고, 지연시간을 줄이는 것을 목표로 한다. 특히, 피치 정보와 VAD 기능을 활용하여 시스템의 효율성을 극대화하고, 회의에서 언급된 기술적 문제를 해결한다.\",\n    \"execution_plan\": [\n        \"1단계: 기존 시스템 분석 및 문제점 파악 (2025.01.01 ~ 2025.01.15)\",\n        \" - 시스템의 지연시간과 성능 지표 분석\",\n        \" - 피치 정보 및 VAD 기능의 활용도 평가\",\n        \" - 회의에서 언급된 기술적 문제와 성능 지표 확인\",\n        \"2단계: 다중 스트림 신경망 설계 및 개발 (2025.01.16 ~ 2025.02.15)\",\n        \" - 다중 스트림 신경망 구조 설계\",\n        \" - 스펙트럼과 신경망의 결합 방식 개발\",\n        \" - 회의에서 논의된 기술적 문제 해결 방안 적용\",\n        \"3단계: 시스템 테스트 및 성능 평가 (2025.02.16 ~ 2025.03.15)\",\n        \" - 다양한 테스트 세트를 활용한 성능 평가\",\n        \" - 지연시간 및 정확도 측정\",\n        \" - 회의에서 언급된 성능 지표에 따른 평가\",\n        \"4단계: 최종 조정 및 보고서 작성 (2025.03.16 ~ 2025.03.31)\",\n        \" - 성능 최적화를 위한 최종 조정\",\n        \" - 프로젝트 결과 보고서 작성\"\n    ],\n    \"expected_effects\": [\n        \"기대효과 1: 시스템의 지연시간이 2.5초 이하로 줄어들어 사용자 경험이 개선된다.\",\n        \"기대효과 2: 음성 인식의 정확도가 95% 이상으로 높아져 다양한 응용 분야에서 활용도가 증가한다.\",\n        \"기대효과 3: 인간의 성과에 근접한 수준의 음성 인식 시스템을 통해 시장 경쟁력을 확보한다.\",\n        \"기대효과 4: 피치 정보와 VAD 기능의 활용을 통해 시스템의 효율성이 극대화된다.\",\n        \"기대효과 5: 회의에서 논의된 기술적 문제 해결로 시스템의 안정성과 신뢰성이 강화된다.\"\n    ]\n}\n```",
  "prd_output": "```json\n{\n    \"overview\": \"파싱된 프로젝트는 회의 내용을 기반으로 한 프로젝트로, 회의 중 논의된 핵심 아이디어와 실행 계획을 체계적으로 관리하고 추적할 수 있도록 돕습니다. 이 프로젝트는 회의 결과를 효율적으로 활용하고자 하는 팀과 조직을 대상으로 하며, 회의 후속 작업의 효율성을 높이는 것을 목표로 합니다.\",\n    \"core_features\": \"1. 회의 내용 자동 파싱: 회의 내용을 자동으로 파싱하여 핵심 아이디어와 실행 계획을 추출합니다. 2. 프로젝트 생성 및 관리: 파싱된 내용을 기반으로 프로젝트를 자동 생성하고 관리할 수 있습니다. 3. 목표 추적: 설정된 목표를 지속적으로 추적하고 진행 상황을 시각화합니다.\",\n    \"user_experience\": \"사용자는 회의가 끝난 후 간단한 인터페이스를 통해 회의 내용을 업로드합니다. 시스템은 자동으로 내용을 파싱하여 프로젝트를 생성하며, 사용자는 생성된 프로젝트를 검토하고 필요시 수정할 수 있습니다. 주요 페르소나는 프로젝트 매니저와 팀 리더입니다.\",\n    \"technical_architecture\": \"시스템은 클라우드 기반의 서버로 구성되며, 데이터베이스는 회의 내용과 프로젝트 정보를 저장합니다. API는 외부 회의 소프트웨어와의 통합을 지원하며, 인프라는 확장성을 고려하여 설계되었습니다.\",\n    \"development_roadmap\": \"MVP에서는 회의 내용 파싱 및 프로젝트 생성 기능을 우선적으로 개발합니다. 이후 목표 추적 및 시각화 기능을 추가하며, 외부 소프트웨어와의 통합 기능을 단계적으로 구현할 계획입니다.\",\n    \"logical_dependency_chain\": \"1. 회의 내용 파싱 기능 개발 2. 프로젝트 생성 및 관리 기능 구현 3. 목표 추적 기능 추가 4. 외부 소프트웨어 통합 기능 개발\",\n    \"risks_and_mitigations\": \"기술적 도전으로는 자연어 처리의 정확도가 있으며, 이를 위해 최신 NLP 기술을 활용합니다. MVP 정의는 회의 내용 파싱 및 프로젝트 생성에 중점을 두며, 자원 제약사항은 클라우드 인프라 비용이 포함됩니다.\",\n    \"appendix\": \"추가 정보로는 자연어 처리 기술 연구 결과와 회의 소프트웨어 통합을 위한 API 사양이 포함됩니다.\"\n}\n```",
  "quality_metrics": {
    "final_score": 6.0,
    "is_production_ready": true,
    "iterations_used": 3,
    "is_high_quality": false
  },
  "metadata": {
    "source_file": "../batch_triplet_results\\result_Bro028_processed\\05_final_result.json",
    "utterance_count": 575,
    "transcript_length": 19607,
    "speakers": [
      "Speaker_A",
      "Speaker_B",
      "Speaker_E",
      "Speaker_D",
      "Speaker_C"
    ],
    "dataset_type": "train",
    "processing_date": "2025-07-31T13:14:51.511374"
  }
}