{
  "id": "train_257",
  "source_dir": "result_제22대국회 제418회(정기회) 제17차 과학기술정보방송통신위원회(전체회의) (2024.11.26.)",
  "notion_output": "```json\n{\n    \"project_name\": \"AI 산업 육성 및 신뢰 확보 프로젝트\",\n    \"project_purpose\": \"인공지능 산업의 발전과 신뢰 기반 조성을 통해 대한민국의 AI 경쟁력을 강화하고, 디지털 포용성을 증진하는 것\",\n    \"project_period\": \"2024.01.01 ~ 2024.12.31\",\n    \"project_manager\": \"김현 정보통신방송법안심사소위원장\",\n    \"core_objectives\": [\n        \"목표 1: 인공지능 기술 도입 및 활용 지원 체계 구축\",\n        \"목표 2: 인공지능 관련 법률 및 규제 환경 개선\",\n        \"목표 3: 디지털 포용성을 강화하여 전 국민의 디지털 접근성 증진\"\n    ],\n    \"core_idea\": \"AI 기술 발전과 신뢰 기반 조성을 위한 법적 및 정책적 기반 마련\",\n    \"idea_description\": \"인공지능 기술의 도입과 활용을 촉진하고, 관련 법률 및 규제를 개선하여 산업 발전과 국민 신뢰를 동시에 확보하는 것을 목표로 한다. 이를 통해 AI G3 국가로의 도약을 위한 기반을 마련한다.\",\n    \"execution_plan\": \"1단계: 법률안 심사 및 의결 (2024.01.01 ~ 2024.03.31) \\n2단계: 인공지능 집적단지 및 데이터 센터 지정 (2024.04.01 ~ 2024.06.30) \\n3단계: 디지털포용법 및 관련 법률 시행 (2024.07.01 ~ 2024.12.31)\",\n    \"expected_effects\": [\n        \"기대효과 1: 인공지능 산업의 경쟁력 강화로 글로벌 AI 경쟁력 순위 상승\",\n        \"기대효과 2: 디지털 포용성 증진으로 국민의 디지털 접근성 및 권리 보장\",\n        \"기대효과 3: 법적 및 정책적 기반 마련으로 AI 기술의 안전하고 신뢰성 있는 활용 촉진\"\n    ]\n}\n```",
  "prd_output": "```json\n{\n    \"overview\": \"파싱된 프로젝트는 회의 내용을 기반으로 프로젝트를 생성하는 시스템입니다. 이 프로젝트는 회의에서 논의된 내용을 자동으로 파싱하여 프로젝트 관리에 필요한 정보를 생성하고, 이를 통해 사용자가 보다 효율적으로 프로젝트를 관리할 수 있도록 돕습니다. 타겟 사용자는 회의 내용을 기반으로 프로젝트를 관리해야 하는 팀 리더 및 프로젝트 매니저입니다. 이 시스템은 회의 기록을 자동으로 분석하여 프로젝트의 핵심 목표와 실행 계획을 도출함으로써 시간과 노력을 절약할 수 있는 가치를 제공합니다.\",\n    \"core_features\": \"1. 회의 내용 자동 파싱: 회의 기록을 자동으로 분석하여 프로젝트의 핵심 목표와 실행 계획을 도출합니다. 2. 프로젝트 생성: 파싱된 정보를 기반으로 자동으로 프로젝트를 생성합니다. 3. 목표 및 실행 계획 관리: 도출된 목표와 실행 계획을 프로젝트 관리 도구에 통합하여 관리할 수 있습니다.\",\n    \"user_experience\": \"사용자는 회의 기록을 업로드하면 시스템이 자동으로 내용을 분석하여 프로젝트를 생성합니다. 주요 페르소나는 프로젝트 매니저이며, 주요 플로우는 회의 기록 업로드 -> 자동 파싱 -> 프로젝트 생성 -> 목표 및 실행 계획 관리입니다. UI/UX는 직관적이고 사용하기 쉬운 인터페이스를 제공하여 사용자가 쉽게 접근할 수 있도록 설계됩니다.\",\n    \"technical_architecture\": \"시스템은 클라우드 기반으로 설계되며, 주요 구성 요소는 데이터 파싱 모듈, 프로젝트 생성 모듈, 사용자 인터페이스입니다. 데이터 모델은 회의 기록, 프로젝트 목표, 실행 계획을 포함하며, API는 외부 회의 기록 시스템과의 통합을 지원합니다. 인프라 요구사항은 안정적인 클라우드 서비스와 데이터 보안입니다.\",\n    \"development_roadmap\": \"MVP 요구사항은 회의 기록을 자동으로 파싱하여 프로젝트를 생성하는 기능입니다. 향후 개선사항으로는 다양한 회의 기록 형식 지원, 다중 언어 지원, 사용자 맞춤형 대시보드 제공이 포함됩니다. 단계별 개발 범위는 초기 MVP 개발, 사용자 피드백 수집, 기능 개선 및 확장입니다.\",\n    \"logical_dependency_chain\": \"개발 순서는 데이터 파싱 모듈 개발 -> 프로젝트 생성 모듈 개발 -> 사용자 인터페이스 개발입니다. 기초 기능 우선순위는 파싱 정확도 향상과 사용자 인터페이스 개선입니다. 점진적 개발 방식으로 MVP를 출시하고 사용자 피드백을 반영하여 개선합니다.\",\n    \"risks_and_mitigations\": \"기술적 도전은 다양한 회의 기록 형식의 파싱 정확도입니다. 이를 해결하기 위해 머신러닝 알고리즘을 활용하여 파싱 정확도를 높입니다. MVP 정의는 핵심 기능인 회의 기록 파싱 및 프로젝트 생성입니다. 자원 제약사항은 개발 인력과 시간입니다.\",\n    \"appendix\": \"추가 정보로는 회의 기록 파싱을 위한 최신 기술 연구 결과와 기술 사양이 포함됩니다. 이 외에 프로젝트 관리 도구와의 통합 사례 연구가 포함될 수 있습니다.\"\n}\n```",
  "quality_metrics": {
    "final_score": 6.0,
    "is_production_ready": true,
    "iterations_used": 1,
    "is_high_quality": false
  },
  "metadata": {
    "source_file": "../batch_triplet_results\\result_제22대국회 제418회(정기회) 제17차 과학기술정보방송통신위원회(전체회의) (2024.11.26.)\\05_final_result.json",
    "utterance_count": 135,
    "transcript_length": 9024,
    "speakers": [
      "정동영 위원",
      "과학기술정보통신부장관 유상임",
      "김현 위원",
      "소위원장 김현",
      "박충권 위원",
      "한민수 위원",
      "이정헌 위원",
      "최형두 위원",
      "이해민 위원",
      "조인철 위원",
      "위원장 최민희",
      "방송통신위원장직무대행 김태규"
    ],
    "dataset_type": "train",
    "processing_date": "2025-07-31T16:01:34.636228"
  }
}