{
  "id": "train_042",
  "source_dir": "result_IS1007c",
  "notion_output": "```json\n{\n    \"project_name\": \"차세대 사용자 친화적 리모컨 개발\",\n    \"project_purpose\": \"사용자 경험을 개선하고 시장 경쟁력을 강화하기 위한 혁신적인 리모컨 개발\",\n    \"project_period\": \"2025.01.01 ~ 2025.03.31\",\n    \"project_manager\": \"Speaker_B\",\n    \"core_objectives\": [\n        \"목표 1: 사용자 인터페이스 개선을 통해 사용 편의성 증대\",\n        \"목표 2: LCD 화면을 통한 정보 제공으로 사용자 경험 향상\",\n        \"목표 3: 에너지 효율성을 고려한 지속 가능한 디자인 구현\"\n    ],\n    \"core_idea\": \"리모컨에 LCD 화면과 사용자 친화적인 인터페이스를 통합하여 사용성을 극대화\",\n    \"idea_description\": \"리모컨에 LCD 화면을 추가하여 TV 화면을 보지 않고도 조작이 가능하게 하며, 사용자 인터페이스는 최소한의 버튼으로 구성하여 직관적인 사용을 가능하게 한다. 또한, 에너지 효율성을 위해 기본 배터리나 운동 에너지를 활용하는 방안을 고려한다.\",\n    \"execution_plan\": \"1단계: 시장 조사 및 사용자 요구 분석 (2025.01.01 ~ 2025.01.15)\\n2단계: 디자인 및 프로토타입 개발 (2025.01.16 ~ 2025.02.15)\\n3단계: 사용자 테스트 및 피드백 수집 (2025.02.16 ~ 2025.03.01)\\n4단계: 최종 디자인 수정 및 생산 준비 (2025.03.02 ~ 2025.03.31)\",\n    \"expected_effects\": [\n        \"기대효과 1: 사용자 만족도 향상으로 인한 브랜드 이미지 강화\",\n        \"기대효과 2: 혁신적인 디자인을 통한 시장 점유율 확대\",\n        \"기대효과 3: 에너지 효율적인 제품으로 환경 친화적 이미지 구축\"\n    ]\n}\n```",
  "prd_output": "```json\n{\n    \"overview\": \"파싱된 프로젝트는 회의 내용을 기반으로 프로젝트를 생성하는 것을 목표로 합니다. 이 프로젝트는 회의에서 논의된 사항들을 체계적으로 정리하여 프로젝트로 전환하는 과정을 자동화합니다. 타겟 사용자는 회의를 자주 진행하는 팀 및 조직이며, 이 프로젝트를 통해 회의 후속 작업의 효율성을 크게 향상시킬 수 있습니다.\",\n    \"core_features\": \"1. 회의 내용 자동 파싱: 회의 내용을 자동으로 분석하여 프로젝트의 주요 항목을 추출합니다. 2. 프로젝트 생성: 파싱된 데이터를 기반으로 프로젝트를 자동 생성합니다. 3. 사용자 정의 가능성: 사용자가 필요에 따라 프로젝트 구조를 수정할 수 있습니다.\",\n    \"user_experience\": \"사용자는 회의가 끝난 후 회의 기록을 업로드하면, 시스템이 자동으로 프로젝트를 생성합니다. 페르소나는 프로젝트 매니저 및 팀 리더이며, 주요 플로우는 회의 기록 업로드 -> 자동 파싱 -> 프로젝트 생성 -> 사용자 검토 및 수정입니다. UI/UX는 직관적이고 사용하기 쉬운 인터페이스를 제공합니다.\",\n    \"technical_architecture\": \"시스템은 클라우드 기반으로 설계되며, 데이터 모델은 회의 기록 및 프로젝트 항목을 포함합니다. API는 외부 회의 기록 시스템과의 통합을 지원하며, 인프라는 확장성을 고려하여 설계됩니다.\",\n    \"development_roadmap\": \"MVP는 회의 내용 파싱 및 기본 프로젝트 생성 기능을 포함합니다. 향후 개선사항으로는 다양한 회의 기록 형식 지원 및 고급 사용자 정의 기능이 있습니다. 단계별 개발 범위는 MVP -> 사용자 피드백 반영 -> 기능 확장입니다.\",\n    \"logical_dependency_chain\": \"기초 기능으로 회의 내용 파싱 기능이 우선 개발되며, 이후 프로젝트 생성 기능이 추가됩니다. 점진적으로 사용자 정의 기능 및 외부 시스템 통합이 개발됩니다.\",\n    \"risks_and_mitigations\": \"기술적 도전으로는 다양한 회의 기록 형식 지원이 있으며, 이를 위해 머신러닝 기반의 파싱 알고리즘을 개발합니다. MVP 정의는 기본 파싱 및 프로젝트 생성 기능으로 설정되며, 자원 제약사항은 클라우드 인프라 비용이 있습니다.\",\n    \"appendix\": \"추가 정보로는 회의 기록 파싱에 대한 연구 결과 및 기술 사양이 포함됩니다.\"\n}\n```",
  "quality_metrics": {
    "final_score": 6.0,
    "is_production_ready": true,
    "iterations_used": 1,
    "is_high_quality": false
  },
  "metadata": {
    "source_file": "../batch_triplet_results\\result_IS1007c\\05_final_result.json",
    "utterance_count": 242,
    "transcript_length": 8198,
    "speakers": [
      "Speaker_A",
      "Speaker_B",
      "Speaker_D",
      "Speaker_C"
    ],
    "dataset_type": "train",
    "processing_date": "2025-07-31T11:34:39.808564"
  }
}