{
  "id": "train_258",
  "source_dir": "result_제22대국회 제424회(임시회) 제1차 과학기술정보방송통신위원회(과학기술원자력법안심사소위원회) (2025.04.16.)",
  "notion_output": "```json\n{\n    \"project_name\": \"과학기술기본법 및 R&D 예타 제도 개편 프로젝트\",\n    \"project_purpose\": \"과학기술기본법 개정 및 R&D 예타 제도 개편을 통해 연구개발 사업의 효율성을 높이고, 과학기술 분야의 경쟁력을 강화\",\n    \"project_period\": \"2024.01.01 ~ 2024.12.31\",\n    \"project_manager\": \"류광준 (과학기술정보통신부 과학기술혁신본부장)\",\n    \"core_objectives\": [\n        \"목표 1: R&D 예타 제도의 폐지 및 대체 제도 마련\",\n        \"목표 2: 과학기술기본법 개정을 통한 연구개발 사업의 신속한 추진\",\n        \"목표 3: 국회와 정부 간의 협력을 통해 예산 낭비 방지 및 효율적 배분\"\n    ],\n    \"core_idea\": \"R&D 예타 제도의 폐지를 통해 연구개발 사업의 신속성과 효율성을 높이고, 과학기술기본법 개정을 통해 법적 근거를 강화\",\n    \"idea_description\": \"현재의 R&D 예타 제도는 경제성을 중시하여 과학기술 발전의 속도를 저해할 수 있음. 이를 개선하기 위해 예타 제도를 폐지하고, 연구형과 구축형 R&D에 대한 새로운 심사 제도를 도입하여 효율성을 높인다.\",\n    \"execution_plan\": \"1. 법 개정안 준비 및 제출 (2024.01 ~ 2024.03)\\n2. 국회 공청회 및 의견 수렴 (2024.04 ~ 2024.06)\\n3. 법안 심사 및 의결 (2024.07 ~ 2024.09)\\n4. 새로운 제도 시행 및 모니터링 (2024.10 ~ 2024.12)\",\n    \"expected_effects\": [\n        \"기대효과 1: 연구개발 사업의 추진 속도 증가로 기술 경쟁력 강화\",\n        \"기대효과 2: 국회의 예산 심사 과정에서의 역할 강화로 예산 낭비 방지\",\n        \"기대효과 3: 과학기술 분야의 법적 및 제도적 기반 강화로 지속 가능한 발전 도모\"\n    ]\n}\n```",
  "prd_output": "```json\n{\n    \"overview\": \"파싱된 프로젝트는 회의 내용을 기반으로 프로젝트를 구성하는 것을 목표로 합니다. 이 프로젝트는 회의에서 논의된 내용을 체계적으로 정리하고, 이를 바탕으로 프로젝트를 효율적으로 관리하고자 하는 사용자들을 대상으로 합니다. 주요 가치 제안은 회의의 핵심 아이디어와 실행 계획을 명확히 파악하고, 이를 통해 프로젝트의 핵심 목표를 달성하는 것입니다.\",\n    \"core_features\": \"1. 회의 내용 파싱: 회의에서 논의된 내용을 자동으로 파싱하여 핵심 아이디어와 실행 계획을 추출합니다. 2. 프로젝트 관리: 파싱된 내용을 기반으로 프로젝트의 목표를 설정하고, 진행 상황을 추적할 수 있는 기능을 제공합니다. 3. 협업 도구 통합: 다양한 협업 도구와의 통합을 통해 팀원 간의 원활한 커뮤니케이션을 지원합니다.\",\n    \"user_experience\": \"사용자는 회의 내용을 업로드하거나 실시간으로 입력할 수 있으며, 시스템은 이를 파싱하여 프로젝트의 핵심 요소를 자동으로 생성합니다. 페르소나는 프로젝트 매니저와 팀원으로 설정되며, 주요 플로우는 회의 내용 입력 -> 파싱 결과 확인 -> 프로젝트 생성 및 관리입니다. UI/UX는 직관적이고 사용하기 쉽게 설계됩니다.\",\n    \"technical_architecture\": \"시스템은 클라우드 기반으로 구성되며, 데이터 모델은 회의 내용, 프로젝트 목표, 실행 계획 등을 포함합니다. API는 외부 협업 도구와의 통합을 지원하며, 인프라 요구사항은 안정적인 데이터 처리와 저장을 위한 클라우드 서비스가 필요합니다.\",\n    \"development_roadmap\": \"MVP 요구사항은 회의 내용 파싱 및 기본적인 프로젝트 관리 기능을 포함합니다. 향후 개선사항으로는 고급 분석 기능과 추가 협업 도구 통합이 계획되어 있습니다. 단계별 개발 범위는 초기 파싱 기능 개발 -> 프로젝트 관리 기능 추가 -> 협업 도구 통합으로 설정됩니다.\",\n    \"logical_dependency_chain\": \"개발 순서는 회의 내용 파싱 기능을 먼저 개발하고, 그 후 프로젝트 관리 기능을 추가하는 방식으로 진행됩니다. 기초 기능 우선순위는 파싱 기능이며, 점진적으로 협업 도구 통합 기능을 개발합니다.\",\n    \"risks_and_mitigations\": \"기술적 도전은 자연어 처리 기술의 정확도이며, 이를 위해 최신 NLP 모델을 활용합니다. MVP 정의는 파싱된 내용을 기반으로 프로젝트를 생성하고 관리하는 기능으로 설정됩니다. 자원 제약사항으로는 데이터 처리 및 저장을 위한 클라우드 자원이 필요합니다.\",\n    \"appendix\": \"추가 정보로는 회의 내용 파싱을 위한 NLP 연구 결과와 기술 사양이 포함됩니다.\"\n}\n```",
  "quality_metrics": {
    "final_score": 6.0,
    "is_production_ready": true,
    "iterations_used": 1,
    "is_high_quality": false
  },
  "metadata": {
    "source_file": "../batch_triplet_results\\result_제22대국회 제424회(임시회) 제1차 과학기술정보방송통신위원회(과학기술원자력법안심사소위원회) (2025.04.16.)\\05_final_result.json",
    "utterance_count": 309,
    "transcript_length": 21382,
    "speakers": [
      "과학기술정보통신부과학기술혁신본부장 류광준",
      "박충권 위원",
      "우주항공청차장 노경원",
      "전문위원 임명현",
      "김우영 위원",
      "과학기술정보통신부성과평가정책국장 이상윤",
      "박정훈 위원",
      "조인철 위원",
      "과학기술정보통신부제1차관 이창윤",
      "소위원장 최형두",
      "황정아 위원"
    ],
    "dataset_type": "train",
    "processing_date": "2025-07-31T16:02:34.109475"
  }
}