{
  "id": "train_024",
  "source_dir": "result_제22대국회 제423회(임시회) 제1차 과학기술정보방송통신위원회(과학기술원자력법안심사소위원회) (2025.03.11.)",
  "notion_output": "```json\n{\n    \"project_name\": \"합성생물학 육성법안 추진 프로젝트\",\n    \"project_purpose\": \"합성생물학 분야의 발전을 위한 법적 기반 마련 및 관련 산업 육성\",\n    \"project_period\": \"2023.11.01 ~ 2024.03.31\",\n    \"project_manager\": \"최형두 소위원장\",\n    \"core_objectives\": [\n        \"목표 1: 합성생물학 육성법안의 국회 통과\",\n        \"목표 2: 바이오 분야 인재 육성 및 해외 우수 인재 유치\",\n        \"목표 3: 바이오 스타트업 및 연구협력 사업 지원 강화\"\n    ],\n    \"core_idea\": \"합성생물학 분야의 법적 지원을 통해 산업 생태계 확장 및 인재 육성\",\n    \"idea_description\": \"합성생물학 육성법안을 통해 바이오 산업의 법적 기반을 마련하고, 해외 우수 인재 유치 및 국내 인재 양성을 통해 산업 경쟁력을 강화한다. 또한, 바이오 스타트업 및 연구협력 사업에 대한 지원을 통해 산업 생태계를 확장한다.\",\n    \"execution_plan\": \"1단계: 법안 의결 및 국회 통과 (2023.11.01 ~ 2023.12.31)\\n2단계: 인재 육성 및 해외 인재 유치 계획 수립 (2024.01.01 ~ 2024.02.28)\\n3단계: 바이오 스타트업 및 연구협력 사업 지원 방안 마련 (2024.03.01 ~ 2024.03.31)\",\n    \"expected_effects\": [\n        \"기대효과 1: 합성생물학 분야의 법적 기반 마련으로 산업 발전 가속화\",\n        \"기대효과 2: 해외 우수 인재 유치 및 국내 인재 양성을 통한 산업 경쟁력 강화\",\n        \"기대효과 3: 바이오 스타트업 및 연구협력 사업 지원을 통한 지역별 산업 생태계 확장\"\n    ]\n}\n```",
  "prd_output": "```json\n{\n    \"overview\": \"파싱된 프로젝트는 회의 내용을 기반으로 프로젝트를 관리하는 시스템입니다. 이 프로젝트는 회의 중 논의된 내용을 효과적으로 파악하고 관리하여 팀의 생산성을 높이는 것을 목표로 합니다. 타겟 사용자는 주로 회의를 자주 진행하는 기업의 팀원들로, 이 시스템을 통해 회의 후에도 중요한 정보를 놓치지 않고 관리할 수 있습니다. 가치 제안은 회의 내용을 자동으로 파싱하여 프로젝트로 변환함으로써 시간 절약과 정보 누락 방지를 제공합니다.\",\n    \"core_features\": \"1. 회의 내용 파싱: 음성 인식 및 텍스트 분석 기술을 사용하여 회의 내용을 자동으로 파싱합니다. 2. 프로젝트 생성: 파싱된 내용을 기반으로 자동으로 프로젝트를 생성하고 관리할 수 있습니다. 3. 알림 및 업데이트: 프로젝트 진행 상황을 팀원들에게 자동으로 알리고 업데이트합니다.\",\n    \"user_experience\": \"사용자는 회의가 끝난 후 자동으로 생성된 프로젝트를 확인하고, 필요한 경우 수동으로 수정할 수 있습니다. 주요 페르소나는 프로젝트 매니저와 팀원이며, UI는 직관적이고 사용하기 쉽게 설계됩니다. 주요 플로우는 회의 -> 파싱 -> 프로젝트 생성 -> 관리입니다.\",\n    \"technical_architecture\": \"시스템은 클라우드 기반으로 설계되며, 음성 인식 API와 자연어 처리 API를 활용합니다. 데이터 모델은 회의 기록, 파싱된 데이터, 프로젝트 정보로 구성됩니다. 인프라 요구사항은 안정적인 클라우드 서버와 데이터베이스입니다.\",\n    \"development_roadmap\": \"MVP는 기본적인 회의 파싱 및 프로젝트 생성 기능을 포함합니다. 이후 단계에서는 사용자 피드백을 반영하여 기능을 개선하고, 추가적인 통합 기능을 개발할 예정입니다.\",\n    \"logical_dependency_chain\": \"기본 음성 인식 기능 개발 -> 자연어 처리 및 파싱 기능 개발 -> 프로젝트 생성 기능 개발 -> 알림 및 업데이트 기능 개발. 각 단계는 이전 단계의 기능을 기반으로 점진적으로 개발됩니다.\",\n    \"risks_and_mitigations\": \"기술적 도전은 음성 인식의 정확도와 자연어 처리의 복잡성입니다. 이를 위해 최신 기술을 지속적으로 연구하고 테스트할 계획입니다. MVP 정의는 기본적인 파싱 및 프로젝트 생성 기능으로, 자원 제약사항은 개발 인력과 시간입니다.\",\n    \"appendix\": \"추가 정보로는 최신 음성 인식 및 자연어 처리 기술 연구 결과와 기술 사양이 포함됩니다. 또한, 사용자 인터뷰와 설문조사를 통해 수집한 요구사항도 참고 자료로 포함됩니다.\"\n}\n```",
  "quality_metrics": {
    "final_score": 6.0,
    "is_production_ready": true,
    "iterations_used": 1,
    "is_high_quality": false
  },
  "metadata": {
    "source_file": "../batch_triplet_results\\result_제22대국회 제423회(임시회) 제1차 과학기술정보방송통신위원회(과학기술원자력법안심사소위원회) (2025.03.11.)\\05_final_result.json",
    "utterance_count": 51,
    "transcript_length": 3911,
    "speakers": [
      "김우영 위원",
      "전문위원 임명현",
      "박민규 위원",
      "과학기술정보통신부제1차관 이창윤",
      "소위원장 최형두",
      "황정아 위원"
    ],
    "dataset_type": "train",
    "processing_date": "2025-07-31T11:13:56.583618"
  }
}