{
  "id": "train_231",
  "source_dir": "result_제22대국회 제426회(임시회) 제3차 환경노동위원회(전체회의) (2025.07.04.)",
  "notion_output": "```json\n{\n    \"project_name\": \"국무위원후보자 인사청문회 운영 프로젝트\",\n    \"project_purpose\": \"김성환 환경부장관후보자와 김영훈 고용노동부장관후보자에 대한 인사청문회를 효율적이고 체계적으로 운영하여 국회의 역할을 충실히 수행하는 것\",\n    \"project_period\": \"2023.07.01 ~ 2023.07.16\",\n    \"project_manager\": \"안호영 위원장\",\n    \"core_objectives\": [\n        \"목표 1: 인사청문회 실시계획서의 채택 및 자료제출 요구의 건을 의결\",\n        \"목표 2: 인사청문회 일정에 따라 후보자에 대한 질의 및 서면질의를 준비\",\n        \"목표 3: 인사청문회 참고인 출석 요구를 통해 심사의 공정성과 투명성을 확보\"\n    ],\n    \"core_idea\": \"인사청문회를 통해 국무위원후보자의 자질과 역량을 검증하여 국민의 신뢰를 얻는 것\",\n    \"idea_description\": \"국회법 및 인사청문회법에 따라 인사청문회를 진행하며, 후보자에 대한 심도 있는 질의와 자료 검토를 통해 후보자의 적격성을 평가\",\n    \"execution_plan\": \"1. 7월 10일까지 서면질의서 제출, 2. 7월 14일까지 질의요지서 제출, 3. 7월 15일 및 16일 인사청문회 개최, 4. 청문경과보고서 작성 및 제출\",\n    \"expected_effects\": [\n        \"기대효과 1: 후보자의 정책 방향 및 역량에 대한 명확한 이해\",\n        \"기대효과 2: 인사청문회를 통한 국회의 책임 있는 검증 역할 수행\",\n        \"기대효과 3: 국민에게 투명하고 신뢰할 수 있는 인사 검증 과정 제공\"\n    ]\n}\n```",
  "prd_output": "```json\n{\n    \"overview\": \"파싱된 프로젝트는 회의 내용을 기반으로 프로젝트를 관리하는 도구입니다. 이 프로젝트는 회의에서 논의된 내용을 체계적으로 정리하고, 이를 통해 프로젝트를 효율적으로 관리할 수 있도록 지원합니다. 타겟 사용자는 프로젝트 매니저와 팀원들로, 회의 내용을 쉽게 파악하고 실행 계획을 수립하는 데 가치를 제공합니다.\",\n    \"core_features\": \"주요 기능으로는 회의 내용 자동 파싱, 프로젝트 생성 및 관리, 실행 계획 수립 등이 있습니다. 회의 내용 자동 파싱 기능은 회의에서 논의된 내용을 텍스트로 변환하여 저장합니다. 프로젝트 생성 및 관리 기능은 파싱된 내용을 바탕으로 프로젝트를 생성하고, 이를 체계적으로 관리할 수 있도록 합니다. 실행 계획 수립 기능은 파싱된 내용을 기반으로 실행 가능한 계획을 자동으로 생성합니다.\",\n    \"user_experience\": \"사용자 경험 설계는 회의에 참석한 사용자가 회의 내용을 쉽게 기록하고, 이를 바탕으로 프로젝트를 생성하는 흐름으로 구성됩니다. 주요 페르소나는 프로젝트 매니저와 팀원이며, UI/UX는 직관적이고 사용하기 쉬운 인터페이스를 제공합니다.\",\n    \"technical_architecture\": \"기술 아키텍처는 클라이언트-서버 모델로 구성되며, 데이터 모델은 회의 내용, 프로젝트, 실행 계획 등의 엔티티로 구성됩니다. API는 회의 내용 파싱, 프로젝트 생성, 실행 계획 수립 등의 기능을 제공합니다. 인프라 요구사항은 클라우드 기반의 서버와 데이터베이스가 필요합니다.\",\n    \"development_roadmap\": \"개발 로드맵은 MVP로 회의 내용 파싱 및 프로젝트 생성 기능을 우선 개발하고, 이후 실행 계획 수립 기능을 추가하는 방식으로 진행됩니다. 향후 개선사항으로는 사용자 피드백을 반영한 UI/UX 개선과 추가 기능 개발이 포함됩니다.\",\n    \"logical_dependency_chain\": \"논리적 의존성 체인은 회의 내용 파싱 기능을 먼저 개발하고, 이를 기반으로 프로젝트 생성 기능을 개발합니다. 이후 실행 계획 수립 기능을 추가하여 점진적으로 기능을 확장합니다.\",\n    \"risks_and_mitigations\": \"위험 요소로는 회의 내용 파싱의 정확성 문제와 MVP 범위 설정의 어려움이 있습니다. 이를 완화하기 위해 초기에는 제한된 범위의 회의 내용을 대상으로 파싱 기능을 개발하고, 사용자 피드백을 통해 개선합니다. 자원 제약사항으로는 개발 인력과 시간의 제한이 있습니다.\",\n    \"appendix\": \"추가 정보로는 회의 내용 파싱 기술에 대한 연구 결과와 기술 사양이 포함됩니다. 이를 통해 프로젝트의 기술적 타당성을 검토할 수 있습니다.\"\n}\n```",
  "quality_metrics": {
    "final_score": 6.0,
    "is_production_ready": true,
    "iterations_used": 1,
    "is_high_quality": false
  },
  "metadata": {
    "source_file": "../batch_triplet_results\\result_제22대국회 제426회(임시회) 제3차 환경노동위원회(전체회의) (2025.07.04.)\\05_final_result.json",
    "utterance_count": 33,
    "transcript_length": 2914,
    "speakers": [
      "임이자 위원",
      "위원장 안호영",
      "김형동 위원"
    ],
    "dataset_type": "train",
    "processing_date": "2025-07-31T15:20:01.592448"
  }
}