{
  "id": "train_036",
  "source_dir": "result_ES2004b",
  "notion_output": "```json\n{\n    \"project_name\": \"유니버설 리모컨 개발 프로젝트\",\n    \"project_purpose\": \"모든 전자기기를 하나의 리모컨으로 제어할 수 있는 유니버설 리모컨 개발\",\n    \"project_period\": \"2025.01.01 ~ 2025.03.31\",\n    \"project_manager\": \"Speaker_B\",\n    \"core_objectives\": [\n        \"목표 1: 사용자 친화적인 디자인으로 리모컨 개발\",\n        \"목표 2: 패셔너블한 요소를 포함하여 시장 경쟁력 강화\",\n        \"목표 3: 경제성을 고려한 생산 비용 절감\"\n    ],\n    \"core_idea\": \"모든 전자기기를 하나의 리모컨으로 제어할 수 있는 솔루션\",\n    \"idea_description\": \"리모컨은 무선으로 작동하며, 사용자가 버튼을 누르면 IR 데이터로 변환되어 TV 수신기에서 디코딩 가능. 디자인은 사용자 친화적이며, 패션 요소를 접목하여 시장에서의 경쟁력을 강화.\",\n    \"execution_plan\": \"1단계: 시장 조사 및 디자인 컨셉 확립 (2025.01.01 ~ 2025.01.31)\\n2단계: 프로토타입 개발 및 테스트 (2025.02.01 ~ 2025.02.28)\\n3단계: 최종 디자인 및 대량 생산 준비 (2025.03.01 ~ 2025.03.31)\",\n    \"expected_effects\": [\n        \"기대효과 1: 사용자 편의성 향상으로 인한 고객 만족도 증가\",\n        \"기대효과 2: 패셔너블한 디자인으로 인한 젊은 층의 시장 점유율 확대\",\n        \"기대효과 3: 생산 비용 절감을 통한 수익성 개선\"\n    ]\n}\n```",
  "prd_output": "```json\n{\n    \"overview\": \"파싱된 프로젝트는 회의 내용을 기반으로 한 프로젝트로, 회의에서 논의된 내용을 체계적으로 정리하고 관리할 수 있도록 돕습니다. 이 프로젝트는 회의 참가자 및 관리자에게 유용하며, 회의 후속 작업의 효율성을 높이는 것을 목표로 합니다.\",\n    \"core_features\": \"1. 회의 내용 자동 파싱: 회의 내용을 자동으로 파싱하여 주요 항목을 추출합니다. 2. 프로젝트 생성 및 관리: 파싱된 내용을 기반으로 프로젝트를 생성하고 관리할 수 있습니다. 3. 알림 및 리마인더: 프로젝트 진행 상황에 대한 알림 및 리마인더 기능을 제공합니다.\",\n    \"user_experience\": \"사용자는 회의 내용을 업로드하고, 자동으로 생성된 프로젝트를 검토 및 수정할 수 있습니다. 주요 페르소나는 프로젝트 관리자와 팀원이며, 직관적인 UI/UX를 통해 손쉽게 프로젝트를 관리할 수 있도록 설계됩니다.\",\n    \"technical_architecture\": \"시스템은 클라우드 기반으로 설계되며, 데이터 모델은 회의 내용, 프로젝트 정보, 사용자 데이터를 포함합니다. API는 회의 내용 업로드 및 프로젝트 관리 기능을 지원하며, 인프라는 확장성을 고려하여 설계됩니다.\",\n    \"development_roadmap\": \"MVP는 회의 내용 파싱 및 프로젝트 생성 기능을 포함합니다. 이후 알림 기능 및 사용자 경험 개선을 위한 업데이트가 계획되어 있습니다.\",\n    \"logical_dependency_chain\": \"1. 회의 내용 파싱 기능 개발 2. 프로젝트 생성 및 관리 기능 개발 3. 알림 및 리마인더 기능 개발\",\n    \"risks_and_mitigations\": \"기술적 도전은 자연어 처리 기술의 정확성이며, 이를 위해 최신 NLP 모델을 활용합니다. MVP는 핵심 기능에 집중하여 자원 제약을 최소화합니다.\",\n    \"appendix\": \"추가 정보로는 최신 NLP 기술 연구 결과 및 관련 기술 사양이 포함됩니다.\"\n}\n```",
  "quality_metrics": {
    "final_score": 6.0,
    "is_production_ready": true,
    "iterations_used": 1,
    "is_high_quality": false
  },
  "metadata": {
    "source_file": "../batch_triplet_results\\result_ES2004b\\05_final_result.json",
    "utterance_count": 277,
    "transcript_length": 9944,
    "speakers": [
      "Speaker_B",
      "Speaker_D",
      "Speaker_C",
      "Speaker_A"
    ],
    "dataset_type": "train",
    "processing_date": "2025-07-31T11:29:09.627724"
  }
}