{
  "id": "train_143",
  "source_dir": "result_ES2010b",
  "notion_output": "```json\n{\n    \"project_name\": \"차세대 스마트 TV 리모컨 개발 프로젝트\",\n    \"project_purpose\": \"사용자 친화적이고 비용 효율적인 스마트 TV 리모컨 개발을 통해 시장 경쟁력 강화\",\n    \"project_period\": \"2025.01.01 ~ 2025.03.31\",\n    \"project_manager\": \"앰버\",\n    \"core_objectives\": [\n        \"목표 1: 사용자 요구 사항에 기반한 기능 설계 및 구현\",\n        \"목표 2: 스마트 칩을 활용하여 다기능 리모컨 개발 및 비용 최적화\",\n        \"목표 3: 현대적이고 단순한 디자인 구현으로 젊은 층 타겟팅\"\n    ],\n    \"core_idea\": \"사용자 경험을 극대화한 차세대 스마트 TV 리모컨\",\n    \"idea_description\": \"스마트 칩을 활용하여 다양한 기기와의 호환성을 높이고, 사용 빈도가 높은 기능을 중심으로 간단한 인터페이스를 제공하는 리모컨을 개발합니다. 현대적인 디자인을 통해 젊은 층의 선호도를 반영하며, 비용 효율성을 고려하여 생산합니다.\",\n    \"execution_plan\": [\n        \"1단계: 사용자 요구 사항 분석 및 예산 검토 (2025.01.01 ~ 2025.01.15)\",\n        \"2단계: 기능 설계 및 스마트 칩 기반 프로토타입 개발 (2025.01.16 ~ 2025.02.15)\",\n        \"3단계: 디자인 확정 및 시제품 제작 (2025.02.16 ~ 2025.03.01)\",\n        \"4단계: 테스트 및 피드백 반영 (2025.03.02 ~ 2025.03.15)\",\n        \"5단계: 최종 제품 출시 준비 및 마케팅 전략 수립 (2025.03.16 ~ 2025.03.31)\"\n    ],\n    \"budget_and_cost\": {\n        \"initial_budget\": \"500,000 USD\",\n        \"cost_optimization_strategies\": [\n            \"스마트 칩 대량 구매를 통한 단가 절감\",\n            \"충전식 배터리 사용으로 장기적 비용 절감\"\n        ]\n    },\n    \"specific_features\": [\n        \"기본 기능: TV 전원, 채널 변경, 볼륨 조절\",\n        \"추가 기능: 기기 간 전환, 스마트 칩을 통한 다기능 지원\",\n        \"디자인 요소: 현대적이고 단순한 디자인, 사용자 인터페이스의 직관성 강화\"\n    ],\n    \"expected_effects\": [\n        \"기대효과 1: 사용자 만족도 향상 - 직관적인 인터페이스로 사용 편의성 증대\",\n        \"기대효과 2: 시장 점유율 확대 - 현대적 디자인과 기능성으로 젊은 층의 관심 유도\",\n        \"기대효과 3: 비용 절감 - 스마트 칩 활용으로 생산 비용 최적화\"\n    ]\n}\n```",
  "prd_output": "```json\n{\n    \"overview\": \"파싱된 프로젝트는 회의 내용을 기반으로 한 프로젝트로, 핵심 아이디어를 통해 문제를 해결하고자 합니다. 이 프로젝트는 회의에서 논의된 내용을 체계적으로 정리하고 관리하는 것을 목표로 하며, 주로 회의 참석자 및 관리자들이 주요 타겟 사용자입니다. 이를 통해 회의 후속 작업의 효율성을 높이고, 정보의 누락을 방지하는 가치를 제공합니다.\",\n    \"core_features\": \"1. 회의 내용 자동 파싱: 회의 중 논의된 내용을 자동으로 파싱하여 텍스트로 변환합니다. 2. 프로젝트 생성 및 관리: 파싱된 내용을 기반으로 프로젝트를 생성하고, 관련 작업을 관리할 수 있습니다. 3. 알림 및 리마인더: 중요한 마일스톤이나 작업 기한에 대한 알림을 제공합니다.\",\n    \"user_experience\": \"사용자는 회의 후 파싱된 내용을 검토하고, 필요에 따라 프로젝트를 생성할 수 있습니다. 주요 페르소나는 회의 관리자와 팀원이며, 사용자 인터페이스는 직관적이고 사용하기 쉽게 설계됩니다. 주요 플로우는 회의 내용 파싱 -> 프로젝트 생성 -> 작업 관리로 이어집니다.\",\n    \"technical_architecture\": \"시스템은 클라우드 기반으로 설계되며, 데이터 모델은 회의 내용, 프로젝트, 작업 등의 엔티티로 구성됩니다. API는 외부 회의 플랫폼과의 연동을 지원하며, 인프라는 AWS를 기반으로 구축됩니다.\",\n    \"development_roadmap\": \"MVP는 회의 내용 파싱 및 프로젝트 생성 기능을 포함합니다. 향후 개선사항으로는 AI 기반의 회의 내용 요약 기능과 다양한 회의 플랫폼과의 연동을 계획하고 있습니다. 단계별 개발은 초기 파싱 기능 구현, 프로젝트 관리 기능 추가, 알림 시스템 구축 순으로 진행됩니다.\",\n    \"logical_dependency_chain\": \"초기에는 회의 내용 파싱 기능을 우선 개발하고, 이후 프로젝트 생성 및 관리 기능을 추가합니다. 마지막으로 알림 및 리마인더 기능을 구현하여 전체 시스템을 완성합니다.\",\n    \"risks_and_mitigations\": \"기술적 도전으로는 정확한 내용 파싱과 다양한 회의 플랫폼과의 연동이 있으며, 이를 위해 NLP 기술과 API 연동 기술을 활용합니다. MVP는 기본 파싱 및 프로젝트 생성 기능으로 정의되며, 자원 제약사항으로는 개발 인력과 시간 제한이 있습니다.\",\n    \"appendix\": \"추가 정보로는 회의 내용 파싱을 위한 NLP 연구 결과와 다양한 회의 플랫폼의 API 사양이 포함됩니다.\"\n}\n```",
  "quality_metrics": {
    "final_score": 6.0,
    "is_production_ready": true,
    "iterations_used": 2,
    "is_high_quality": false
  },
  "metadata": {
    "source_file": "../batch_triplet_results\\result_ES2010b\\05_final_result.json",
    "utterance_count": 244,
    "transcript_length": 8711,
    "speakers": [
      "Speaker_B",
      "Speaker_D",
      "Speaker_C",
      "Speaker_A"
    ],
    "dataset_type": "train",
    "processing_date": "2025-07-31T13:38:46.782304"
  }
}