{
  "id": "train_240",
  "source_dir": "result_Bed010_processed",
  "notion_output": "```json\n{\n    \"project_name\": \"SmartKom Enhanced Interface Development\",\n    \"project_purpose\": \"To develop an advanced interface that leverages gesture recognition, spatial description, and natural language processing technologies for improved human-computer interaction.\",\n    \"project_period\": \"2023.11.01 ~ 2024.04.30\",\n    \"project_manager\": \"Bhaskara\",\n    \"core_objectives\": [\n        \"Objective 1: Enhance user interaction through advanced gesture recognition integrated with Siemens virtual touch screen technology.\",\n        \"Objective 2: Develop a robust natural language processing system utilizing spatial description technology and syntax parsing.\",\n        \"Objective 3: Implement multilingual support for German, English, and Japanese to facilitate global market entry.\"\n    ],\n    \"core_idea\": \"Integrating gesture recognition, spatial description, and NLP technologies to enable seamless and intuitive interaction between users and systems.\",\n    \"idea_description\": \"By processing user inputs through gesture recognition and providing natural conversational interfaces in multiple languages via spatial description technology, we aim to significantly enhance user experience.\",\n    \"execution_plan\": [\n        {\n            \"phase\": \"Phase 1: Gesture Recognition and Initial Testing\",\n            \"timeline\": \"2023.11.01 ~ 2024.01.31\",\n            \"tasks\": [\n                \"Develop and test gesture recognition algorithms using Siemens virtual touch screen technology.\",\n                \"Conduct initial user testing and feedback collection to refine gesture recognition capabilities.\",\n                \"Ensure system stability and robustness through iterative testing.\"\n            ]\n        },\n        {\n            \"phase\": \"Phase 2: Integration of Spatial Description and NLP Systems\",\n            \"timeline\": \"2024.02.01 ~ 2024.03.31\",\n            \"tasks\": [\n                \"Integrate spatial description technology with existing NLP frameworks.\",\n                \"Develop syntax parsers based on LISP and Prolog for semantic understanding and XML generation.\",\n                \"Conduct system integration testing with real-world scenarios to ensure seamless functionality.\"\n            ]\n        },\n        {\n            \"phase\": \"Phase 3: Multilingual Support and System Testing\",\n            \"timeline\": \"2024.04.01 ~ 2024.04.30\",\n            \"tasks\": [\n                \"Implement multilingual support for German, English, and Japanese.\",\n                \"Perform comprehensive system testing and debugging to ensure all components work harmoniously.\",\n                \"Prepare and conduct final demonstration for stakeholders, highlighting key features and capabilities.\"\n            ]\n        }\n    ],\n    \"expected_effects\": [\n        \"Effect 1: Increased user satisfaction due to improved interface intuitiveness and responsiveness.\",\n        \"Effect 2: Potential for global market expansion through multilingual support and enhanced user experience.\",\n        \"Effect 3: Enhanced corporate image through the adoption and demonstration of innovative technologies.\"\n    ],\n    \"key_personnel\": [\n        {\n            \"name\": \"Bhaskara\",\n            \"role\": \"Project Manager\",\n            \"responsibilities\": \"Oversee project execution, manage technical and semantic aspects, and ensure alignment with project goals.\"\n        },\n        {\n            \"name\": \"Johno\",\n            \"role\": \"Lead Developer\",\n            \"responsibilities\": \"Develop parsers and analyzers, ensure system integration, and manage technical challenges.\"\n        },\n        {\n            \"name\": \"Tilman\",\n            \"role\": \"Syntax Tree Specialist\",\n            \"responsibilities\": \"Design and implement syntax trees using LISP and Prolog, and support XML generation processes.\"\n        },\n        {\n            \"name\": \"Robert\",\n            \"role\": \"Technical Advisor\",\n            \"responsibilities\": \"Provide guidance on technical decisions and ensure alignment with industry standards.\"\n        }\n    ],\n    \"technical_details\": [\n        \"Utilization of LISP notation for XML generation and syntax tree construction.\",\n        \"Integration with Siemens virtual touch screen for gesture-based interactions.\",\n        \"Development of a knowledge-based system using Prolog for syntactic structure generation.\",\n        \"Implementation of gesture recognition algorithms that interact with spatial description technologies.\"\n    ]\n}\n```",
  "prd_output": "```json\n{\n    \"overview\": \"파싱된 프로젝트는 회의 내용을 기반으로 프로젝트를 관리하는 도구입니다. 이 프로젝트는 회의에서 논의된 내용을 체계적으로 정리하고 추적하여 프로젝트 관리의 효율성을 높이는 것을 목표로 합니다. 타겟 사용자는 프로젝트 매니저, 팀 리더, 그리고 회의 주최자들입니다. 이 도구는 회의 내용을 자동으로 파싱하여 프로젝트 계획에 반영함으로써 시간 절약과 정확한 정보 전달을 제공합니다.\",\n    \"core_features\": \"1. 회의 내용 자동 파싱: 회의 중 논의된 내용을 자동으로 파싱하여 프로젝트 계획에 반영합니다. 2. 프로젝트 계획 자동 업데이트: 파싱된 정보를 기반으로 프로젝트 계획을 자동으로 업데이트합니다. 3. 알림 및 리마인더: 중요한 마일스톤 및 작업에 대한 알림을 제공합니다.\",\n    \"user_experience\": \"사용자는 회의 후 자동으로 생성된 프로젝트 계획을 검토하고 필요한 경우 수동으로 수정할 수 있습니다. 주요 페르소나는 프로젝트 매니저이며, 주요 플로우는 회의 일정 관리, 회의 내용 파싱, 프로젝트 계획 업데이트입니다. UI/UX는 직관적이고 사용하기 쉬운 인터페이스를 제공하여 사용자가 쉽게 접근할 수 있도록 설계됩니다.\",\n    \"technical_architecture\": \"시스템은 클라우드 기반으로 설계되며, 주요 구성 요소는 데이터 파싱 모듈, 프로젝트 관리 모듈, 알림 시스템입니다. 데이터 모델은 회의 내용, 프로젝트 계획, 사용자 정보를 포함합니다. API는 외부 회의 도구와의 통합을 지원하며, 인프라는 AWS를 기반으로 구축됩니다.\",\n    \"development_roadmap\": \"MVP는 회의 내용 파싱 및 프로젝트 계획 자동 업데이트 기능을 포함합니다. 이후 단계에서는 사용자 피드백을 기반으로 알림 기능과 외부 도구 통합을 개선할 예정입니다. 개발은 3단계로 나누어 진행되며, 각 단계는 2개월 간격으로 계획됩니다.\",\n    \"logical_dependency_chain\": \"1단계: 회의 내용 파싱 기능 개발, 2단계: 프로젝트 계획 자동 업데이트 기능 개발, 3단계: 알림 및 외부 도구 통합 기능 개발. 각 단계는 이전 단계의 기능을 기반으로 확장됩니다.\",\n    \"risks_and_mitigations\": \"기술적 도전은 자연어 처리의 정확성 확보입니다. 이를 위해 최신 NLP 기술을 도입하고, MVP 단계에서 사용자 피드백을 통해 개선합니다. 자원 제약사항은 개발 인력의 제한이며, 이를 해결하기 위해 외부 개발자와의 협업을 고려합니다.\",\n    \"appendix\": \"추가 정보로는 최신 NLP 기술 연구 자료와 AWS 인프라 구성 가이드가 포함됩니다.\"\n}\n```",
  "quality_metrics": {
    "final_score": 6.0,
    "is_production_ready": true,
    "iterations_used": 3,
    "is_high_quality": false
  },
  "metadata": {
    "source_file": "../batch_triplet_results\\result_Bed010_processed\\05_final_result.json",
    "utterance_count": 677,
    "transcript_length": 23518,
    "speakers": [
      "Speaker_D",
      "Speaker_F",
      "Speaker_A",
      "Speaker_G",
      "Speaker_B",
      "Speaker_E",
      "Speaker_C"
    ],
    "dataset_type": "train",
    "processing_date": "2025-07-31T15:30:59.005432"
  }
}