{
  "id": "train_138",
  "source_dir": "result_ES2009c",
  "notion_output": "```json\n{\n    \"project_name\": \"혁신적인 친환경 리모컨 개발 프로젝트\",\n    \"project_purpose\": \"친환경적이고 사용자 친화적인 리모컨을 개발하여 시장에서의 차별화된 경쟁력을 확보\",\n    \"project_period\": \"2024.01.01 ~ 2024.06.30\",\n    \"project_manager\": \"Speaker_A\",\n    \"core_objectives\": [\n        \"목표 1: 친환경 에너지원(태양 전지 등)을 활용한 리모컨 개발\",\n        \"목표 2: 사용자 편의성을 고려한 직관적인 인터페이스 설계\",\n        \"목표 3: 생산 비용을 최적화하여 시장 경쟁력 강화\"\n    ],\n    \"core_idea\": \"친환경 에너지를 사용하는 직관적이고 혁신적인 리모컨 개발\",\n    \"idea_description\": \"리모컨에 표준 배터리와 태양 전지를 결합하여 에너지를 공급하고, 고무 이중 곡면 케이스와 고무 푸시 버튼을 사용하여 사용자 경험을 향상시킴. 또한, 터치스크린 기술을 배제하고 기본적인 버튼과 메뉴 스크롤 기능을 통해 직관적인 사용성을 제공.\",\n    \"execution_plan\": [\n        \"1단계: 시장 조사 및 요구 사항 분석 (2024.01.01 ~ 2024.01.31)\",\n        \"2단계: 제품 설계 및 프로토타입 개발 (2024.02.01 ~ 2024.03.31)\",\n        \"3단계: 파일럿 테스트 및 피드백 수집 (2024.04.01 ~ 2024.04.30)\",\n        \"4단계: 최종 제품 개발 및 생산 준비 (2024.05.01 ~ 2024.06.30)\"\n    ],\n    \"expected_effects\": [\n        \"기대효과 1: 친환경 제품으로서의 브랜드 이미지 강화\",\n        \"기대효과 2: 직관적인 인터페이스로 인한 사용자 만족도 증가\",\n        \"기대효과 3: 생산 비용 절감을 통한 가격 경쟁력 확보\"\n    ]\n}\n```",
  "prd_output": "```json\n{\n    \"overview\": \"파싱된 프로젝트는 회의 내용을 기반으로 프로젝트를 관리하는 솔루션입니다. 이 프로젝트는 회의에서 논의된 내용을 효과적으로 파악하고 이를 기반으로 프로젝트를 생성 및 관리함으로써 효율성을 높이고자 합니다. 주요 타겟 사용자는 기업 내 프로젝트 매니저 및 팀원들로, 회의 후 빠르게 프로젝트를 구성하고 진행 상황을 추적하는 데 가치를 제공합니다.\",\n    \"core_features\": \"1. 회의 내용 파싱: 회의 내용을 자동으로 텍스트로 변환하고, 키워드 및 주요 논의점을 추출합니다. 2. 프로젝트 생성: 파싱된 내용을 기반으로 자동으로 프로젝트를 생성하고, 관련된 태스크를 할당합니다. 3. 진행 상황 추적: 프로젝트의 진행 상황을 시각적으로 추적할 수 있는 대시보드를 제공합니다.\",\n    \"user_experience\": \"사용자는 회의가 끝난 후, 회의 내용을 업로드하면 자동으로 프로젝트가 생성됩니다. 페르소나는 프로젝트 매니저로, 주요 플로우는 회의 내용 업로드 -> 프로젝트 생성 확인 -> 태스크 할당 및 진행 상황 추적입니다. UI/UX는 직관적이고 사용하기 쉬운 인터페이스를 지향합니다.\",\n    \"technical_architecture\": \"시스템은 클라우드 기반으로 운영되며, 주요 구성 요소는 텍스트 파싱 모듈, 프로젝트 관리 모듈, 대시보드 모듈입니다. 데이터 모델은 회의 내용, 프로젝트 정보, 태스크 정보로 구성되며, RESTful API를 통해 각 모듈이 통신합니다. 인프라는 AWS를 기반으로 하며, 확장성을 고려한 설계를 채택합니다.\",\n    \"development_roadmap\": \"MVP는 회의 내용 파싱 및 프로젝트 생성 기능을 포함합니다. 향후 개선사항으로는 AI 기반의 자동 태스크 할당 및 예측 기능이 있으며, 단계별로 UI/UX 개선, 대시보드 기능 추가가 예정되어 있습니다.\",\n    \"logical_dependency_chain\": \"먼저 회의 내용 파싱 기능을 개발하고, 이를 기반으로 프로젝트 생성 기능을 구현합니다. 이후 대시보드 기능을 추가하며, 마지막으로 AI 기반 기능을 개발합니다. 기초 기능은 회의 내용 파싱과 프로젝트 생성입니다.\",\n    \"risks_and_mitigations\": \"기술적 도전은 자연어 처리(NLP) 기술의 정확성 확보입니다. MVP는 기본적인 파싱 및 프로젝트 생성 기능으로 정의되며, 자원 제약사항은 개발 인력과 시간입니다. 이를 위해 초기에는 간단한 기능부터 구현하고 점진적으로 고도화합니다.\",\n    \"appendix\": \"추가 정보로는 NLP 기술 연구 결과 및 관련 기술 사양이 포함됩니다. 또한, 회의 내용 파싱을 위한 알고리즘 설계 문서가 첨부됩니다.\"\n}\n```",
  "quality_metrics": {
    "final_score": 6.0,
    "is_production_ready": true,
    "iterations_used": 1,
    "is_high_quality": false
  },
  "metadata": {
    "source_file": "../batch_triplet_results\\result_ES2009c\\05_final_result.json",
    "utterance_count": 232,
    "transcript_length": 8011,
    "speakers": [
      "Speaker_B",
      "Speaker_D",
      "Speaker_C",
      "Speaker_A"
    ],
    "dataset_type": "train",
    "processing_date": "2025-07-31T13:31:59.672147"
  }
}