{
  "id": "train_056",
  "source_dir": "result_Bmr021_processed",
  "notion_output": "```json\n{\n    \"project_name\": \"고품질 회의 녹음 및 효율적 파일 관리 시스템 구축 프로젝트\",\n    \"project_purpose\": \"회의 녹음의 품질을 향상시키고 파일 관리 시스템을 최적화하여 데이터 활용성을 극대화한다.\",\n    \"project_period\": \"2024.01.01 ~ 2024.06.30\",\n    \"project_manager\": \"Speaker_C\",\n    \"core_objectives\": [\n        \"목표 1: 회의 녹음 품질을 개선하기 위한 고품질 마이크 및 장비 도입\",\n        \"목표 2: 파일 구조 재구성을 통해 데이터 관리의 효율성 증대\",\n        \"목표 3: 새로운 명명 규칙을 적용하여 파일 검색 및 접근성 향상\",\n        \"목표 4: 시스템 통합 및 사용자 교육을 통해 새로운 시스템의 원활한 정착\"\n    ],\n    \"core_idea\": \"고품질 녹음 장비와 체계적인 파일 관리 시스템을 통해 회의 데이터의 활용성을 높인다.\",\n    \"idea_description\": \"소니 마이크와 같은 고품질 장비를 도입하여 녹음 품질을 높이고, 파일 구조를 재구성하여 데이터 접근성을 개선한다. 또한, 새로운 명명 규칙을 적용하여 파일 관리의 효율성을 극대화한다. 회의에서 논의된 기술적 세부사항을 반영하여 실무 활용성을 높인다.\",\n    \"execution_plan\": [\n        \"단계 1: 현재 사용 중인 녹음 장비와 파일 관리 시스템 분석 (2024.01.01 ~ 2024.01.31)\",\n        \"단계 2: 소니 마이크 및 관련 장비 도입 및 테스트 (2024.02.01 ~ 2024.03.15)\",\n        \"단계 3: 파일 구조 재구성 및 새로운 명명 규칙 적용 (2024.03.16 ~ 2024.04.30)\",\n        \"단계 4: 시스템 통합 및 최종 테스트 (2024.05.01 ~ 2024.05.31)\",\n        \"단계 5: 사용자 교육 및 시스템 정착 (2024.06.01 ~ 2024.06.30)\"\n    ],\n    \"expected_effects\": [\n        \"기대효과 1: 고품질 녹음 장비 도입으로 인한 회의 녹음 품질 향상\",\n        \"기대효과 2: 파일 구조 재구성으로 인한 데이터 관리 효율성 증가\",\n        \"기대효과 3: 새로운 명명 규칙 적용으로 인한 파일 검색 및 접근성 향상\",\n        \"기대효과 4: 사용자 교육을 통한 시스템의 원활한 정착 및 활용도 증가\"\n    ],\n    \"technical_details\": {\n        \"equipment_details\": {\n            \"microphones\": [\n                {\n                    \"brand\": \"Sony\",\n                    \"model\": \"Lavalier Microphone\",\n                    \"features\": \"High-quality audio capture, wireless options available\"\n                },\n                {\n                    \"brand\": \"Crown\",\n                    \"model\": \"Crown 2.50\",\n                    \"features\": \"Cost-effective, suitable for smaller meetings\"\n                }\n            ]\n        },\n        \"file_management\": {\n            \"restructuring_plan\": \"Implement a hierarchical file structure with clear naming conventions to improve searchability and organization.\",\n            \"naming_convention\": \"Adopt a consistent naming scheme that includes date, meeting type, and key participants.\"\n        },\n        \"system_integration\": {\n            \"software_tools\": [\n                \"W-Encode for file compression and encoding\",\n                \"Sphere Library for transparent file handling\"\n            ],\n            \"platform_compatibility\": \"Ensure compatibility across NT and UNIX systems with access via H drive.\"\n        }\n    }\n}\n```",
  "prd_output": "```json\n{\n    \"overview\": \"파싱된 프로젝트는 회의 내용을 기반으로 한 프로젝트로, 회의에서 논의된 내용을 효과적으로 관리하고 추적하는 것을 목표로 합니다. 이 프로젝트는 회의 참가자와 관리자 모두에게 유용하며, 회의의 효율성을 높이고 중요한 정보를 놓치지 않도록 돕습니다.\",\n    \"core_features\": \"1. 회의 내용 자동 파싱: 회의 중 논의된 내용을 자동으로 파싱하여 텍스트로 변환합니다. 2. 프로젝트 생성 및 관리: 파싱된 내용을 바탕으로 프로젝트를 생성하고 관리할 수 있습니다. 3. 알림 및 리마인더: 중요한 마일스톤과 작업을 추적하고 사용자에게 알림을 제공합니다.\",\n    \"user_experience\": \"사용자는 회의가 끝난 후 파싱된 내용을 검토하고, 필요한 경우 수정할 수 있습니다. 주요 페르소나는 프로젝트 관리자와 팀원입니다. UI/UX는 직관적이고 사용하기 쉽게 설계되어야 하며, 모바일과 데스크톱 환경 모두에서 원활히 작동해야 합니다.\",\n    \"technical_architecture\": \"시스템은 클라우드 기반으로 설계되며, 데이터 파싱 엔진, 사용자 인터페이스, 알림 시스템으로 구성됩니다. 데이터 모델은 회의 내용, 프로젝트 정보, 사용자 데이터를 포함하며, RESTful API를 통해 상호작용합니다.\",\n    \"development_roadmap\": \"MVP는 회의 내용 파싱과 프로젝트 생성 기능을 포함합니다. 이후 알림 시스템과 사용자 인터페이스 개선이 이루어질 예정입니다. 단계별로 기능을 확장하여 최종적으로 완전한 프로젝트 관리 솔루션을 제공합니다.\",\n    \"logical_dependency_chain\": \"기초 기능으로 회의 내용 파싱을 우선 개발하고, 이후 프로젝트 생성 및 관리 기능을 추가합니다. 알림 시스템은 그 다음 단계로 개발됩니다.\",\n    \"risks_and_mitigations\": \"기술적 도전으로는 자연어 처리의 정확도가 있으며, 이를 위해 최신 NLP 기술을 활용합니다. 자원 제약사항으로는 개발 인력과 시간 관리가 있으며, 이를 위해 효율적인 프로젝트 관리 기법을 적용합니다.\",\n    \"appendix\": \"추가 정보로는 최신 NLP 기술 연구 결과와 관련 기술 사양이 포함됩니다. 또한, 유사 프로젝트 사례 연구도 참고 자료로 포함될 수 있습니다.\"\n}\n```",
  "quality_metrics": {
    "final_score": 6.0,
    "is_production_ready": true,
    "iterations_used": 2,
    "is_high_quality": false
  },
  "metadata": {
    "source_file": "../batch_triplet_results\\result_Bmr021_processed\\05_final_result.json",
    "utterance_count": 505,
    "transcript_length": 16950,
    "speakers": [
      "Speaker_D",
      "Speaker_F",
      "Speaker_A",
      "Speaker_B",
      "Speaker_E",
      "Speaker_C"
    ],
    "dataset_type": "train",
    "processing_date": "2025-07-31T11:54:54.280011"
  }
}