{
  "id": "train_046",
  "source_dir": "result_IS1003d",
  "notion_output": "```json\n{\n    \"project_name\": \"버섯 리모컨 프로젝트 - 혁신적 채널 선택 및 에너지 효율성 강화\",\n    \"project_purpose\": \"사용자 친화적이고 지속 가능한 에너지 사용을 통한 혁신적 리모컨 개발로 시장 경쟁력 강화\",\n    \"project_period\": \"2025.01.01 ~ 2025.03.31\",\n    \"project_manager\": \"데이비드 조던\",\n    \"core_objectives\": [\n        \"목표 1: 사용자 인터페이스 개선을 통한 사용 편의성 증대\",\n        \"목표 2: 태양열 수신기를 활용한 에너지 효율성 강화\",\n        \"목표 3: 혁신적인 디자인과 채널 선택 기능을 통한 시장 경쟁력 확보\",\n        \"목표 4: 기술적 혁신을 통한 제품의 차별화\"\n    ],\n    \"core_idea\": \"버섯 디자인의 리모컨 개발\",\n    \"idea_description\": \"버섯 모양의 리모컨은 원형 채널 선택 기능과 촉각적 버튼을 통해 사용자의 편의성을 높이며, 태양열 수신기를 통해 지속 가능한 에너지 사용을 가능하게 합니다. 기본 색상으로 노란색과 빨간색을 사용하여 시각적인 매력을 더합니다. 리모컨의 중앙은 노란색이며, 원형과 삼각형 조각의 두 가지 기본 모양을 가지고 있습니다. 또한, 채널 1에서 10까지의 빠른 점프 기능을 제공합니다.\",\n    \"execution_plan\": \"1단계: 디자인 확정 및 프로토타입 제작 (2025.01.01 ~ 2025.01.31)\\n2단계: 기술적 검토 및 수정 (2025.02.01 ~ 2025.02.28)\\n3단계: 최종 프로토타입 테스트 및 생산 준비 (2025.03.01 ~ 2025.03.31)\",\n    \"technical_details\": {\n        \"channel_selection\": \"원형 채널 선택 기능을 통해 사용자가 쉽게 채널을 변경할 수 있으며, 채널 1에서 10까지의 빠른 점프 기능을 제공합니다. 또한, 사용자가 원하는 채널로 쉽게 이동할 수 있는 스크롤 휠 기능을 포함합니다.\",\n        \"energy_source\": \"태양열 수신기를 통해 에너지를 공급받으며, 추가적으로 촉각적 버튼을 통해 에너지 효율성을 높입니다.\",\n        \"design_elements\": \"버섯 디자인은 노란색과 빨간색의 조화를 이루며, 중앙이 노란색인 원형 디자인을 채택합니다. 디자인은 사용자의 손에 편안하게 맞도록 설계되었습니다.\"\n    },\n    \"expected_effects\": [\n        \"기대효과 1: 사용자 만족도 향상 - 직관적인 디자인과 사용 편의성으로 사용자 경험 개선\",\n        \"기대효과 2: 에너지 절감 - 태양열 수신기를 통한 지속 가능한 에너지 사용으로 비용 절감\",\n        \"기대효과 3: 시장 점유율 확대 - 혁신적인 디자인과 기능을 통해 경쟁 제품 대비 우위 확보\",\n        \"기대효과 4: 기술적 혁신을 통한 브랜드 이미지 강화\"\n    ],\n    \"feedback_incorporation\": [\n        \"회의에서 논의된 구체적인 채널 선택 기능을 포함하여 사용자 편의성을 강화하였습니다.\",\n        \"버섯 디자인의 구체적인 색상 및 모양 설명을 추가하여 시각적 매력을 강조하였습니다.\",\n        \"기술적 세부 사항을 추가하여 실무에서의 활용성을 높였습니다.\",\n        \"회의에서 언급된 다양한 의견과 피드백을 반영하여 기획안을 보완하였습니다.\"\n    ]\n}\n```",
  "prd_output": "```json\n{\n    \"overview\": \"파싱된 프로젝트는 회의 내용을 기반으로 한 프로젝트로, 주로 회의에서 논의된 사항을 체계적으로 정리하고 관리하는 데 중점을 둡니다. 이 프로젝트는 회의 참가자 및 관리자와 같은 사용자를 대상으로 하며, 회의 후속 작업의 효율성을 높이고 정보의 손실을 최소화하는 가치를 제공합니다.\",\n    \"core_features\": \"1. 회의 내용 자동 파싱: 회의 중 기록된 내용을 자동으로 파싱하여 주요 항목을 추출합니다.\\n2. 프로젝트 생성 및 관리: 파싱된 내용을 기반으로 새로운 프로젝트를 생성하고, 관련 작업을 할당합니다.\\n3. 알림 및 업데이트: 프로젝트 진행 상황에 대한 실시간 알림을 제공합니다.\",\n    \"user_experience\": \"사용자는 회의가 끝난 후 자동으로 생성된 프로젝트를 검토하고 필요한 작업을 할당할 수 있습니다. 주요 페르소나는 회의 관리자와 팀원이며, UI/UX는 직관적이고 사용하기 쉬운 인터페이스를 제공합니다.\",\n    \"technical_architecture\": \"시스템은 클라우드 기반으로 구축되며, 데이터 모델은 회의 내용, 프로젝트, 작업 항목을 포함합니다. API는 외부 회의 플랫폼과의 통합을 지원하며, 인프라는 확장 가능한 서버를 사용합니다.\",\n    \"development_roadmap\": \"MVP는 회의 내용 파싱 및 프로젝트 생성 기능을 포함합니다. 이후 단계에서는 사용자 피드백을 반영하여 알림 기능과 외부 플랫폼 통합을 개선할 예정입니다.\",\n    \"logical_dependency_chain\": \"1. 회의 내용 파싱 기능 개발\\n2. 프로젝트 생성 및 관리 기능 개발\\n3. 알림 시스템 구축\\n4. 외부 플랫폼 통합\",\n    \"risks_and_mitigations\": \"기술적 도전은 자연어 처리의 정확성 확보이며, 이를 위해 최신 NLP 기술을 활용합니다. 자원 제약사항은 개발 인력의 제한이며, 외부 전문가의 도움을 받을 계획입니다.\",\n    \"appendix\": \"추가 정보로는 최신 NLP 기술 연구 자료와 시스템 아키텍처 다이어그램이 포함됩니다.\"\n}\n```",
  "quality_metrics": {
    "final_score": 6.0,
    "is_production_ready": true,
    "iterations_used": 3,
    "is_high_quality": false
  },
  "metadata": {
    "source_file": "../batch_triplet_results\\result_IS1003d\\05_final_result.json",
    "utterance_count": 363,
    "transcript_length": 11116,
    "speakers": [
      "Speaker_A",
      "Speaker_B",
      "Speaker_D",
      "Speaker_C"
    ],
    "dataset_type": "train",
    "processing_date": "2025-07-31T11:39:57.525223"
  }
}