{
  "id": "train_172",
  "source_dir": "result_제22대국회 제418회(정기회) 제5차 과학기술정보방송통신위원회(예산결산심사소위원회) (2024.11.19.)",
  "notion_output": "```json\n{\n    \"project_name\": \"2025년도 과학기술정보통신부 및 방송통신위원회 예산안 및 기금운용계획 심사 및 조정\",\n    \"project_purpose\": \"과학기술정보통신부 및 방송통신위원회의 2025년도 예산안과 기금운용계획안을 심사하고 조정하여 각 부처의 요구와 국가 전략에 부합하는 효율적인 예산 집행을 도모한다.\",\n    \"project_period\": \"2024.01.01 ~ 2024.12.31\",\n    \"project_manager\": \"정동영 소위원장\",\n    \"core_objectives\": [\n        \"목표 1: 과학기술정보통신부의 예산안 및 기금운용계획안의 증액 및 감액 항목을 심사하여 최종 결정한다.\",\n        \"목표 2: 방송통신위원회의 예산안 및 기금운용계획안의 보류된 항목을 심사하고 조정한다.\",\n        \"목표 3: 각 위원회 및 부처의 구체적인 의견과 요구 사항을 수렴하여 최종 예산안을 확정한다.\",\n        \"목표 4: 예산 심사 과정에서 정부와 여야 간의 협력을 강화하여 합리적인 예산 배분을 도모한다.\"\n    ],\n    \"core_idea\": \"효율적인 예산 심사를 통해 과학기술 및 방송통신 분야의 발전을 지원하고, 국가 전략에 부합하는 예산 배분을 실현\",\n    \"idea_description\": \"과학기술정보통신부와 방송통신위원회의 2025년도 예산안 및 기금운용계획안을 심사하여, 각 사업의 필요성과 우선순위를 평가하고, 증액 및 감액을 통해 최적의 예산 배분을 결정한다. 이를 통해 과학기술 및 방송통신 분야의 발전을 지원하고, 국민 복지를 향상시킨다.\",\n    \"execution_plan\": [\n        \"1. 예산안 및 기금운용계획안의 보류 항목을 검토하여 각 부처의 요구 사항을 파악한다.\",\n        \"2. 각 위원회 및 부처의 구체적인 의견을 수렴하여 조정안을 마련한다.\",\n        \"3. 증액 및 감액 항목에 대한 구체적인 논거를 바탕으로 표결을 실시한다.\",\n        \"4. 최종 예산안을 확정하고 의결하여 각 부처에 통보한다.\",\n        \"5. 예산 집행 과정에서의 문제점을 모니터링하고, 필요 시 추가 조정을 실시한다.\"\n    ],\n    \"expected_effects\": [\n        \"기대효과 1: 과학기술 및 방송통신 분야의 효율적인 예산 집행으로 인한 산업 발전\",\n        \"기대효과 2: 예산 심사를 통한 정부 및 여야 간의 협력 강화\",\n        \"기대효과 3: 최적의 예산 배분으로 인한 국민 복지 향상\",\n        \"기대효과 4: 각 부처의 요구 사항을 반영한 예산 배분으로 인한 정책 실행력 강화\"\n    ],\n    \"detailed_discussions\": [\n        {\n            \"item\": \"국가간협력기반 조성 세부사업\",\n            \"discussion\": \"APEC 정상회의 관련 증액 여부 결정 필요\",\n            \"decision\": \"증액 여부를 나중에 일괄 표결\"\n        },\n        {\n            \"item\": \"스마트팜 다부처 패키지 혁신기술 사업\",\n            \"discussion\": \"21억 1400만 원 감액 필요성 논의\",\n            \"decision\": \"결론 미도출, 추가 논의 필요\"\n        },\n        {\n            \"item\": \"민관합작 선진원자로 수출 기반 구축사업\",\n            \"discussion\": \"70억 감액 의견과 20억 증액 의견 상충\",\n            \"decision\": \"최소 비용 7억 감액으로 조정\"\n        },\n        {\n            \"item\": \"글로벌TOP전략연구단지원사업\",\n            \"discussion\": \"354억 5000만 원 감액 의견 철회, 300억 증액 논의\",\n            \"decision\": \"증액 규모에 대한 합리적 논거 필요\"\n        },\n        {\n            \"item\": \"한국전자통신연구원 대남 방송 소음피해 대응책 마련\",\n            \"discussion\": \"기존 예산 없음, 10억 증액 요구\",\n            \"decision\": \"증액 불가, 원안 유지\"\n        }\n    ]\n}\n```",
  "prd_output": "```json\n{\n    \"overview\": \"파싱된 프로젝트는 회의 내용을 기반으로 프로젝트를 관리하고 추적하는 시스템입니다. 이 프로젝트는 회의에서 논의된 사항을 체계적으로 정리하고, 이를 통해 프로젝트의 진행 상황을 명확히 파악할 수 있도록 돕습니다. 타겟 사용자는 프로젝트 매니저와 팀원들로, 이 시스템을 통해 효율적인 커뮤니케이션과 협업을 촉진할 수 있습니다. 가치 제안은 회의 내용을 자동으로 파싱하여 프로젝트에 반영함으로써 시간 절약과 정보의 정확성을 보장하는 것입니다.\",\n    \"core_features\": \"1. 회의 내용 자동 파싱: 회의에서 논의된 내용을 자동으로 텍스트로 변환하고, 이를 프로젝트 관리 시스템에 반영합니다. 2. 프로젝트 진행 상황 추적: 파싱된 데이터를 기반으로 프로젝트의 진행 상황을 시각적으로 보여줍니다. 3. 알림 및 리마인더: 중요한 마일스톤이나 작업 기한을 사용자에게 알립니다.\",\n    \"user_experience\": \"사용자는 회의가 끝난 후 시스템에 회의 녹음을 업로드합니다. 시스템은 이를 자동으로 텍스트로 변환하고, 프로젝트 관리 대시보드에 반영합니다. 주요 페르소나는 프로젝트 매니저와 팀원으로, 이들은 대시보드를 통해 프로젝트의 진행 상황을 쉽게 파악하고 필요한 조치를 취할 수 있습니다. UI/UX는 직관적이고 사용하기 쉬운 인터페이스를 제공하여 사용자 경험을 향상시킵니다.\",\n    \"technical_architecture\": \"시스템은 음성 인식 API를 사용하여 회의 내용을 텍스트로 변환합니다. 데이터 모델은 프로젝트, 태스크, 마일스톤 등의 엔티티로 구성되며, 각 엔티티는 관계형 데이터베이스에 저장됩니다. 인프라는 클라우드 기반으로 구축되어 확장성과 안정성을 보장합니다.\",\n    \"development_roadmap\": \"MVP 요구사항은 회의 내용의 기본적인 파싱과 프로젝트 대시보드 기능입니다. 향후 개선사항으로는 다국어 지원, 고급 분석 기능 등이 포함됩니다. 단계별 개발 범위는 초기 파싱 기능 구현, 대시보드 개발, 알림 시스템 구축 순으로 진행됩니다.\",\n    \"logical_dependency_chain\": \"개발 순서는 음성 인식 기능 구현, 데이터베이스 설계 및 구축, 대시보드 UI 개발 순으로 진행됩니다. 기초 기능은 음성 인식 및 파싱 기능이며, 이를 기반으로 점진적으로 대시보드와 알림 기능을 개발합니다.\",\n    \"risks_and_mitigations\": \"기술적 도전은 음성 인식의 정확도와 데이터 보안입니다. 이를 위해 고품질의 음성 인식 API를 사용하고, 데이터 암호화 및 접근 제어를 강화합니다. MVP는 기본적인 파싱 및 대시보드 기능으로 정의되며, 자원 제약사항으로는 개발 인력과 시간입니다.\",\n    \"appendix\": \"추가 정보로는 음성 인식 기술 연구 결과와 데이터 보안 관련 기술 사양이 포함됩니다.\"\n}\n```",
  "quality_metrics": {
    "final_score": 6.0,
    "is_production_ready": true,
    "iterations_used": 2,
    "is_high_quality": false
  },
  "metadata": {
    "source_file": "../batch_triplet_results\\result_제22대국회 제418회(정기회) 제5차 과학기술정보방송통신위원회(예산결산심사소위원회) (2024.11.19.)\\05_final_result.json",
    "utterance_count": 340,
    "transcript_length": 19277,
    "speakers": [
      "방송통신위원회부위원장 김태규",
      "김현 위원",
      "소위원장 정동영",
      "이훈기 위원",
      "박충권 위원",
      "최수진 위원",
      "전문위원 임명현",
      "최형두 위원",
      "방송통신위원회방송통신이용자정책국장 신영규",
      "과학기술정보통신부제2차관 강도현",
      "위원장 최민희",
      "이해민 위원",
      "과학기술정보통신부제1차관 이창윤",
      "수석전문위원 김건오"
    ],
    "dataset_type": "train",
    "processing_date": "2025-07-31T14:22:38.474718"
  }
}