{
  "id": "train_090",
  "source_dir": "result_TS3006b",
  "notion_output": "```json\n{\n    \"project_name\": \"스마트 리모컨 개발 프로젝트\",\n    \"project_purpose\": \"사용자 친화적이고 고급 기능을 갖춘 스마트 리모컨 개발을 통해 40대 이하의 새로운 시장에 진출\",\n    \"project_period\": \"2024.01.01 ~ 2024.06.30\",\n    \"project_manager\": \"Speaker_D\",\n    \"core_objectives\": [\n        \"목표 1: 40대 이하의 고객층을 타겟으로 한 스마트 리모컨 디자인 및 개발\",\n        \"목표 2: 사용자 인터페이스와 사용자 경험을 개선하여 고급 기능을 쉽게 접근 가능하도록 구현\",\n        \"목표 3: 기업 정체성을 반영한 리모컨 디자인을 통해 브랜드 이미지 강화\"\n    ],\n    \"core_idea\": \"스마트 리모컨을 통해 새로운 고객층을 확보하고, 기존 고객에게도 향상된 사용자 경험 제공\",\n    \"idea_description\": \"스마트 리모컨은 고급 기능을 제공하며, 사용자 인터페이스가 직관적이고 사용이 용이하도록 설계됩니다. 또한, 기업의 정체성을 반영한 디자인을 통해 브랜드 이미지를 강화합니다.\",\n    \"execution_plan\": [\n        \"1단계: 시장 조사 및 타겟 고객층 분석 (2024.01.01 ~ 2024.01.31)\",\n        \"2단계: 사용자 인터페이스 및 디자인 개발 (2024.02.01 ~ 2024.03.31)\",\n        \"3단계: 프로토타입 제작 및 테스트 (2024.04.01 ~ 2024.05.15)\",\n        \"4단계: 피드백 수집 및 최종 제품 개선 (2024.05.16 ~ 2024.06.15)\",\n        \"5단계: 제품 출시 및 마케팅 (2024.06.16 ~ 2024.06.30)\"\n    ],\n    \"expected_effects\": [\n        \"기대효과 1: 새로운 고객층 확보를 통한 매출 증대\",\n        \"기대효과 2: 사용자 만족도 향상 및 브랜드 충성도 강화\",\n        \"기대효과 3: 고급 기능을 통한 시장 내 경쟁력 강화\"\n    ]\n}\n```",
  "prd_output": "```json\n{\n    \"overview\": \"파싱된 프로젝트는 회의 내용을 기반으로 프로젝트를 관리하는 시스템입니다. 이 프로젝트는 회의에서 논의된 내용을 효과적으로 정리하고 추적할 수 있는 솔루션을 제공합니다. 주 타겟 사용자는 회의가 빈번한 기업의 팀원들로, 이 시스템을 통해 회의 후속 조치를 쉽게 관리할 수 있습니다. 가치는 회의 후속 작업의 효율성을 높이고, 정보의 손실을 최소화하는 데 있습니다.\",\n    \"core_features\": \"1. 회의 내용 자동 파싱: 회의 중 기록된 내용을 자동으로 파싱하여 프로젝트로 변환합니다. 2. 작업 항목 생성: 파싱된 내용을 기반으로 자동으로 작업 항목을 생성하고 할당합니다. 3. 진행 상황 추적: 생성된 작업 항목의 진행 상황을 실시간으로 추적할 수 있습니다.\",\n    \"user_experience\": \"사용자는 회의가 끝난 후 시스템에 회의 기록을 업로드합니다. 시스템은 이를 파싱하여 작업 항목을 생성하고, 사용자에게 할당합니다. 페르소나는 프로젝트 매니저와 팀원으로, 주요 플로우는 회의 기록 업로드, 작업 항목 확인 및 진행 상황 업데이트입니다. UI/UX는 직관적이고 사용하기 쉽게 설계됩니다.\",\n    \"technical_architecture\": \"시스템은 클라우드 기반으로 설계되며, 주요 구성 요소는 데이터 파싱 모듈, 작업 관리 모듈, 사용자 인터페이스 모듈입니다. 데이터 모델은 회의 기록, 작업 항목, 사용자 정보로 구성됩니다. API는 외부 회의 기록 시스템과의 통합을 지원합니다. 인프라는 AWS를 기반으로 하며, 확장성을 고려한 설계가 필요합니다.\",\n    \"development_roadmap\": \"MVP는 회의 내용 파싱 및 작업 항목 생성 기능을 포함합니다. 향후 개선 사항으로는 AI 기반의 파싱 정확도 향상, 사용자 맞춤형 대시보드 제공 등이 있습니다. 단계별 개발 범위는 초기 파싱 기능 개발, 작업 관리 기능 추가, 사용자 인터페이스 개선 순으로 진행됩니다.\",\n    \"logical_dependency_chain\": \"초기에는 회의 내용 파싱 기능이 개발되어야 하며, 이후 작업 항목 생성 및 관리 기능이 추가됩니다. 기초 기능의 우선순위는 파싱 정확도 개선, 사용자 인터페이스 개선 순입니다. 점진적으로 새로운 기능을 추가하여 시스템을 확장합니다.\",\n    \"risks_and_mitigations\": \"기술적 도전은 회의 내용을 정확하게 파싱하는 알고리즘 개발입니다. MVP 정의는 기본적인 파싱 및 작업 생성 기능으로 설정됩니다. 자원 제약사항으로는 개발 인력과 시간 제한이 있으며, 이를 해결하기 위해 외부 전문가의 조언을 받을 수 있습니다.\",\n    \"appendix\": \"추가 정보로는 회의 기록 파싱에 대한 최신 연구 결과와 기술 사양이 포함됩니다. 또한, 유사 프로젝트 사례 연구 자료가 참고 자료로 제공됩니다.\"\n}\n```",
  "quality_metrics": {
    "final_score": 6.0,
    "is_production_ready": true,
    "iterations_used": 1,
    "is_high_quality": false
  },
  "metadata": {
    "source_file": "../batch_triplet_results\\result_TS3006b\\05_final_result.json",
    "utterance_count": 413,
    "transcript_length": 12488,
    "speakers": [
      "Speaker_B",
      "Speaker_D",
      "Speaker_C",
      "Speaker_A"
    ],
    "dataset_type": "train",
    "processing_date": "2025-07-31T12:32:58.916251"
  }
}