{
  "id": "train_032",
  "source_dir": "result_TS3011b",
  "notion_output": "```json\n{\n    \"project_name\": \"차세대 사용자 친화적 리모컨 개발 프로젝트\",\n    \"project_purpose\": \"젊은 세대를 타겟으로 한 사용하기 쉬운 리모컨 개발을 통해 시장 점유율 확대\",\n    \"project_period\": \"2024.01.01 ~ 2024.06.30\",\n    \"project_manager\": \"세바스찬\",\n    \"core_objectives\": [\n        \"목표 1: 젊은 세대를 위한 직관적이고 사용하기 쉬운 리모컨 디자인 개발\",\n        \"목표 2: 비용 효율적인 회로 기판 설계를 통해 생산 비용 절감\",\n        \"목표 3: 리모컨의 기본 기능(채널 전환, 볼륨 조절) 최적화\"\n    ],\n    \"core_idea\": \"사용자 친화적인 인터페이스와 비용 효율성을 갖춘 리모컨 개발\",\n    \"idea_description\": \"젊은 세대를 위한 직관적이고 사용하기 쉬운 리모컨을 개발하여 시장의 요구를 충족시키고, 비용 효율성을 통해 경쟁력을 강화한다. 리모컨은 기본적인 채널 전환과 볼륨 조절 기능에 집중하며, 불필요한 기능은 제거하여 단순함을 유지한다.\",\n    \"execution_plan\": \"1단계: 시장 조사 및 요구사항 분석 (2024.01.01 ~ 2024.01.31)\\n2단계: 디자인 및 기술 설계 (2024.02.01 ~ 2024.03.15)\\n3단계: 프로토타입 개발 및 테스트 (2024.03.16 ~ 2024.04.30)\\n4단계: 생산 준비 및 마케팅 계획 수립 (2024.05.01 ~ 2024.05.31)\\n5단계: 제품 출시 및 피드백 수집 (2024.06.01 ~ 2024.06.30)\",\n    \"expected_effects\": [\n        \"기대효과 1: 젊은 세대의 수요를 충족시켜 시장 점유율 증가\",\n        \"기대효과 2: 비용 절감을 통한 이익률 향상\",\n        \"기대효과 3: 사용자 피드백을 통한 제품 개선 및 브랜드 이미지 강화\"\n    ]\n}\n```",
  "prd_output": "```json\n{\n    \"overview\": \"파싱된 프로젝트는 회의 내용을 기반으로 프로젝트를 생성하고 관리하는 시스템입니다. 이 프로젝트는 회의에서 논의된 내용을 자동으로 파싱하여 프로젝트로 변환함으로써, 사용자가 수동으로 프로젝트를 생성하는 시간을 절약하고 효율성을 높이는 것을 목표로 합니다. 타겟 사용자는 주로 기업의 프로젝트 매니저와 팀 리더이며, 가치 제안은 프로젝트 생성의 자동화와 관리의 효율성 증대입니다.\",\n    \"core_features\": \"1. 회의 내용 파싱: 음성 인식 및 자연어 처리 기술을 활용하여 회의 내용을 텍스트로 변환하고, 이를 기반으로 프로젝트를 자동 생성합니다. 2. 프로젝트 자동 생성: 파싱된 데이터를 기반으로 프로젝트의 목표, 실행 계획 등을 자동으로 설정합니다. 3. 사용자 정의 가능성: 사용자가 자동 생성된 프로젝트를 수정하고 추가 정보를 입력할 수 있는 기능을 제공합니다.\",\n    \"user_experience\": \"사용자는 회의가 끝난 후, 시스템에 회의 녹음을 업로드합니다. 시스템은 이를 파싱하여 프로젝트를 생성하고, 사용자는 생성된 프로젝트를 검토 및 수정할 수 있습니다. 주요 페르소나는 프로젝트 매니저이며, UI/UX는 직관적이고 사용하기 쉬운 인터페이스를 제공하여 사용자가 빠르게 프로젝트를 관리할 수 있도록 설계됩니다.\",\n    \"technical_architecture\": \"시스템은 음성 인식 모듈, 자연어 처리 모듈, 데이터베이스, 웹 애플리케이션 서버로 구성됩니다. 데이터 모델은 프로젝트, 회의, 사용자 정보를 포함하며, API는 외부 서비스와의 통합을 지원합니다. 인프라는 클라우드 기반으로 확장성을 고려하여 설계됩니다.\",\n    \"development_roadmap\": \"MVP는 회의 내용 파싱 및 프로젝트 자동 생성 기능을 포함합니다. 이후 단계에서는 사용자 정의 기능 및 외부 서비스 통합을 추가할 계획입니다. 각 단계는 사용자 피드백을 반영하여 개선됩니다.\",\n    \"logical_dependency_chain\": \"1. 음성 인식 및 자연어 처리 모듈 개발 2. 프로젝트 자동 생성 기능 개발 3. 사용자 인터페이스 개발 4. 사용자 정의 기능 추가 5. 외부 서비스 통합\",\n    \"risks_and_mitigations\": \"기술적 도전은 음성 인식의 정확성과 자연어 처리의 효율성입니다. MVP는 필수 기능에 집중하여 복잡성을 줄이고, 자원 제약사항은 클라우드 서비스를 활용하여 완화합니다.\",\n    \"appendix\": \"추가 정보로는 음성 인식 및 자연어 처리 기술의 최신 연구 결과와 관련 기술 사양이 포함됩니다.\"\n}\n```",
  "quality_metrics": {
    "final_score": 6.0,
    "is_production_ready": true,
    "iterations_used": 1,
    "is_high_quality": false
  },
  "metadata": {
    "source_file": "../batch_triplet_results\\result_TS3011b\\05_final_result.json",
    "utterance_count": 249,
    "transcript_length": 8906,
    "speakers": [
      "Speaker_B",
      "Speaker_D",
      "Speaker_C",
      "Speaker_A"
    ],
    "dataset_type": "train",
    "processing_date": "2025-07-31T11:26:57.213445"
  }
}