{
  "id": "train_007",
  "source_dir": "result_IS1008b",
  "notion_output": "```json\n{\n    \"project_name\": \"혁신적 스마트 리모컨 디자인 프로젝트\",\n    \"project_purpose\": \"사용자 친화적이고 기능적이며 비용 효율적인 스마트 리모컨 개발\",\n    \"project_period\": \"2024.01.01 ~ 2024.06.30\",\n    \"project_manager\": \"크리스틴\",\n    \"core_objectives\": [\n        \"목표 1: 직관적 사용자 인터페이스를 통한 사용성 향상\",\n        \"목표 2: 경량화 및 비용 효율성을 고려한 재료 선택\",\n        \"목표 3: 혁신적 디자인을 통한 젊은 소비자층 타겟팅 및 기업 이미지 강화\"\n    ],\n    \"core_idea\": \"기능적이고 미니멀한 디자인의 리모컨 개발\",\n    \"idea_description\": \"리모컨의 버튼 수를 최소화하고 자주 사용하는 기능을 직관적으로 배치하여 사용자 경험을 향상시키며, 트렌디한 디자인을 통해 젊은 소비자층을 타겟으로 함. 티타늄과 같은 경량 재료를 고려하여 비용 효율성을 높임.\",\n    \"execution_plan\": {\n        \"1단계\": {\n            \"기간\": \"2024.01.01 ~ 2024.02.15\",\n            \"활동\": [\n                \"시장 조사 및 사용자 요구사항 분석\",\n                \"경쟁 제품 분석 및 벤치마킹\"\n            ]\n        },\n        \"2단계\": {\n            \"기간\": \"2024.02.16 ~ 2024.04.15\",\n            \"활동\": [\n                \"디자인 컨셉 개발 및 프로토타입 제작\",\n                \"재료 선택 및 비용 분석\"\n            ]\n        },\n        \"3단계\": {\n            \"기간\": \"2024.04.16 ~ 2024.05.15\",\n            \"활동\": [\n                \"사용자 테스트 및 피드백 수집\",\n                \"디자인 수정 및 최적화\"\n            ]\n        },\n        \"4단계\": {\n            \"기간\": \"2024.05.16 ~ 2024.06.30\",\n            \"활동\": [\n                \"최종 디자인 확정 및 생산 준비\",\n                \"마케팅 전략 수립 및 홍보 계획\"\n            ]\n        }\n    },\n    \"expected_effects\": [\n        \"기대효과 1: 사용자 만족도 증가로 인한 브랜드 충성도 향상\",\n        \"기대효과 2: 생산 비용 절감으로 인한 가격 경쟁력 확보\",\n        \"기대효과 3: 혁신적인 디자인으로 시장 점유율 확대\",\n        \"기대효과 4: 젊은 소비자층의 관심 증대로 인한 기업 이미지 강화\"\n    ],\n    \"additional_notes\": [\n        \"회의에서 논의된 바와 같이, 리모컨의 버튼 수를 줄이고 자주 사용하는 기능을 강조하여 사용자 편의성을 높임.\",\n        \"티타늄과 같은 경량 재료를 사용하여 제품의 무게를 줄이고, 비용 효율성을 고려한 생산 전략을 수립함.\",\n        \"판매 가격은 25유로로 설정하며, 생산 비용은 12.5유로로 유지하여 가격 경쟁력을 확보함.\",\n        \"젊은 소비자층의 트렌드를 반영한 디자인을 통해 시장 점유율을 확대할 계획임.\"\n    ]\n}\n```",
  "prd_output": "```json\n{\n    \"overview\": \"파싱된 프로젝트는 회의 내용을 기반으로 하는 프로젝트로, 사용자가 회의에서 논의된 내용을 효율적으로 관리하고 추적할 수 있도록 돕습니다. 이 프로젝트는 회의 참가자, 프로젝트 관리자, 팀 리더를 주요 사용자로 하며, 회의 후속 작업을 체계적으로 관리할 수 있는 가치를 제공합니다.\",\n    \"core_features\": \"1. 회의 내용 자동 파싱: 회의 기록을 자동으로 분석하여 핵심 내용을 추출합니다. 2. 작업 생성 및 할당: 파싱된 내용을 바탕으로 자동으로 작업을 생성하고 팀원에게 할당합니다. 3. 진행 상황 추적: 생성된 작업의 진행 상황을 실시간으로 추적할 수 있습니다.\",\n    \"user_experience\": \"사용자는 회의 후 기록을 업로드하고, 자동으로 생성된 작업을 검토 및 수정할 수 있습니다. 주요 페르소나는 팀 리더로, 회의 후속 작업을 관리하는 역할을 합니다. UI/UX는 직관적이고 사용자가 쉽게 접근할 수 있도록 설계됩니다.\",\n    \"technical_architecture\": \"시스템은 클라우드 기반으로 구축되며, 데이터 모델은 회의 기록, 작업 항목, 사용자 정보를 포함합니다. API는 외부 회의 기록 시스템과의 통합을 지원하며, 인프라는 AWS를 기반으로 합니다.\",\n    \"development_roadmap\": \"MVP는 회의 기록 파싱 및 작업 생성 기능을 포함합니다. 이후 단계에서는 사용자 피드백을 반영하여 작업 할당 및 추적 기능을 개선할 예정입니다.\",\n    \"logical_dependency_chain\": \"1. 회의 기록 파싱 기능 개발 2. 작업 생성 및 할당 기능 개발 3. 진행 상황 추적 기능 개발. 각 단계는 이전 단계의 기능을 기반으로 점진적으로 개발됩니다.\",\n    \"risks_and_mitigations\": \"기술적 도전은 자연어 처리의 정확성입니다. 이를 위해 초기 MVP는 제한된 언어 및 도메인에 집중합니다. 자원 제약사항은 개발 인력의 제한이며, 이를 해결하기 위해 외부 파트너와 협력할 수 있습니다.\",\n    \"appendix\": \"추가 정보로는 자연어 처리 기술 연구 결과 및 관련 기술 사양이 포함됩니다.\"\n}\n```",
  "quality_metrics": {
    "final_score": 6.0,
    "is_production_ready": true,
    "iterations_used": 2,
    "is_high_quality": false
  },
  "metadata": {
    "source_file": "../batch_triplet_results\\result_IS1008b\\05_final_result.json",
    "utterance_count": 170,
    "transcript_length": 6662,
    "speakers": [
      "Speaker_B",
      "Speaker_D",
      "Speaker_C",
      "Speaker_A"
    ],
    "dataset_type": "train",
    "processing_date": "2025-07-31T10:53:48.520147"
  }
}