{
  "id": "train_181",
  "source_dir": "result_제22대국회 제426회(임시회) 제2차 예산결산특별위원회(2025년도제2회추가경정예산안등조정소위원회) (2025.07.04.)",
  "notion_output": "```json\n{\n    \"project_name\": \"2025년도 제2회 추가경정예산안 및 기금운용계획변경안 심사 및 조정 프로젝트\",\n    \"project_purpose\": \"국가 재정 운영의 투명성과 효율성을 제고하고, 민생 회복과 경제 활성화를 위한 재정 지원을 강화\",\n    \"project_period\": \"2025.01.01 ~ 2025.03.31\",\n    \"project_manager\": \"한병도 소위원장\",\n    \"core_objectives\": [\n        \"목표 1: 2025년도 제2회 추가경정예산안의 구체적인 증액 및 감액 내역을 명확히 조정\",\n        \"목표 2: 각 기금운용계획변경안의 수정 및 원안 채택을 통해 재정 계획의 투명성 확보\",\n        \"목표 3: 야당과의 협의를 통해 예산안 심사의 공정성과 합리성 강화\"\n    ],\n    \"core_idea\": \"추가경정예산안 및 기금운용계획변경안을 통해 국가 재정의 효율적 운영과 민생 회복을 도모\",\n    \"idea_description\": \"이번 프로젝트는 2025년도 제2회 추가경정예산안과 22개의 기금운용계획변경안을 심사하여 국가 재정의 효율성을 높이고, 민생 회복과 경제 활성화를 위한 재정 지원을 강화하는 것을 목표로 합니다. 이를 위해 증액 및 감액 내역을 명확히 하고, 각 기금운용계획을 수정하여 재정 계획의 투명성을 확보합니다.\",\n    \"execution_plan\": [\n        \"1. 예산안 및 기금운용계획의 증액 및 감액 내역 검토 (2025.01.01 ~ 2025.01.15)\",\n        \"2. 야당과의 협의를 통한 수정안 조정, 주요 쟁점 및 해결 방안 논의 (2025.01.16 ~ 2025.01.31)\",\n        \"3. 수정안에 대한 최종 심사 및 의결, 구체적인 증액 및 감액 내역 반영 (2025.02.01 ~ 2025.02.15)\",\n        \"4. 수정된 예산안 및 기금운용계획의 시행 준비 (2025.02.16 ~ 2025.02.28)\",\n        \"5. 시행 후 모니터링 및 피드백 수집, 야당과의 협의 결과 평가 (2025.03.01 ~ 2025.03.31)\"\n    ],\n    \"expected_effects\": [\n        \"기대효과 1: 증액 및 감액 내역의 명확한 조정을 통해 재정 운영의 투명성 및 효율성 강화\",\n        \"기대효과 2: 민생 회복을 위한 소비쿠폰 사업 및 무공해차 보급 확대사업의 증액을 통해 경제 활성화 기여\",\n        \"기대효과 3: 야당과의 협의를 통한 공정한 예산 심사로 정치적 신뢰도 및 협력 강화\"\n    ],\n    \"detailed_budget_changes\": {\n        \"증액 내역\": [\n            \"민생회복 소비쿠폰 사업: 기존 10조 2967억 원에서 1조 8742억 원 증액\",\n            \"무공해차 보급 확대사업: 기존 1조 1378억 원에서 1050억 원 증액\"\n        ],\n        \"감액 내역\": [\n            \"PF 선진화 마중물 개발앵커리츠 출자예산: 기존 3000억 원에서 1000억 원 감액\",\n            \"고효율 가전기기 구매 환급사업: 기존 3261억 원에서 590억 원 감액\"\n        ]\n    },\n    \"key_discussions\": [\n        \"야당과의 협의 과정에서 주요 쟁점으로는 회의 지연 사유, 증액 및 감액 내역의 불투명성, 협의 절차의 공정성 등이 있었음\",\n        \"야당은 증액 및 감액 내역에 대한 명확한 설명과 협의 과정의 투명성을 요구함\",\n        \"협의 결과, 일부 예산 증액 및 감액 내역이 조정되었으며, 향후 협의 과정의 개선을 약속함\"\n    ]\n}\n```",
  "prd_output": "```json\n{\n    \"overview\": \"파싱된 프로젝트는 회의 내용을 기반으로 프로젝트를 생성하고 관리하는 도구입니다. 이 프로젝트는 회의에서 논의된 사항을 체계적으로 정리하고, 이를 바탕으로 프로젝트를 구성하여 사용자들이 보다 효율적으로 작업을 진행할 수 있도록 돕습니다. 타겟 사용자는 회의 내용을 프로젝트로 전환하여 관리하고자 하는 팀 리더 및 프로젝트 매니저입니다. 이 도구는 회의 후속 작업의 효율성을 높이고, 정보의 손실을 최소화하는 가치를 제공합니다.\",\n    \"core_features\": \"1. 회의 내용 자동 파싱: 회의 기록을 입력하면 자동으로 주요 내용을 추출하여 프로젝트로 전환합니다. 2. 프로젝트 생성 및 관리: 파싱된 내용을 기반으로 프로젝트를 생성하고, 할당된 작업을 관리할 수 있습니다. 3. 실시간 협업 기능: 팀원들과 실시간으로 프로젝트 진행 상황을 공유하고 협업할 수 있습니다.\",\n    \"user_experience\": \"사용자는 회의가 끝난 후 기록을 업로드하여 자동으로 프로젝트를 생성합니다. 주요 페르소나는 프로젝트 매니저로, 회의 내용을 바탕으로 빠르게 프로젝트를 구성하고 팀원들에게 작업을 할당합니다. UI/UX는 직관적이고 사용하기 쉬운 인터페이스를 제공하여 사용자들이 복잡한 설정 없이도 쉽게 프로젝트를 관리할 수 있도록 설계되었습니다.\",\n    \"technical_architecture\": \"시스템은 클라우드 기반으로 설계되어 있으며, 주요 구성 요소로는 데이터 파싱 모듈, 프로젝트 관리 모듈, 실시간 협업 모듈이 있습니다. 데이터 모델은 회의 기록을 분석하여 프로젝트 구조로 변환하는 알고리즘을 포함합니다. API는 외부 회의 기록 시스템과의 통합을 지원하며, 인프라는 AWS를 기반으로 확장 가능한 구조로 설계되었습니다.\",\n    \"development_roadmap\": \"MVP 단계에서는 회의 내용 파싱 및 기본적인 프로젝트 생성 기능을 제공합니다. 이후 단계에서는 실시간 협업 기능과 외부 시스템 통합 기능을 추가할 예정입니다. 단계별로 사용자 피드백을 반영하여 기능을 개선해 나갈 계획입니다.\",\n    \"logical_dependency_chain\": \"개발 순서는 회의 내용 파싱 기능을 먼저 구현한 후, 프로젝트 생성 및 관리 기능을 개발합니다. 이후 실시간 협업 기능을 추가하며, 마지막으로 외부 시스템과의 통합 기능을 구현합니다. 각 단계는 이전 단계의 기능이 안정적으로 작동하는 것을 전제로 진행됩니다.\",\n    \"risks_and_mitigations\": \"기술적 도전으로는 회의 내용을 정확하게 파싱하는 알고리즘 개발이 있으며, 이를 위해 자연어 처리 기술을 활용합니다. MVP 정의는 핵심 기능에 집중하여 최소한의 기능으로 사용자 가치를 제공하는 것을 목표로 합니다. 자원 제약사항으로는 개발 인력 및 시간 제한이 있으며, 이를 위해 우선순위가 높은 기능부터 개발을 진행합니다.\",\n    \"appendix\": \"추가 정보로는 자연어 처리 기술에 대한 연구 결과 및 관련 기술 사양이 포함됩니다. 또한, 유사 프로젝트 사례 연구 및 시장 분석 자료가 참고 자료로 제공됩니다.\"\n}\n```",
  "quality_metrics": {
    "final_score": 6.0,
    "is_production_ready": true,
    "iterations_used": 3,
    "is_high_quality": false
  },
  "metadata": {
    "source_file": "../batch_triplet_results\\result_제22대국회 제426회(임시회) 제2차 예산결산특별위원회(2025년도제2회추가경정예산안등조정소위원회) (2025.07.04.)\\05_final_result.json",
    "utterance_count": 303,
    "transcript_length": 19845,
    "speakers": [
      "김대식 위원",
      "박형수 위원",
      "소위원장 한병도",
      "이소영 위원",
      "수석전문위원 이신우",
      "임미애 위원",
      "안도걸 위원",
      "조정훈 위원",
      "기획재정부예산실장 유병서",
      "기획재정부제2차관 임기근"
    ],
    "dataset_type": "train",
    "processing_date": "2025-07-31T14:31:38.016214"
  }
}