{
  "id": "train_006",
  "source_dir": "result_ES2012d",
  "notion_output": "```json\n{\n    \"project_name\": \"적외선 및 음성 센서 통합 패션 액세서리 개발 프로젝트\",\n    \"project_purpose\": \"패션과 첨단 기술의 융합을 통해 사용자 경험을 혁신하고, 적외선 및 음성 센서를 통합한 패션 액세서리를 개발하여 시장을 선도\",\n    \"project_period\": \"2025.01.01 ~ 2025.04.30\",\n    \"project_manager\": \"Speaker_A\",\n    \"core_objectives\": [\n        \"목표 1: 적외선 기술과 음성 센서를 통합하여 혁신적인 패션 액세서리 개발\",\n        \"목표 2: 사용자가 쉽게 착용하고 조작할 수 있는 직관적이고 편리한 제품 디자인 구현\",\n        \"목표 3: 예산 내에서 프로젝트를 완료하고 시장 출시 준비\"\n    ],\n    \"core_idea\": \"적외선 및 음성 센서를 활용하여 패션 액세서리의 기능성과 사용자 편의성을 극대화함\",\n    \"idea_description\": \"적외선 센서와 음성 센서를 내장한 패션 액세서리를 개발하여 사용자가 손쉽게 조작할 수 있도록 하며, 교체 가능한 커버를 통해 다양한 스타일을 제공함\",\n    \"execution_plan\": \"1단계: 디자인 브리핑 및 스프레드시트 준비 (2025.01.01 ~ 2025.01.15)\\n2단계: 프로토타입 개발 및 음성 센서 통합 테스트 (2025.01.16 ~ 2025.02.25)\\n3단계: 소비자 평가 및 피드백 수집 (2025.02.26 ~ 2025.03.15)\\n4단계: 최종 제품 수정 및 생산 준비 (2025.03.16 ~ 2025.04.30)\",\n    \"evaluation_method\": \"제품 평가 테스트 방법은 1점부터 7점까지의 게이지를 사용하여, 1점은 참이고 7점은 거짓으로 평가. 소비자와 경영자의 관점에서 문제를 해결하기 위한 기준을 설정하여 평가\",\n    \"expected_effects\": [\n        \"기대효과 1: 패션과 기술의 융합을 통해 새로운 시장 창출\",\n        \"기대효과 2: 사용자 편의성을 높여 소비자 만족도 향상\",\n        \"기대효과 3: 예산 내에서 프로젝트를 완료하여 비용 효율성 달성\"\n    ],\n    \"additional_notes\": [\n        \"음성 센서는 설계의 핵심 요소로, 비싸지만 유지해야 하는 중요한 기술적 요소임\",\n        \"제품 평가 테스트는 소비자와 경영자의 관점에서 설정된 기준을 충족하는지 확인하는 것이 목표\",\n        \"프로젝트의 성공적인 진행을 위해 팀워크와 창의성을 발휘할 수 있는 환경을 조성\"\n    ]\n}\n```",
  "prd_output": "```json\n{\n    \"overview\": \"파싱된 프로젝트는 회의 내용을 기반으로 프로젝트를 생성하고 관리할 수 있는 솔루션입니다. 이 프로젝트는 회의에서 논의된 내용을 효과적으로 정리하고, 이를 기반으로 프로젝트를 자동으로 생성하여 관리의 효율성을 높이는 것을 목표로 합니다. 타겟 사용자는 프로젝트 관리자 및 팀 리더로, 이 솔루션을 통해 회의 후속 작업을 간소화하고 프로젝트 진행 상황을 명확히 파악할 수 있습니다. 주요 가치 제안은 시간 절약과 업무 효율성 증대입니다.\",\n    \"core_features\": \"1. 회의 내용 파싱: 회의 내용을 자동으로 분석하여 프로젝트의 주요 항목을 추출합니다.\\n2. 프로젝트 생성: 파싱된 데이터를 기반으로 프로젝트를 자동으로 생성합니다.\\n3. 목표 설정 및 추적: 프로젝트의 핵심 목표를 설정하고 진행 상황을 추적합니다.\\n4. 보고서 생성: 프로젝트 진행 상황에 대한 보고서를 자동으로 생성합니다.\",\n    \"user_experience\": \"사용자는 회의 후 간단한 업로드 절차를 통해 회의 내용을 시스템에 입력합니다. 시스템은 자동으로 내용을 분석하고 프로젝트를 생성합니다. 사용자는 생성된 프로젝트를 검토하고 필요한 수정 작업을 수행할 수 있습니다. 주요 페르소나는 프로젝트 관리자이며, UI/UX는 직관적이고 사용하기 쉽게 설계됩니다.\",\n    \"technical_architecture\": \"시스템은 클라우드 기반으로 설계되며, 데이터 파싱을 위한 자연어 처리(NLP) 모듈을 포함합니다. 데이터 모델은 회의 내용, 프로젝트 항목, 목표 및 보고서로 구성됩니다. API는 외부 시스템과의 통합을 지원하며, 인프라는 확장성을 고려하여 설계됩니다.\",\n    \"development_roadmap\": \"MVP는 회의 내용 파싱 및 프로젝트 생성 기능을 포함합니다. 이후 단계에서는 목표 추적 및 보고서 생성 기능을 추가할 예정입니다. 각 단계별로 사용자 피드백을 반영하여 개선합니다.\",\n    \"logical_dependency_chain\": \"1. 회의 내용 파싱 기능 개발\\n2. 프로젝트 생성 기능 개발\\n3. 목표 설정 및 추적 기능 개발\\n4. 보고서 생성 기능 개발\",\n    \"risks_and_mitigations\": \"기술적 도전은 NLP의 정확도 향상이며, 이를 위해 최신 NLP 기술을 연구하고 적용합니다. MVP 정의는 회의 내용 파싱 및 프로젝트 생성 기능으로 설정하며, 자원 제약사항은 클라우드 인프라 비용을 고려합니다.\",\n    \"appendix\": \"추가 정보로는 최신 NLP 기술 연구 자료 및 클라우드 인프라 설계 사양이 포함됩니다.\"\n}\n```",
  "quality_metrics": {
    "final_score": 6.0,
    "is_production_ready": true,
    "iterations_used": 3,
    "is_high_quality": false
  },
  "metadata": {
    "source_file": "../batch_triplet_results\\result_ES2012d\\05_final_result.json",
    "utterance_count": 125,
    "transcript_length": 4056,
    "speakers": [
      "Speaker_B",
      "Speaker_D",
      "Speaker_C",
      "Speaker_A"
    ],
    "dataset_type": "train",
    "processing_date": "2025-07-31T10:53:10.143495"
  }
}