{
  "id": "train_092",
  "source_dir": "result_제22대국회 제427회(임시회) 제1차 국토교통위원회(교통법안심사소위원회) (2025.07.16.)",
  "notion_output": "```json\n{\n    \"project_name\": \"교통법안 개정 및 안전 강화 프로젝트\",\n    \"project_purpose\": \"교통법안 개정을 통해 국가 교통망의 효율성을 높이고, 교통 안전을 강화하여 국민의 삶의 질을 향상시키는 것\",\n    \"project_period\": \"2024.01.01 ~ 2024.12.31\",\n    \"project_manager\": \"복기왕 소위원장\",\n    \"core_objectives\": [\n        \"목표 1: 한국공항공사법 및 공항시설법 개정을 통한 공항 개발사업의 효율성 증대\",\n        \"목표 2: 조류충돌 방지 및 공항 안전성 강화\",\n        \"목표 3: 화물자동차 운수사업법의 일몰제 검토 및 안전운임제 재도입\"\n    ],\n    \"core_idea\": \"교통법안의 체계적 개정을 통해 교통 인프라의 안전성과 효율성을 동시에 강화\",\n    \"idea_description\": \"한국공항공사법과 공항시설법의 개정을 통해 공항 개발사업의 재정적 부담을 줄이고, 조류충돌 방지 대책을 강화하여 공항의 안전성을 높이며, 화물자동차 운수사업법의 일몰제 재검토를 통해 안전운임제를 재도입하여 화물운송의 안전성을 확보\",\n    \"execution_plan\": \"1단계: 법안 개정안 마련 및 검토 (2024.01.01 ~ 2024.03.31)\\n2단계: 이해관계자 협의 및 의견 수렴 (2024.04.01 ~ 2024.06.30)\\n3단계: 법안 수정 및 최종 확정 (2024.07.01 ~ 2024.09.30)\\n4단계: 법안 시행 및 모니터링 (2024.10.01 ~ 2024.12.31)\",\n    \"expected_effects\": [\n        \"기대효과 1: 공항 개발사업의 재정적 효율성 증대 및 공항공사의 투자 의욕 고취\",\n        \"기대효과 2: 조류충돌 방지 대책 강화로 인한 항공 안전성 향상\",\n        \"기대효과 3: 화물운송의 안전성 확보 및 운송업계의 안정적 운영 지원\"\n    ]\n}\n```",
  "prd_output": "```json\n{\n    \"overview\": \"파싱된 프로젝트는 회의 내용을 기반으로 프로젝트를 관리하기 위한 솔루션입니다. 이 프로젝트는 회의에서 논의된 내용을 효율적으로 파악하고 실행 가능한 작업으로 변환하여 팀의 생산성을 높이는 것을 목표로 합니다. 타겟 사용자는 프로젝트 매니저, 팀 리더, 그리고 회의에서의 의사결정을 기반으로 작업을 관리해야 하는 모든 팀원들입니다. 이 솔루션은 회의 내용을 자동으로 파싱하고, 이를 통해 프로젝트의 핵심 아이디어와 실행 계획을 명확히 하여 팀의 목표 달성을 지원합니다.\",\n    \"core_features\": \"주요 기능으로는 회의 내용 자동 파싱, 핵심 아이디어 추출, 실행 계획 생성, 목표 설정 및 추적 기능이 있습니다. 회의 내용 자동 파싱 기능은 음성 인식 및 자연어 처리 기술을 활용하여 회의 내용을 텍스트로 변환하고, 중요한 정보를 추출합니다. 핵심 아이디어 추출 기능은 파싱된 텍스트에서 프로젝트의 주요 아이디어를 식별하고 강조합니다. 실행 계획 생성 기능은 추출된 아이디어를 기반으로 구체적인 실행 계획을 자동으로 생성합니다. 목표 설정 및 추적 기능은 팀의 목표를 설정하고, 진행 상황을 실시간으로 모니터링할 수 있도록 지원합니다.\",\n    \"user_experience\": \"사용자는 회의 후 간단한 인터페이스를 통해 회의 내용을 업로드하거나 실시간으로 기록할 수 있습니다. 페르소나는 프로젝트 매니저와 팀 리더로, 이들은 회의 후 자동으로 생성된 실행 계획을 검토하고 팀원들에게 할당할 수 있습니다. 주요 플로우는 회의 내용 업로드 -> 자동 파싱 -> 실행 계획 및 목표 설정 -> 진행 상황 모니터링으로 구성됩니다. UI/UX는 직관적이고 사용하기 쉽게 설계되어야 하며, 시각적으로 명확한 정보 제공이 중요합니다.\",\n    \"technical_architecture\": \"시스템은 클라이언트 애플리케이션, 서버, 데이터베이스로 구성됩니다. 클라이언트 애플리케이션은 사용자 인터페이스를 제공하며, 서버는 음성 인식 및 자연어 처리 API를 통해 회의 내용을 파싱합니다. 데이터베이스는 프로젝트와 관련된 모든 데이터를 저장하고 관리합니다. 인프라 요구사항으로는 클라우드 기반의 확장 가능한 서버 환경이 필요합니다.\",\n    \"development_roadmap\": \"MVP 요구사항은 회의 내용 자동 파싱 및 실행 계획 생성 기능입니다. 향후 개선사항으로는 다양한 언어 지원, 사용자 맞춤형 대시보드, 팀 협업 기능 등이 있습니다. 단계별 개발 범위는 초기 MVP 개발, 사용자 피드백 수집 및 개선, 추가 기능 개발로 나뉩니다.\",\n    \"logical_dependency_chain\": \"개발 순서는 음성 인식 및 자연어 처리 기능 개발을 우선으로 하며, 그 후 실행 계획 생성 및 목표 설정 기능을 개발합니다. 기초 기능 우선순위는 회의 내용 파싱과 실행 계획 생성입니다. 점진적 개발 방식으로 초기 기능을 빠르게 출시하고, 사용자 피드백을 반영하여 점진적으로 개선합니다.\",\n    \"risks_and_mitigations\": \"기술적 도전으로는 음성 인식의 정확도와 자연어 처리의 효율성이 있으며, 이를 위해 최신 기술을 지속적으로 연구하고 적용해야 합니다. MVP 정의는 핵심 기능의 최소 구현으로 설정하며, 자원 제약사항으로는 개발 인력 및 시간 제한이 있습니다.\",\n    \"appendix\": \"추가 정보로는 음성 인식 및 자연어 처리 기술에 대한 최신 연구 결과와 기술 사양이 포함됩니다. 참고 자료로는 관련 논문 및 기술 문서가 있습니다.\"\n}\n```",
  "quality_metrics": {
    "final_score": 6.0,
    "is_production_ready": true,
    "iterations_used": 1,
    "is_high_quality": false
  },
  "metadata": {
    "source_file": "../batch_triplet_results\\result_제22대국회 제427회(임시회) 제1차 국토교통위원회(교통법안심사소위원회) (2025.07.16.)\\05_final_result.json",
    "utterance_count": 479,
    "transcript_length": 34036,
    "speakers": [
      "이연희 위원",
      "정점식 위원",
      "윤재옥 위원",
      "신영대 위원",
      "소위원장 복기왕",
      "배준영 위원",
      "전문위원 임종수",
      "윤종군 위원",
      "국토교통부공항정책관 김홍락",
      "국토교통부제2차관 강희업",
      "엄태영 위원",
      "윤종오 위원",
      "국토교통부항공정책실장 주종완",
      "국토교통부공항운영과장 박상민",
      "송기헌 위원",
      "김도읍 위원"
    ],
    "dataset_type": "train",
    "processing_date": "2025-07-31T12:36:50.798673"
  }
}