{
  "id": "train_149",
  "source_dir": "result_EN2001e",
  "notion_output": "```json\n{\n    \"project_name\": \"프로그램 안정성 및 사용자 인터페이스 최적화 프로젝트\",\n    \"project_purpose\": \"프로그램의 안정성 확보와 사용자 경험의 극대화\",\n    \"project_period\": \"2023.11.01 ~ 2024.01.31\",\n    \"project_manager\": \"Speaker_B\",\n    \"core_objectives\": [\n        \"목표 1: 프로그램의 특정 오류 수정 및 안정성 확보\",\n        \"목표 2: 사용자 인터페이스의 직관적 개선 및 기능 추가\",\n        \"목표 3: 데이터 입력 및 요약 기능의 효율성 증대\"\n    ],\n    \"core_idea\": \"프로그램의 기능 최적화와 사용자 인터페이스 개선을 통해 사용자 만족도를 높이고, 작업 효율성을 증대시키는 것\",\n    \"idea_description\": \"현재 프로그램의 작동 불안정성을 해결하고, 사용자 인터페이스를 개선하여 사용자가 더 직관적으로 프로그램을 사용할 수 있도록 한다. 또한, 데이터 입력 및 요약 기능을 최적화하여 작업 효율성을 높인다.\",\n    \"execution_plan\": [\n        {\n            \"단계\": \"단계 1: 프로그램 오류 수정 및 안정성 테스트\",\n            \"기간\": \"2023.11.01 ~ 2023.11.30\",\n            \"세부사항\": [\n                \"화면 분할 기능의 불안정성 해결\",\n                \"프로그램 작동 불안정성의 원인 분석 및 수정\",\n                \"입력 데이터 관련 오류 수정\",\n                \"프로그램의 번호 매기는 방식 개선\"\n            ],\n            \"책임자\": \"Speaker_B\"\n        },\n        {\n            \"단계\": \"단계 2: 사용자 인터페이스 디자인 및 개선\",\n            \"기간\": \"2023.12.01 ~ 2023.12.31\",\n            \"세부사항\": [\n                \"화면에 요약을 직관적으로 표시하는 기능 추가\",\n                \"사용자 인터페이스의 직관적 디자인 개선\",\n                \"사용자 피드백을 반영한 UI 개선\",\n                \"화면 클릭 시 세그먼트 이동 기능 구현\"\n            ],\n            \"책임자\": \"Speaker_D\"\n        },\n        {\n            \"단계\": \"단계 3: 데이터 입력 및 요약 기능 최적화\",\n            \"기간\": \"2024.01.01 ~ 2024.01.15\",\n            \"세부사항\": [\n                \"데이터 입력의 효율성 증대\",\n                \"요약 기능의 정확성 및 속도 개선\",\n                \"요약 모드에서 불필요한 정보 제거\",\n                \"요약 길이 비율 조정 기능 추가\"\n            ],\n            \"책임자\": \"Speaker_E\"\n        },\n        {\n            \"단계\": \"단계 4: 최종 테스트 및 사용자 피드백 반영\",\n            \"기간\": \"2024.01.16 ~ 2024.01.31\",\n            \"세부사항\": [\n                \"전체 프로그램의 통합 테스트\",\n                \"사용자 피드백 수집 및 반영\",\n                \"최종 보고서 작성 및 발표 준비\",\n                \"사용자 평가를 통한 최종 조정\"\n            ],\n            \"책임자\": \"Speaker_A\"\n        }\n    ],\n    \"expected_effects\": [\n        \"기대효과 1: 프로그램의 안정성 향상으로 인한 사용자 신뢰도 증가\",\n        \"기대효과 2: 개선된 사용자 인터페이스로 인한 사용자 만족도 및 사용 빈도 증가\",\n        \"기대효과 3: 데이터 처리 속도 향상으로 인한 작업 효율성 증가\",\n        \"기대효과 4: 사용자 피드백을 통한 지속적인 개선 가능성 확보\"\n    ]\n}\n```",
  "prd_output": "```json\n{\n    \"overview\": \"파싱된 프로젝트는 회의 내용을 기반으로 한 프로젝트로, 회의에서 논의된 핵심 아이디어와 실행 계획을 체계적으로 관리하고 추적할 수 있도록 설계되었습니다. 이 프로젝트는 회의에서 나온 아이디어를 효과적으로 실행하고자 하는 팀이나 조직을 타겟으로 하며, 이를 통해 효율적인 프로젝트 관리와 목표 달성을 지원합니다.\",\n    \"core_features\": \"주요 기능으로는 회의 내용 자동 파싱 및 정리, 핵심 아이디어 및 실행 계획의 시각적 관리, 목표 설정 및 추적 기능이 포함됩니다. 각 기능은 사용자가 회의 내용을 쉽게 정리하고, 실행 계획을 체계적으로 관리할 수 있도록 설계되었습니다.\",\n    \"user_experience\": \"사용자는 회의 후 간단한 업로드를 통해 자동으로 내용을 파싱하고, 이를 기반으로 프로젝트를 생성할 수 있습니다. 페르소나는 프로젝트 매니저와 팀 리더로 설정되며, 주요 플로우는 회의 내용 업로드, 파싱 결과 검토, 프로젝트 생성 및 목표 추적입니다. UI/UX는 직관적이고 사용하기 쉽게 설계되어야 합니다.\",\n    \"technical_architecture\": \"시스템은 클라이언트-서버 아키텍처로 구성되며, 데이터 모델은 회의 내용, 프로젝트, 목표 등으로 구성됩니다. API는 회의 내용 파싱, 프로젝트 생성 및 관리, 목표 추적 기능을 지원합니다. 인프라는 클라우드 기반으로 확장성을 고려하여 설계됩니다.\",\n    \"development_roadmap\": \"MVP 요구사항은 회의 내용 파싱 및 프로젝트 생성 기능을 포함하며, 향후 개선사항으로는 고급 목표 추적 및 분석 기능이 포함됩니다. 단계별 개발 범위는 초기 파싱 기능 구현, 프로젝트 관리 기능 추가, 목표 추적 기능 확장으로 나뉩니다.\",\n    \"logical_dependency_chain\": \"개발 순서는 회의 내용 파싱 기능을 먼저 구현하고, 이후 프로젝트 생성 및 관리 기능을 개발하며, 마지막으로 목표 추적 기능을 추가합니다. 기초 기능은 파싱 기능이 우선시되며, 점진적으로 기능을 확장해 나갑니다.\",\n    \"risks_and_mitigations\": \"기술적 도전으로는 자연어 처리 기술의 정확도 향상이 있으며, MVP 정의는 파싱 및 기본 프로젝트 관리 기능에 중점을 둡니다. 자원 제약사항으로는 개발 인력 및 시간 제한이 있습니다.\",\n    \"appendix\": \"추가 정보로는 자연어 처리 기술 관련 연구 결과 및 기술 사양이 포함됩니다.\"\n}\n```",
  "quality_metrics": {
    "final_score": 6.0,
    "is_production_ready": true,
    "iterations_used": 3,
    "is_high_quality": false
  },
  "metadata": {
    "source_file": "../batch_triplet_results\\result_EN2001e\\05_final_result.json",
    "utterance_count": 391,
    "transcript_length": 14913,
    "speakers": [
      "Speaker_A",
      "Speaker_B",
      "Speaker_E",
      "Speaker_D",
      "Speaker_C"
    ],
    "dataset_type": "train",
    "processing_date": "2025-07-31T13:52:09.149393"
  }
}