{
  "id": "train_215",
  "source_dir": "result_TS3003c",
  "notion_output": "```json\n{\n    \"project_name\": \"고령층을 위한 사용자 친화적 리모컨 개발 프로젝트\",\n    \"project_purpose\": \"60~80세 연령대의 사용자를 위한 혁신적이고 사용이 편리한 리모컨을 개발하여 시장 점유율을 확대하고 브랜드 이미지를 강화\",\n    \"project_period\": \"2025.01.01 ~ 2025.03.31\",\n    \"project_manager\": \"Speaker_D\",\n    \"core_objectives\": [\n        \"목표 1: 고령층의 사용 편의성을 고려한 리모컨 디자인 개발\",\n        \"목표 2: 도킹 스테이션과 LCD 화면을 포함한 혁신적 기능 구현\",\n        \"목표 3: 비용 효율성을 고려한 생산 및 마케팅 전략 수립\",\n        \"목표 4: 다양한 색상 및 디자인 옵션 제공을 통한 사용자 선택 폭 확대\"\n    ],\n    \"core_idea\": \"고령층 사용자를 위한 사용자 친화적이고 혁신적인 리모컨 디자인\",\n    \"idea_description\": \"리모컨은 도킹 스테이션에 쉽게 놓을 수 있는 디자인으로, 나무와 회흑색의 두 가지 색상 옵션을 제공하며, LCD 화면과 오디오 신호 기능을 포함하여 사용 편의성을 높입니다. 또한, 좌우 대칭 디자인으로 왼손잡이와 오른손잡이 모두에게 적합합니다.\",\n    \"technical_specifications\": {\n        \"LCD_screen\": \"작은 정보 디스플레이를 위한 LCD 화면\",\n        \"audio_signal\": \"버튼 누름 시 오디오 신호 제공\",\n        \"battery_options\": [\"일반 배터리\", \"운동 에너지 생성 옵션\"],\n        \"design_options\": [\"단일 곡선형\", \"이중 곡선형\", \"평면형\"]\n    },\n    \"execution_plan\": [\n        {\n            \"phase\": \"1단계: 시장 조사 및 요구 사항 분석\",\n            \"period\": \"2025.01.01 ~ 2025.01.15\",\n            \"responsible\": \"Speaker_A\"\n        },\n        {\n            \"phase\": \"2단계: 디자인 및 프로토타입 개발\",\n            \"period\": \"2025.01.16 ~ 2025.02.15\",\n            \"responsible\": \"Speaker_B\"\n        },\n        {\n            \"phase\": \"3단계: 기능 테스트 및 수정\",\n            \"period\": \"2025.02.16 ~ 2025.03.01\",\n            \"responsible\": \"Speaker_C\"\n        },\n        {\n            \"phase\": \"4단계: 생산 및 마케팅 준비\",\n            \"period\": \"2025.03.02 ~ 2025.03.31\",\n            \"responsible\": \"Speaker_D\"\n        }\n    ],\n    \"cost_efficiency_strategy\": [\n        \"도킹 스테이션을 통한 충전 방식으로 비용 절감\",\n        \"플라스틱 커버 사용으로 제작비 절감\",\n        \"기본 배터리 사용으로 추가 비용 절감\"\n    ],\n    \"expected_effects\": [\n        \"기대효과 1: 고령층 사용자의 리모컨 사용 편의성 향상\",\n        \"기대효과 2: 시장 점유율 15% 확대 및 브랜드 이미지 강화\",\n        \"기대효과 3: 혁신적 디자인을 통한 경쟁 제품 대비 차별화\"\n    ]\n}\n```",
  "prd_output": "```json\n{\n    \"overview\": \"파싱된 프로젝트는 회의 내용을 기반으로 프로젝트를 생성하고 관리하는 시스템입니다. 이 프로젝트는 회의에서 논의된 내용을 자동으로 파싱하여 프로젝트로 변환함으로써 사용자들이 회의 후에 해야 할 일을 명확히 이해하고 관리할 수 있도록 돕습니다. 타겟 사용자는 주로 프로젝트 매니저, 팀 리더, 그리고 회의 주최자들입니다. 이 시스템은 회의 후 업무의 명확성을 높이고, 프로젝트 관리의 효율성을 향상시키는 가치를 제공합니다.\",\n    \"core_features\": \"1. 회의 내용 파싱: 회의 기록을 자동으로 분석하여 주요 항목을 추출합니다. 2. 프로젝트 생성: 파싱된 데이터를 바탕으로 자동으로 프로젝트를 생성합니다. 3. 할 일 목록 생성: 각 프로젝트에 대한 구체적인 할 일 목록을 자동으로 작성합니다. 4. 알림 및 리마인더: 프로젝트 진행 상황에 따라 사용자에게 알림을 제공합니다.\",\n    \"user_experience\": \"사용자는 회의가 끝난 후 회의 기록을 시스템에 업로드합니다. 시스템은 자동으로 내용을 파싱하여 프로젝트를 생성하고, 사용자는 생성된 프로젝트를 검토하고 필요한 수정을 합니다. 주요 페르소나는 프로젝트 매니저이며, UI/UX는 직관적이고 사용하기 쉬운 인터페이스를 제공하여 사용자가 빠르게 적응할 수 있도록 설계됩니다.\",\n    \"technical_architecture\": \"시스템은 클라우드 기반으로 설계되며, 주요 구성 요소로는 데이터 파싱 모듈, 프로젝트 관리 모듈, 사용자 인터페이스 모듈이 있습니다. 데이터 모델은 회의 내용, 프로젝트, 할 일 목록 등을 포함하며, API는 외부 시스템과의 통합을 지원합니다. 인프라 요구사항으로는 안정적인 클라우드 서버와 데이터베이스가 필요합니다.\",\n    \"development_roadmap\": \"MVP는 회의 내용 파싱 및 프로젝트 생성 기능을 포함하며, 향후 개선사항으로는 사용자 피드백 기반의 기능 추가 및 UI/UX 개선이 있습니다. 단계별 개발 범위는 초기 파싱 기능 개발, 프로젝트 생성 기능 개발, 사용자 인터페이스 개발 순으로 진행됩니다.\",\n    \"logical_dependency_chain\": \"개발 순서는 데이터 파싱 모듈 개발이 우선이며, 이후 프로젝트 생성 모듈, 사용자 인터페이스 모듈 순으로 진행됩니다. 기초 기능은 파싱 정확도를 높이는 것이며, 점진적으로 프로젝트 관리 기능을 강화합니다.\",\n    \"risks_and_mitigations\": \"기술적 도전으로는 자연어 처리의 정확성 확보가 있으며, 이를 위해 최신 NLP 기술을 도입합니다. MVP 정의는 회의 내용 파싱 및 프로젝트 생성 기능으로 명확히 하며, 자원 제약사항으로는 개발 인력 및 시간 관리가 있습니다.\",\n    \"appendix\": \"추가 정보로는 자연어 처리 기술 연구 결과 및 관련 기술 사양이 포함됩니다.\"\n}\n```",
  "quality_metrics": {
    "final_score": 6.0,
    "is_production_ready": true,
    "iterations_used": 2,
    "is_high_quality": false
  },
  "metadata": {
    "source_file": "../batch_triplet_results\\result_TS3003c\\05_final_result.json",
    "utterance_count": 246,
    "transcript_length": 8515,
    "speakers": [
      "Speaker_B",
      "Speaker_D",
      "Speaker_C",
      "Speaker_A"
    ],
    "dataset_type": "train",
    "processing_date": "2025-07-31T15:08:12.519702"
  }
}