{
  "id": "train_132",
  "source_dir": "result_제22대국회 제427회(임시회) 제1차 기획재정위원회(전체회의) (2025.07.09.)",
  "notion_output": "```json\n{\n    \"project_name\": \"국세청장 및 국무위원 후보자 인사청문회 계획 및 자료 제출 프로젝트\",\n    \"project_purpose\": \"국세청장 및 국무위원 후보자에 대한 인사청문회를 체계적으로 준비하고, 필요한 자료를 적시에 확보하여 청문회의 원활한 진행을 보장한다.\",\n    \"project_period\": \"2023.07.03 ~ 2023.07.17\",\n    \"project_manager\": \"위원장대리 박수영\",\n    \"core_objectives\": [\n        \"목표 1: 국세청장후보자 임광현 및 부총리겸기획재정부장관후보자 구윤철에 대한 인사청문회 일정 확정\",\n        \"목표 2: 인사청문회에 필요한 자료를 7월 13일까지 확보\",\n        \"목표 3: 인사청문회 진행 절차 및 질의응답 준비\"\n    ],\n    \"core_idea\": \"인사청문회의 체계적 준비와 효율적 진행\",\n    \"idea_description\": \"후보자에 대한 인사청문회를 성공적으로 진행하기 위해 일정 및 자료 준비를 체계적으로 계획하고 실행한다. 이를 통해 청문회의 투명성과 효율성을 높인다.\",\n    \"execution_plan\": \"1. 인사청문회 일정 확정: 7월 15일 및 7월 17일\\n2. 자료 제출 요구 및 확보: 7월 3일 ~ 7월 13일\\n3. 서면 및 구두질의 준비: 7월 10일 ~ 7월 14일\\n4. 인사청문회 진행: 7월 15일 및 7월 17일\",\n    \"expected_effects\": [\n        \"기대효과 1: 인사청문회의 원활한 진행으로 후보자의 자격과 능력을 명확히 검증\",\n        \"기대효과 2: 체계적 자료 준비로 청문회에서의 불필요한 논쟁 최소화\",\n        \"기대효과 3: 청문회 결과를 바탕으로 국회 및 국민에게 투명한 정보 제공\"\n    ]\n}\n```",
  "prd_output": "```json\n{\n    \"overview\": \"파싱된 프로젝트는 회의 내용을 기반으로 한 프로젝트로, 회의 중 논의된 내용을 체계적으로 정리하고 관리하는 것을 목표로 합니다. 이 프로젝트는 회의 후에 중요한 정보를 놓치지 않고 효율적으로 활용하고자 하는 기업 및 팀을 타겟으로 하며, 회의 내용을 자동으로 파싱하여 프로젝트 관리에 통합하는 가치를 제공합니다.\",\n    \"core_features\": \"1. 자동 파싱 기능: 회의 내용을 자동으로 텍스트로 변환하고, 주요 항목을 추출하여 프로젝트에 반영합니다. 2. 프로젝트 통합 관리: 파싱된 내용을 기존 프로젝트 관리 시스템과 통합하여 일관된 관리가 가능합니다. 3. 사용자 알림: 중요한 업데이트나 변경 사항에 대해 사용자에게 알림을 제공합니다.\",\n    \"user_experience\": \"사용자는 회의가 끝난 후, 자동으로 파싱된 내용을 확인하고 필요한 경우 수동으로 수정할 수 있습니다. 주요 사용자 페르소나는 프로젝트 매니저와 팀원으로, 이들은 직관적인 UI를 통해 손쉽게 정보를 확인하고 관리할 수 있습니다. UI/UX는 간결하고 사용성이 높은 디자인을 채택합니다.\",\n    \"technical_architecture\": \"시스템은 클라우드 기반으로 구축되며, 자연어 처리(NLP) 모듈을 통해 회의 내용을 파싱합니다. 데이터 모델은 회의 내용, 프로젝트 항목, 사용자 정보 등을 포함하며, API를 통해 외부 프로젝트 관리 도구와 통합됩니다. 인프라는 AWS를 기반으로 하여 확장성과 안정성을 보장합니다.\",\n    \"development_roadmap\": \"MVP는 자동 파싱 및 기본 프로젝트 관리 기능을 포함하며, 이후 단계에서는 사용자 피드백을 반영한 기능 개선과 추가 통합 기능 개발이 예정되어 있습니다. 각 개발 단계는 2주 스프린트로 계획됩니다.\",\n    \"logical_dependency_chain\": \"1. NLP 모듈 개발 2. 데이터 모델 설계 3. API 개발 및 통합 4. UI/UX 디자인 및 구현 5. 사용자 알림 시스템 구축. 이 순서로 개발을 진행하며, 기초 기능을 우선적으로 구현합니다.\",\n    \"risks_and_mitigations\": \"기술적 도전은 NLP의 정확도와 성능이며, 이를 위해 최신 NLP 기술을 연구하고 테스트합니다. MVP는 핵심 기능에 집중하여 빠르게 시장에 출시하는 것을 목표로 하며, 자원 제약사항은 클라우드 비용과 개발 인력입니다.\",\n    \"appendix\": \"추가 정보로는 NLP 기술 연구 자료와 초기 사용자 인터뷰 결과가 포함됩니다. 기술 사양은 AWS 인프라 구성과 API 명세서가 제공됩니다.\"\n}\n```",
  "quality_metrics": {
    "final_score": 6.0,
    "is_production_ready": true,
    "iterations_used": 1,
    "is_high_quality": false
  },
  "metadata": {
    "source_file": "../batch_triplet_results\\result_제22대국회 제427회(임시회) 제1차 기획재정위원회(전체회의) (2025.07.09.)\\05_final_result.json",
    "utterance_count": 39,
    "transcript_length": 2866,
    "speakers": [
      "박홍근 위원",
      "위원장대리 박수영",
      "안규백 위원",
      "임이자 위원",
      "유상범 위원",
      "위원장 송언석"
    ],
    "dataset_type": "train",
    "processing_date": "2025-07-31T13:26:44.986943"
  }
}