{
  "id": "train_151",
  "source_dir": "result_IS1007a",
  "notion_output": "```json\n{\n    \"project_name\": \"차세대 스마트 리모컨 개발 프로젝트\",\n    \"project_purpose\": \"사용자 친화적이고 혁신적인 텔레비전 리모컨 개발을 통해 시장 경쟁력 강화\",\n    \"project_period\": \"2025.01.01 ~ 2025.03.31\",\n    \"project_manager\": \"Speaker_A\",\n    \"core_objectives\": [\n        \"목표 1: 사용자 인터페이스 개선을 통해 사용 편의성 향상\",\n        \"목표 2: 콘텐츠 선택 기능 강화로 사용자 경험 개선\",\n        \"목표 3: 비용 효율성을 고려한 기술 통합\",\n        \"목표 4: 산업 디자인과 사용자 인터페이스를 통한 마케팅 전략 강화\"\n    ],\n    \"core_idea\": \"사용자 중심의 스마트 리모컨 개발\",\n    \"idea_description\": \"리모컨의 크기와 디자인을 최적화하여 사용자가 편리하게 사용할 수 있도록 하고, 콘텐츠 선택 버튼을 통해 사용자가 원하는 프로그램을 쉽게 선택할 수 있도록 한다. 또한, 산업 디자인과 사용자 인터페이스를 강화하여 시장에서의 경쟁력을 확보한다. 리모컨의 주요 기능은 콘텐츠 선택 버튼과 조명 제어 기능을 포함하며, 기술적 요구 사항을 충족시키기 위해 데이터 수집 및 분석을 활용한다.\",\n    \"execution_plan\": [\n        {\n            \"단계\": \"1단계\",\n            \"활동\": \"시장 조사 및 요구사항 분석\",\n            \"기간\": \"2025.01.01 ~ 2025.01.15\",\n            \"책임자\": \"Speaker_B\",\n            \"세부사항\": \"사용자 피드백 수집 및 분석, 경쟁 제품 분석\"\n        },\n        {\n            \"단계\": \"2단계\",\n            \"활동\": \"디자인 및 프로토타입 개발\",\n            \"기간\": \"2025.01.16 ~ 2025.02.15\",\n            \"책임자\": \"Speaker_C\",\n            \"세부사항\": \"기능적 디자인, 개념적 디자인, 세부 디자인 개발\"\n        },\n        {\n            \"단계\": \"3단계\",\n            \"활동\": \"사용자 테스트 및 피드백 반영\",\n            \"기간\": \"2025.02.16 ~ 2025.03.01\",\n            \"책임자\": \"Speaker_D\",\n            \"세부사항\": \"사용자 테스트 진행, 피드백 수집 및 반영\"\n        },\n        {\n            \"단계\": \"4단계\",\n            \"활동\": \"최종 제품 개발 및 출시 준비\",\n            \"기간\": \"2025.03.02 ~ 2025.03.31\",\n            \"책임자\": \"Speaker_A\",\n            \"세부사항\": \"최종 제품 개발, 마케팅 전략 수립 및 실행\"\n        }\n    ],\n    \"expected_effects\": [\n        \"기대효과 1: 사용자 만족도 증가로 인한 브랜드 이미지 개선\",\n        \"기대효과 2: 혁신적인 디자인과 기능으로 시장 점유율 확대\",\n        \"기대효과 3: 비용 효율적인 기술 통합으로 인한 생산 비용 절감\",\n        \"기대효과 4: 사용자 피드백을 반영한 제품 개선으로 장기적 고객 충성도 확보\"\n    ]\n}\n```",
  "prd_output": "```json\n{\n    \"overview\": \"파싱된 프로젝트는 회의 내용을 기반으로 프로젝트를 관리하고 추적하는 시스템입니다. 이 프로젝트는 회의에서 논의된 사항을 체계적으로 정리하여 프로젝트 관리에 활용할 수 있도록 돕습니다. 타겟 사용자는 프로젝트 매니저, 팀 리더, 그리고 회의 내용을 기반으로 작업을 관리해야 하는 모든 팀원입니다. 이 시스템은 회의에서 나온 아이디어와 결정을 효율적으로 파악하고 실행 가능한 작업으로 변환하여 프로젝트의 성공적인 진행을 지원합니다.\",\n    \"core_features\": \"1. 회의 내용 파싱: 회의록을 자동으로 분석하여 주요 아이디어와 결정을 추출합니다. 2. 작업 생성: 파싱된 정보를 기반으로 프로젝트 작업을 자동 생성합니다. 3. 진행 추적: 생성된 작업의 진행 상황을 실시간으로 추적할 수 있습니다. 4. 협업 도구 통합: 다양한 협업 도구와의 통합을 통해 작업 효율성을 높입니다.\",\n    \"user_experience\": \"사용자는 회의록을 업로드하면 시스템이 자동으로 내용을 분석하여 작업을 생성합니다. 주요 사용자 페르소나는 프로젝트 매니저이며, 주요 플로우는 회의록 업로드, 작업 생성, 진행 상황 확인입니다. UI/UX는 직관적이고 사용하기 쉬운 인터페이스를 제공하여 사용자가 빠르게 적응할 수 있도록 설계됩니다.\",\n    \"technical_architecture\": \"시스템은 클라우드 기반으로 설계되며, 주요 구성 요소로는 데이터 파싱 모듈, 작업 관리 모듈, 사용자 인터페이스 모듈이 있습니다. 데이터 모델은 회의록 데이터와 작업 데이터를 저장하며, API는 외부 협업 도구와의 통합을 지원합니다. 인프라 요구사항으로는 안정적인 클라우드 서비스와 데이터 보안이 포함됩니다.\",\n    \"development_roadmap\": \"MVP 요구사항으로는 회의 내용 파싱과 작업 생성 기능이 포함됩니다. 이후 개선사항으로는 협업 도구 통합과 진행 추적 기능이 추가됩니다. 단계별 개발 범위는 초기 파싱 기능 개발, 작업 관리 기능 개발, 협업 도구 통합, 사용자 피드백 반영 순으로 진행됩니다.\",\n    \"logical_dependency_chain\": \"개발 순서는 회의 내용 파싱 기능을 먼저 구현하고, 그 다음으로 작업 생성 기능을 개발합니다. 이후 협업 도구 통합과 진행 추적 기능을 점진적으로 추가합니다. 기초 기능 우선순위는 파싱 기능, 작업 생성 기능, 협업 도구 통합 순입니다.\",\n    \"risks_and_mitigations\": \"기술적 도전으로는 자연어 처리 기술의 정확도가 있으며, 이를 위해 최신 NLP 기술을 도입합니다. MVP 정의는 파싱과 작업 생성 기능으로 명확히 하며, 자원 제약사항으로는 개발 인력과 시간 관리가 있습니다.\",\n    \"appendix\": \"추가 정보로는 최신 NLP 기술 연구 결과와 협업 도구 API 사양이 포함됩니다. 기술 사양으로는 사용된 프로그래밍 언어와 프레임워크 정보가 제공됩니다.\"\n}\n```",
  "quality_metrics": {
    "final_score": 6.0,
    "is_production_ready": true,
    "iterations_used": 2,
    "is_high_quality": false
  },
  "metadata": {
    "source_file": "../batch_triplet_results\\result_IS1007a\\05_final_result.json",
    "utterance_count": 116,
    "transcript_length": 4007,
    "speakers": [
      "Speaker_B",
      "Speaker_D",
      "Speaker_C",
      "Speaker_A"
    ],
    "dataset_type": "train",
    "processing_date": "2025-07-31T13:53:42.464495"
  }
}