{
  "id": "train_124",
  "source_dir": "result_제22대국회 제418회(정기회) 제2차 과학기술정보방송통신위원회(과학기술원자력법안심사소위원회) (2024.11.07.)",
  "notion_output": "```json\n{\n    \"project_name\": \"과학기술 법률 개정 및 연구 환경 개선 프로젝트\",\n    \"project_purpose\": \"국가 과학기술 경쟁력 강화를 위한 법률 개정 및 다양한 분야의 연구 환경 개선\",\n    \"project_period\": \"2023.11.01 ~ 2024.03.31\",\n    \"project_manager\": \"최형두 소위원장\",\n    \"core_objectives\": [\n        \"목표 1: 이공계지원 특별법 개정을 통해 이공계 기초역량 교육 지원 강화 및 연구장려금 제도 개선\",\n        \"목표 2: 해외 우수 인력 유치 인센티브 제도 개선 및 체육인을 지식재산 창출자에 포함\",\n        \"목표 3: 대형가속기 및 원자력 진흥 관련 법률 개정을 통한 연구 환경 개선\"\n    ],\n    \"core_idea\": \"이공계 인재 육성, 연구 환경 개선 및 다양한 분야의 법률 개정을 통한 국가 과학기술 경쟁력 강화\",\n    \"idea_description\": \"이공계지원 특별법과 관련 법률을 개정하여 이공계 인재의 기초역량을 강화하고, 연구장려금 및 해외 우수 인력 유치 인센티브를 통해 국가 과학기술 경쟁력을 높인다. 체육인을 지식재산 창출자에 포함시켜 체육계의 위상을 강화한다. 또한, 대형가속기 및 원자력 진흥 관련 법률 개정을 통해 연구 환경을 개선한다.\",\n    \"execution_plan\": [\n        \"1단계: 법률 개정안 검토 및 수정 (2023.11.01 ~ 2023.12.31)\",\n        \"2단계: 관계 부처 및 전문가 의견 수렴 (2024.01.01 ~ 2024.01.31)\",\n        \"3단계: 법률 개정안 확정 및 국회 제출 (2024.02.01 ~ 2024.02.28)\",\n        \"4단계: 법률 개정안 통과 및 시행 준비 (2024.03.01 ~ 2024.03.31)\"\n    ],\n    \"expected_effects\": [\n        \"기대효과 1: 이공계 교육 및 연구 환경 개선으로 인한 국가 과학기술 경쟁력 강화\",\n        \"기대효과 2: 해외 우수 인력 유치 및 연구장려금 제도 개선으로 인한 인재 확보\",\n        \"기대효과 3: 체육인을 지식재산 창출자에 포함시킴으로써 체육계의 위상 강화\",\n        \"기대효과 4: 대형가속기 및 원자력 진흥 관련 연구 환경 개선으로 인한 연구 성과 향상\"\n    ],\n    \"additional_considerations\": [\n        \"원자력 진흥법 개정 시 국제적 신뢰 확보와 관련된 논의 반영\",\n        \"체육인을 지식재산 창출자에 포함시키는 법안의 실효성 및 필요성 검토\",\n        \"회의에서 논의된 모든 법안과 세부 사항을 포함하여 프로젝트 내용을 확장\"\n    ]\n}\n```",
  "prd_output": "```json\n{\n    \"overview\": \"파싱된 프로젝트는 회의 내용을 기반으로 프로젝트를 생성하는 시스템입니다. 이 프로젝트는 회의에서 논의된 내용을 자동으로 파싱하여 프로젝트로 변환함으로써, 사용자들이 회의 후에 수동으로 프로젝트를 생성하는 번거로움을 해결합니다. 타겟 사용자는 주로 회의를 자주 진행하는 기업의 팀원들이며, 이 시스템은 회의 후 빠르게 프로젝트를 시작할 수 있는 가치를 제공합니다.\",\n    \"core_features\": \"1. 자동 파싱 기능: 회의 내용을 자동으로 분석하여 프로젝트로 변환합니다. 2. 프로젝트 생성 기능: 파싱된 내용을 기반으로 프로젝트를 자동 생성합니다. 3. 사용자 맞춤 설정: 사용자 요구에 맞게 프로젝트 템플릿을 설정할 수 있습니다.\",\n    \"user_experience\": \"사용자는 회의가 끝난 후 회의록을 시스템에 업로드합니다. 시스템은 자동으로 내용을 분석하여 프로젝트를 생성합니다. 페르소나는 주로 프로젝트 매니저와 팀 리더로 설정되며, 주요 플로우는 회의록 업로드 -> 자동 파싱 -> 프로젝트 생성입니다. UI/UX는 직관적이고 사용하기 쉽게 설계됩니다.\",\n    \"technical_architecture\": \"시스템은 클라우드 기반으로 설계되며, 주요 구성 요소는 데이터 파싱 모듈, 프로젝트 생성 엔진, 사용자 인터페이스입니다. 데이터 모델은 회의록 데이터를 구조화된 프로젝트 데이터로 변환하는 것을 포함합니다. API는 외부 회의록 시스템과의 통합을 지원합니다.\",\n    \"development_roadmap\": \"MVP는 자동 파싱 및 프로젝트 생성 기능을 포함합니다. 향후 개선사항으로는 다양한 회의록 포맷 지원 및 사용자 맞춤형 템플릿 기능이 있습니다. 단계별 개발 범위는 초기 파싱 기능 개발, 프로젝트 생성 기능 개발, 사용자 인터페이스 개발 순으로 진행됩니다.\",\n    \"logical_dependency_chain\": \"초기에는 자동 파싱 기능 개발이 우선시되며, 이후 프로젝트 생성 기능이 개발됩니다. 기초 기능이 완료된 후 사용자 인터페이스가 개발됩니다. 점진적으로 기능을 추가하며 시스템을 확장합니다.\",\n    \"risks_and_mitigations\": \"기술적 도전으로는 다양한 형식의 회의록을 정확하게 파싱하는 것이 있으며, 이를 위해 머신러닝 알고리즘을 활용할 계획입니다. MVP 정의는 자동 파싱 및 프로젝트 생성 기능으로 설정됩니다. 자원 제약사항으로는 데이터 처리 속도와 정확성이 있습니다.\",\n    \"appendix\": \"추가 정보로는 회의록 파싱을 위한 자연어 처리 기술 연구 결과와 시스템 아키텍처 다이어그램이 포함됩니다.\"\n}\n```",
  "quality_metrics": {
    "final_score": 6.0,
    "is_production_ready": true,
    "iterations_used": 2,
    "is_high_quality": false
  },
  "metadata": {
    "source_file": "../batch_triplet_results\\result_제22대국회 제418회(정기회) 제2차 과학기술정보방송통신위원회(과학기술원자력법안심사소위원회) (2024.11.07.)\\05_final_result.json",
    "utterance_count": 488,
    "transcript_length": 32868,
    "speakers": [
      "과학기술정보통신부과학기술혁신본부장 류광준",
      "과학기술정보통신부연구산업진흥과장 장세은",
      "과학기술정보통신부연구성과혁신관 이은영",
      "박충권 위원",
      "과학기술정보통신부미래인재정책국장 홍순정",
      "전문위원 임명현",
      "김우영 위원",
      "과학기술정보통신부공공융합연구정책관 이창선",
      "박정훈 위원",
      "조인철 위원",
      "과학기술정보통신부제1차관 이창윤",
      "소위원장 최형두",
      "황정아 위원"
    ],
    "dataset_type": "train",
    "processing_date": "2025-07-31T13:19:48.615520"
  }
}