{
  "id": "train_080",
  "source_dir": "result_제22대국회 제418회(정기회) 제5차 과학기술정보방송통신위원회(정보통신방송법안심사소위원회) (2024.12.02.)",
  "notion_output": "```json\n{\n    \"project_name\": \"전기통신사업법 개정안 심사 및 실행 프로젝트\",\n    \"project_purpose\": \"전기통신사업법 일부개정안을 심사하고, 중소업체 보호 및 시장 공정경쟁 촉진을 위한 법적 기반을 마련\",\n    \"project_period\": \"2023.11.01 ~ 2023.12.31\",\n    \"project_manager\": \"김현 소위원장\",\n    \"core_objectives\": [\n        \"목표 1: 전기통신사업법 개정안의 심사 및 의결\",\n        \"목표 2: 중소 알뜰폰 단말업체 보호를 위한 일몰제 폐지\",\n        \"목표 3: 이통사 시장 점유율 제한을 통한 공정경쟁 촉진\"\n    ],\n    \"core_idea\": \"전기통신사업법 개정안을 통해 중소업체를 보호하고 시장의 공정경쟁을 촉진\",\n    \"idea_description\": \"법 개정을 통해 중소 알뜰폰 단말업체를 보호하고, 도매대가 일몰제를 폐지하여 지속적인 사전규제를 통해 공정경쟁을 촉진함. 이통사의 시장 점유율을 제한하여 중소업체의 경쟁력을 강화\",\n    \"execution_plan\": \"1. 전문위원 보고 및 정부 측 의견 청취 (2023.11.01 ~ 2023.11.07)\\n2. 위원회 논의 및 수정안 검토 (2023.11.08 ~ 2023.11.14)\\n3. 법안 의결 및 전체회의 보고 (2023.11.15 ~ 2023.11.21)\\n4. 법사위 검토 및 최종 확정 (2023.11.22 ~ 2023.12.15)\\n5. 법안 시행 준비 및 홍보 (2023.12.16 ~ 2023.12.31)\",\n    \"expected_effects\": [\n        \"기대효과 1: 중소 알뜰폰 단말업체의 시장 경쟁력 강화 및 생존율 증가\",\n        \"기대효과 2: 이통사의 시장 지배력 감소로 인한 공정경쟁 환경 조성\",\n        \"기대효과 3: 소비자 후생 증대 및 통신 서비스의 질적 향상\"\n    ]\n}\n```",
  "prd_output": "```json\n{\n    \"overview\": \"파싱된 프로젝트는 회의 내용을 기반으로 한 프로젝트로, 사용자가 회의 중 논의된 내용을 효율적으로 관리하고 추적할 수 있도록 돕습니다. 이 프로젝트는 회의 참가자, 프로젝트 관리자, 그리고 팀 리더를 타겟으로 하며, 회의에서 나온 아이디어와 결정을 체계적으로 정리하고 실행 가능한 계획으로 전환하는 가치를 제공합니다.\",\n    \"core_features\": \"1. 회의 내용 자동 파싱: 회의 중 기록된 내용을 자동으로 파싱하여 주요 아이디어와 결정을 추출합니다. 2. 프로젝트 생성 및 관리: 파싱된 내용을 바탕으로 프로젝트를 자동 생성하고 관리할 수 있는 기능을 제공합니다. 3. 실시간 협업: 팀원들이 실시간으로 회의 내용을 업데이트하고 피드백을 제공할 수 있는 협업 도구를 포함합니다.\",\n    \"user_experience\": \"사용자는 회의가 끝난 후 자동으로 생성된 프로젝트 개요를 확인하고, 필요한 경우 수동으로 내용을 수정할 수 있습니다. 주요 페르소나는 프로젝트 관리자이며, 이들은 직관적인 UI를 통해 프로젝트 상태를 쉽게 파악하고 팀원들과 소통할 수 있습니다.\",\n    \"technical_architecture\": \"시스템은 클라우드 기반의 아키텍처로 설계되며, 데이터 모델은 회의 내용, 프로젝트 정보, 사용자 피드백 등을 포함합니다. API는 외부 회의 도구와의 통합을 지원하며, 인프라는 AWS를 기반으로 확장성을 고려하여 구축됩니다.\",\n    \"development_roadmap\": \"MVP 단계에서는 회의 내용 파싱 및 프로젝트 생성 기능을 우선 구현합니다. 이후 단계에서는 실시간 협업 기능과 외부 도구 통합을 추가할 계획입니다.\",\n    \"logical_dependency_chain\": \"기초 기능인 회의 내용 파싱 기능을 먼저 개발하고, 이후 프로젝트 생성 및 관리 기능을 구현합니다. 실시간 협업 기능은 후속 단계에서 추가됩니다.\",\n    \"risks_and_mitigations\": \"기술적 도전으로는 자연어 처리의 정확도가 있으며, 이를 위해 머신러닝 모델의 지속적인 개선이 필요합니다. MVP 정의는 핵심 기능에 집중하며, 자원 제약사항은 클라우드 인프라 비용 관리가 포함됩니다.\",\n    \"appendix\": \"추가 정보로는 자연어 처리 기술에 대한 연구 결과와 관련 기술 사양이 포함됩니다.\"\n}\n```",
  "quality_metrics": {
    "final_score": 6.0,
    "is_production_ready": true,
    "iterations_used": 1,
    "is_high_quality": false
  },
  "metadata": {
    "source_file": "../batch_triplet_results\\result_제22대국회 제418회(정기회) 제5차 과학기술정보방송통신위원회(정보통신방송법안심사소위원회) (2024.12.02.)\\05_final_result.json",
    "utterance_count": 161,
    "transcript_length": 9641,
    "speakers": [
      "소위원장 김현",
      "박충권 위원",
      "노종면 위원",
      "한민수 위원",
      "과학기술정보통신부제2차관 강도현",
      "이상휘 위원",
      "이해민 위원",
      "과학기술정보통신부통신정책관 이도규",
      "신성범 위원",
      "수석전문위원 김건오"
    ],
    "dataset_type": "train",
    "processing_date": "2025-07-31T12:20:52.846481"
  }
}