{
  "id": "train_016",
  "source_dir": "result_TS3010a",
  "notion_output": "```json\n{\n    \"project_name\": \"트렌디하고 사용자 친화적인 다기능 리모컨 개발 프로젝트\",\n    \"project_purpose\": \"사용자 경험을 극대화하고 다양한 제품과의 호환성을 갖춘 혁신적인 리모컨 개발\",\n    \"project_period\": \"2024.01.01 ~ 2024.06.30\",\n    \"project_manager\": \"Speaker_A\",\n    \"core_objectives\": [\n        \"목표 1: 기능적 디자인을 통해 사용자 편의성 증대\",\n        \"목표 2: 다양한 제품과의 호환성 확보\",\n        \"목표 3: 직관적이고 긍정적인 사용자 인터페이스 제공\",\n        \"목표 4: 디자인 요소인 '라인'과 '색상'을 활용하여 트렌디한 외관 구현\",\n        \"목표 5: 버튼 수를 최소화하여 직관적인 조작 가능\"\n    ],\n    \"core_idea\": \"사용자 친화적이고 트렌디한 리모컨 디자인\",\n    \"idea_description\": \"리모컨의 버튼 수를 최소화하고, 직관적인 인터페이스를 제공하여 사용자가 쉽게 조작할 수 있도록 한다. 다양한 제품과의 호환성을 통해 사용자의 편리성을 높인다. 디자인 요소로 '라인'과 '색상'을 활용하여 시각적으로 매력적인 제품을 구현한다. 또한, 리모컨의 무게를 적절하게 조정하여 사용자의 피로도를 줄인다.\",\n    \"execution_plan\": [\n        \"1단계: 기능적 디자인 구상 및 초기 프로토타입 제작 (2024.01.01 ~ 2024.02.15)\",\n        \"2단계: 디자인 요소인 '라인'과 '색상'을 반영한 디자인 개선 (2024.02.16 ~ 2024.03.15)\",\n        \"3단계: 사용자 피드백 수집 및 디자인 최적화, 버튼 수 최소화 검토 (2024.03.16 ~ 2024.04.15)\",\n        \"4단계: 제품 호환성 테스트 및 최종 디자인 확정, 무게 조정 (2024.04.16 ~ 2024.05.15)\",\n        \"5단계: 대량 생산 준비 및 마케팅 전략 수립 (2024.05.16 ~ 2024.06.30)\"\n    ],\n    \"expected_effects\": [\n        \"기대효과 1: 사용자 만족도 증가로 인한 브랜드 이미지 향상\",\n        \"기대효과 2: 다양한 제품과의 호환성으로 인한 시장 점유율 확대\",\n        \"기대효과 3: 혁신적인 디자인으로 인한 경쟁사 대비 차별화\",\n        \"기대효과 4: 트렌디한 디자인으로 인한 젊은 소비자층의 관심 유도\",\n        \"기대효과 5: 직관적 조작으로 인한 사용자 피로도 감소\"\n    ]\n}\n```",
  "prd_output": "```json\n{\n    \"overview\": \"파싱된 프로젝트는 회의 내용을 기반으로 프로젝트를 생성하는 것을 목표로 합니다. 이 프로젝트는 회의에서 논의된 내용을 자동으로 파싱하여 프로젝트 관리 시스템에 통합하는 문제를 해결합니다. 타겟 사용자는 회의를 자주 진행하는 팀 리더 및 프로젝트 관리자입니다. 이 솔루션은 회의 후 수동으로 프로젝트를 생성하는 시간을 절약하고, 정보의 누락을 방지하는 가치를 제공합니다.\",\n    \"core_features\": \"1. 회의 내용 자동 파싱: 회의에서 논의된 내용을 텍스트로 변환하고, 이를 기반으로 프로젝트를 자동 생성합니다. 2. 프로젝트 생성 및 관리: 파싱된 정보를 바탕으로 프로젝트를 생성하고, 관리할 수 있는 기능을 제공합니다. 3. 사용자 정의 템플릿: 다양한 회의 유형에 맞춘 프로젝트 템플릿을 제공합니다.\",\n    \"user_experience\": \"사용자는 회의가 끝난 후, 녹음된 파일을 업로드하여 자동으로 프로젝트가 생성되는 경험을 하게 됩니다. 페르소나는 프로젝트 관리자이며, 주요 플로우는 회의 녹음 업로드 -> 자동 파싱 -> 프로젝트 생성입니다. UI/UX는 직관적이고 사용하기 쉬운 인터페이스를 제공하여 사용자가 빠르게 적응할 수 있도록 설계됩니다.\",\n    \"technical_architecture\": \"시스템은 음성 인식 API를 통해 회의 내용을 텍스트로 변환하고, 자연어 처리(NLP) 기술을 사용하여 핵심 정보를 추출합니다. 데이터 모델은 프로젝트 관리 시스템과 통합되며, 클라우드 기반 인프라를 통해 확장성을 제공합니다.\",\n    \"development_roadmap\": \"MVP는 회의 내용을 텍스트로 변환하고, 이를 기반으로 기본적인 프로젝트를 생성할 수 있는 기능을 포함합니다. 이후 개선사항으로는 다양한 언어 지원, 고급 NLP 기능 추가, 사용자 정의 템플릿 기능이 포함됩니다. 개발은 3단계로 나누어 진행됩니다: 1단계 - 음성 인식 및 텍스트 변환, 2단계 - NLP 기반 정보 추출, 3단계 - 프로젝트 생성 및 관리 기능.\",\n    \"logical_dependency_chain\": \"개발 순서는 음성 인식 기능 구현 -> NLP 기반 정보 추출 -> 프로젝트 생성 기능 개발 순으로 진행됩니다. 기초 기능인 음성 인식과 NLP가 우선적으로 개발되어야 하며, 이후 프로젝트 생성 기능이 추가됩니다.\",\n    \"risks_and_mitigations\": \"기술적 도전 과제는 음성 인식의 정확도와 NLP의 정보 추출 정확성입니다. 이를 위해 최신 음성 인식 및 NLP 기술을 도입하고, 지속적인 테스트와 피드백을 통해 개선합니다. 자원 제약사항은 개발 인력과 클라우드 비용으로, 초기 MVP 단계에서는 최소한의 기능으로 시작하여 점진적으로 확장합니다.\",\n    \"appendix\": \"추가 정보로는 음성 인식 및 NLP 관련 최신 연구 결과와 기술 사양이 포함됩니다. 또한, 유사 프로젝트 사례 연구 및 시장 분석 자료가 제공됩니다.\"\n}\n```",
  "quality_metrics": {
    "final_score": 6.0,
    "is_production_ready": true,
    "iterations_used": 3,
    "is_high_quality": false
  },
  "metadata": {
    "source_file": "../batch_triplet_results\\result_TS3010a\\05_final_result.json",
    "utterance_count": 79,
    "transcript_length": 2353,
    "speakers": [
      "Speaker_B",
      "Speaker_D",
      "Speaker_C",
      "Speaker_A"
    ],
    "dataset_type": "train",
    "processing_date": "2025-07-31T11:08:12.932174"
  }
}