{
  "id": "train_063",
  "source_dir": "result_제22대국회 제425회(임시회) 제1차 과학기술정보방송통신위원회(과학기술원자력법안심사소위원회) (2025.05.08.)",
  "notion_output": "```json\n{\n    \"project_name\": \"R&D 예타 폐지 및 후속 제도 도입 프로젝트\",\n    \"project_purpose\": \"R&D 예타제도의 폐지 및 새로운 후속 제도를 도입하여 연구개발의 신속성과 효율성을 증대시키고, 과학기술 분야의 혁신을 촉진\",\n    \"project_period\": \"2024.01.01 ~ 2026.05.31\",\n    \"project_manager\": \"과학기술정보통신부 과학기술혁신조정관 임요업\",\n    \"core_objectives\": [\n        \"목표 1: R&D 예타제도의 폐지를 통해 연구개발의 신속한 추진을 가능하게 함\",\n        \"목표 2: 새로운 후속 제도를 도입하여 R&D의 효율성과 유연성을 강화\",\n        \"목표 3: 연구개발 예산의 자율성과 책임성을 높여 다양한 연구자들이 참여할 수 있는 환경 조성\"\n    ],\n    \"core_idea\": \"R&D 예타제도의 폐지와 후속 제도 도입을 통해 연구개발의 신속성과 효율성을 높이고, 과학기술 혁신을 촉진\",\n    \"idea_description\": \"기존의 R&D 예타제도는 연구개발의 신속한 추진을 저해하고 경직성을 초래하는 문제점이 있었음. 이를 해결하기 위해 예타제도를 폐지하고, 각 부처가 자율적으로 예산을 관리하며, 사전기획점검제를 도입하여 연구개발의 효율성과 유연성을 강화\",\n    \"execution_plan\": \"1단계: 2024년 1분기 - 예타제도 폐지 및 후속 제도 설계\\n2단계: 2024년 2분기 - 후속 제도 시범 운영 및 피드백 수집\\n3단계: 2025년 1분기 - 후속 제도 본격 시행 및 모니터링\\n4단계: 2026년 1분기 - 제도 개선 및 최종 평가\",\n    \"expected_effects\": [\n        \"기대효과 1: 연구개발의 신속한 추진으로 혁신적인 연구 성과 창출\",\n        \"기대효과 2: 연구개발 예산의 자율적 관리로 다양한 연구자들의 참여 확대\",\n        \"기대효과 3: 과학기술 분야의 글로벌 경쟁력 강화 및 경제적 파급 효과 증대\"\n    ]\n}\n```",
  "prd_output": "```json\n{\n    \"overview\": \"파싱된 프로젝트는 회의 내용을 기반으로 프로젝트를 관리하고 실행하는 것을 목적으로 합니다. 이 프로젝트는 회의에서 논의된 사항을 체계적으로 정리하고 추적할 수 있는 솔루션을 제공합니다. 타겟 사용자는 주로 프로젝트 관리자와 팀원들로, 회의 내용을 효과적으로 관리하고 실행 가능한 작업으로 전환하는 데 가치를 제공합니다.\",\n    \"core_features\": \"주요 기능으로는 회의 내용 자동 파싱, 작업 항목 생성, 진행 상황 추적, 알림 및 리마인더 기능이 포함됩니다. 회의 내용을 자동으로 파싱하여 중요한 정보를 추출하고, 이를 기반으로 작업 항목을 생성합니다. 각 작업 항목의 진행 상황을 실시간으로 추적하며, 사용자에게 필요한 알림과 리마인더를 제공합니다.\",\n    \"user_experience\": \"사용자는 회의가 끝난 후, 자동으로 생성된 작업 항목을 확인하고, 필요에 따라 수정할 수 있습니다. 페르소나는 프로젝트 관리자와 팀원으로, 주요 플로우는 회의 내용 입력 -> 작업 항목 생성 -> 진행 상황 추적 -> 완료 보고입니다. UI/UX는 직관적이고 사용하기 쉬운 인터페이스를 제공하여 사용자가 쉽게 적응할 수 있도록 설계됩니다.\",\n    \"technical_architecture\": \"시스템은 클라우드 기반으로 설계되며, 데이터 모델은 회의 내용, 작업 항목, 사용자 정보 등을 포함합니다. API는 외부 회의 플랫폼과의 연동을 지원하며, 인프라 요구사항으로는 안정적인 서버 환경과 데이터 보안이 포함됩니다.\",\n    \"development_roadmap\": \"MVP 요구사항은 회의 내용 파싱 및 작업 항목 생성 기능입니다. 향후 개선사항으로는 AI 기반의 회의 내용 분석 및 예측 기능이 포함됩니다. 단계별 개발 범위는 초기 기능 구현 -> 사용자 피드백 수집 -> 기능 개선 및 확장입니다.\",\n    \"logical_dependency_chain\": \"개발 순서는 회의 내용 파싱 기능 개발 -> 작업 항목 생성 기능 개발 -> 진행 상황 추적 기능 개발 순으로 진행됩니다. 기초 기능 우선순위는 회의 내용 파싱과 작업 항목 생성입니다. 점진적 개발 방식으로 각 기능을 단계적으로 구현합니다.\",\n    \"risks_and_mitigations\": \"기술적 도전으로는 자연어 처리 기술의 정확도가 있으며, 이를 위해 최신 NLP 알고리즘을 활용합니다. MVP 정의는 핵심 기능인 회의 내용 파싱과 작업 항목 생성입니다. 자원 제약사항으로는 개발 인력과 시간 관리가 있습니다.\",\n    \"appendix\": \"추가 정보로는 회의 내용 파싱을 위한 NLP 연구 결과와 기술 사양이 포함됩니다. 참고 자료로는 유사 프로젝트의 사례 연구가 있습니다.\"\n}\n```",
  "quality_metrics": {
    "final_score": 6.0,
    "is_production_ready": true,
    "iterations_used": 1,
    "is_high_quality": false
  },
  "metadata": {
    "source_file": "../batch_triplet_results\\result_제22대국회 제425회(임시회) 제1차 과학기술정보방송통신위원회(과학기술원자력법안심사소위원회) (2025.05.08.)\\05_final_result.json",
    "utterance_count": 471,
    "transcript_length": 32863,
    "speakers": [
      "과학기술정보통신부과학기술혁신본부장 류광준",
      "박충권 위원",
      "박민규 위원",
      "진술인 유경만",
      "김우영 위원",
      "전문위원 임명현",
      "박정훈 위원",
      "진술인 권영관",
      "진술인 문성모",
      "과학기술정보통신부과학기술혁신조정관 임요업",
      "소위원장 최형두",
      "진술인 이주한",
      "황정아 위원"
    ],
    "dataset_type": "train",
    "processing_date": "2025-07-31T12:04:38.651311"
  }
}