{
  "id": "train_002",
  "source_dir": "result_ES2015d",
  "notion_output": "```json\n{\n    \"project_name\": \"인체공학적 단일 핸드헬드 리모컨 개발 프로젝트\",\n    \"project_purpose\": \"사용자 친화적이고 인체공학적인 리모컨을 개발하여 시장에서의 경쟁력을 강화하고 사용자 경험을 개선한다.\",\n    \"project_period\": \"2025.01.01 ~ 2025.03.31\",\n    \"project_manager\": \"홍길동 (프로젝트 매니저)\",\n    \"core_objectives\": [\n        \"목표 1: 인체공학적 디자인을 통해 사용자의 편의성을 극대화한다.\",\n        \"목표 2: 예산 내에서 프로토타입을 완성하고 성능을 검증한다.\",\n        \"목표 3: 시장 조사와 마케팅 전략을 통해 제품의 상업적 성공 가능성을 높인다.\"\n    ],\n    \"core_idea\": \"단일 핸드헬드 리모컨의 인체공학적 설계를 통해 사용자가 편리하게 조작할 수 있도록 한다.\",\n    \"idea_description\": \"이 프로젝트는 인체공학적 디자인을 통해 한 손으로 쉽게 조작할 수 있는 리모컨을 개발하는 것을 목표로 한다. LED와 고무 소재를 사용하여 내구성을 높이고, 사용자의 반복 스트레스 손상을 줄이는 데 중점을 둔다. 또한, 색상 구성표와 교체 가능한 패널을 통해 사용자 맞춤형 디자인을 제공한다.\",\n    \"execution_plan\": \"1단계: 디자인 및 프로토타입 개발 (2025.01.01 ~ 2025.01.31)\\n2단계: 프로토타입 테스트 및 피드백 수집 (2025.02.01 ~ 2025.02.28)\\n3단계: 최종 제품 개발 및 마케팅 계획 수립 (2025.03.01 ~ 2025.03.31)\",\n    \"budget_plan\": {\n        \"total_budget\": \"50,000 USD\",\n        \"prototype_development\": \"20,000 USD\",\n        \"marketing_strategy\": \"15,000 USD\",\n        \"testing_and_feedback\": \"10,000 USD\",\n        \"contingency_fund\": \"5,000 USD\"\n    },\n    \"technical_details\": [\n        \"LED 사용으로 시각적 피드백 제공\",\n        \"고무 소재를 사용하여 그립감과 내구성 강화\",\n        \"인체공학적 설계로 반복 스트레스 손상 감소\",\n        \"교체 가능한 패널로 사용자 맞춤형 디자인 제공\"\n    ],\n    \"expected_effects\": [\n        \"기대효과 1: 사용자 편의성이 향상되어 제품의 시장 경쟁력이 강화된다.\",\n        \"기대효과 2: 인체공학적 디자인으로 인해 사용자 만족도와 제품 충성도가 증가한다.\",\n        \"기대효과 3: 효율적인 마케팅 전략을 통해 제품의 판매량이 증가하고, 회사의 수익성이 개선된다.\"\n    ]\n}\n```",
  "prd_output": "```json\n{\n    \"overview\": \"파싱된 프로젝트는 회의 내용을 기반으로 프로젝트를 생성하는 것을 목표로 합니다. 이 프로젝트는 회의에서 논의된 내용을 자동으로 파싱하여 프로젝트 관리 시스템에 통합함으로써, 사용자의 업무 효율성을 높이고, 회의 후속 작업을 간소화하는 문제를 해결합니다. 타겟 사용자는 주로 프로젝트 관리자, 팀 리더, 그리고 회의 주최자들입니다. 이 프로젝트는 회의 후속 작업의 자동화를 통해 시간 절약과 업무 효율성을 제공하는 가치를 제안합니다.\",\n    \"core_features\": \"주요 기능은 다음과 같습니다: 1) 회의 내용 자동 파싱: 회의 중 기록된 내용을 분석하여 주요 항목을 추출합니다. 2) 프로젝트 생성 및 관리: 파싱된 내용을 기반으로 프로젝트를 자동 생성하고 관리할 수 있습니다. 3) 사용자 정의 템플릿: 다양한 회의 유형에 맞춘 템플릿을 제공합니다. 각 기능은 사용자가 최소한의 수작업으로 최대한의 결과를 얻을 수 있도록 설계되었습니다.\",\n    \"user_experience\": \"사용자 경험 설계는 회의 주최자 페르소나를 중심으로 이루어집니다. 주요 플로우는 회의 기록 업로드, 자동 파싱 결과 확인, 프로젝트 생성 및 수정입니다. UI/UX는 직관적이고 사용하기 쉬운 인터페이스를 제공하여 사용자가 빠르게 적응할 수 있도록 설계되었습니다.\",\n    \"technical_architecture\": \"기술 아키텍처는 다음과 같은 구성 요소로 이루어집니다: 1) 데이터 파싱 모듈: 자연어 처리(NLP)를 활용하여 회의 내용을 분석합니다. 2) 프로젝트 관리 시스템: 파싱된 데이터를 기반으로 프로젝트를 생성하고 관리합니다. 3) API: 외부 시스템과의 연동을 지원합니다. 인프라 요구사항은 클라우드 기반의 확장 가능한 서버 환경을 필요로 합니다.\",\n    \"development_roadmap\": \"개발 로드맵은 다음과 같습니다: 1) MVP 요구사항: 기본적인 회의 내용 파싱 및 프로젝트 생성 기능 구현. 2) 향후 개선사항: 사용자 피드백을 반영한 기능 개선 및 추가. 3) 단계별 개발 범위: 초기 버전에서는 핵심 기능에 집중하고, 이후 단계에서 부가 기능을 추가합니다.\",\n    \"logical_dependency_chain\": \"논리적 의존성 체인은 다음과 같습니다: 1) 데이터 파싱 모듈 개발이 우선되어야 하며, 이후 프로젝트 관리 시스템과의 통합이 진행됩니다. 2) API 개발은 기본 기능이 완료된 후 진행됩니다. 점진적 개발 방식을 통해 각 단계에서 기능을 검증하고 개선합니다.\",\n    \"risks_and_mitigations\": \"위험 요소로는 자연어 처리의 정확도 문제, 시스템 통합의 복잡성, 자원 제약사항 등이 있습니다. 이를 완화하기 위해 MVP 정의를 명확히 하고, 초기 단계에서 철저한 테스트를 통해 문제를 사전에 식별하고 해결합니다.\",\n    \"appendix\": \"추가 정보 및 참고 자료로는 자연어 처리 연구 결과, 프로젝트 관리 시스템 기술 사양, 사용자 인터뷰 결과 등이 포함됩니다.\"\n}\n```",
  "quality_metrics": {
    "final_score": 6.0,
    "is_production_ready": true,
    "iterations_used": 2,
    "is_high_quality": false
  },
  "metadata": {
    "source_file": "../batch_triplet_results\\result_ES2015d\\05_final_result.json",
    "utterance_count": 412,
    "transcript_length": 12407,
    "speakers": [
      "Speaker_B",
      "Speaker_D",
      "Speaker_C",
      "Speaker_A"
    ],
    "dataset_type": "train",
    "processing_date": "2025-07-31T10:50:17.853433"
  }
}