{
  "id": "train_102",
  "source_dir": "result_Bro019_processed",
  "notion_output": "```json\n{\n    \"project_name\": \"LDA 및 P-make 기반 컴퓨팅 팜 최적화 프로젝트\",\n    \"project_purpose\": \"컴퓨팅 자원의 효율적 활용과 LDA 기술을 통한 작업 처리 속도 향상 및 자원 관리 최적화\",\n    \"project_period\": \"2025.01.01 ~ 2025.03.31\",\n    \"project_manager\": \"Andreas\",\n    \"core_objectives\": [\n        \"목표 1: P-make를 활용한 100개의 병렬 작업 실행 체계 구축\",\n        \"목표 2: 새로운 컴퓨팅 기계 12대를 활용한 컴퓨팅 팜 구성\",\n        \"목표 3: LDA 기술을 통한 데이터 처리 효율성 향상\",\n        \"목표 4: 작업 부하 균형 조절을 통한 자원 최적화\"\n    ],\n    \"core_idea\": \"P-make와 Customs를 활용한 병렬 컴퓨팅 최적화 및 LDA 기술 적용\",\n    \"idea_description\": \"P-make를 통해 병렬 작업을 관리하고, Customs를 통해 작업 환경을 표준화하여 효율성을 극대화한다. LDA 기술을 적용하여 데이터 처리 속도를 높인다. 각 기계는 고유한 속성을 가지며, no evict 속성을 통해 작업 중단을 방지한다.\",\n    \"execution_plan\": [\n        {\n            \"단계\": \"1단계\",\n            \"내용\": \"새로운 기계 12대 설치 및 환경 설정\",\n            \"기간\": \"2025.01.01 ~ 2025.01.15\",\n            \"세부 목표\": [\n                \"기계 설치 및 네트워크 연결\",\n                \"기본 환경 설정 및 테스트\"\n            ]\n        },\n        {\n            \"단계\": \"2단계\",\n            \"내용\": \"P-make 및 Customs 설정 및 테스트\",\n            \"기간\": \"2025.01.16 ~ 2025.02.15\",\n            \"세부 목표\": [\n                \"P-make 설정 및 병렬 작업 테스트\",\n                \"Customs를 통한 작업 환경 표준화\"\n            ]\n        },\n        {\n            \"단계\": \"3단계\",\n            \"내용\": \"LDA 기술 적용 및 병렬 작업 실행\",\n            \"기간\": \"2025.02.16 ~ 2025.03.15\",\n            \"세부 목표\": [\n                \"LDA 기술 적용 및 성능 테스트\",\n                \"병렬 작업 실행 및 모니터링\"\n            ]\n        },\n        {\n            \"단계\": \"4단계\",\n            \"내용\": \"결과 분석 및 최적화 방안 도출\",\n            \"기간\": \"2025.03.16 ~ 2025.03.31\",\n            \"세부 목표\": [\n                \"작업 처리 속도 및 자원 사용 효율성 분석\",\n                \"최적화 방안 도출 및 보고서 작성\"\n            ]\n        }\n    ],\n    \"expected_effects\": [\n        \"기대효과 1: 작업 처리 속도 50% 향상\",\n        \"기대효과 2: 자원 사용 효율성 30% 개선\",\n        \"기대효과 3: 시스템 안정성 및 확장성 강화\",\n        \"기대효과 4: LDA 기술을 통한 데이터 처리 정확도 향상\"\n    ],\n    \"technical_requirements\": [\n        \"LDA 필터 적용을 위한 소프트웨어 환경 구축\",\n        \"병렬 작업을 지원하는 네트워크 인프라\",\n        \"Customs를 통한 환경 표준화 및 유지보수\"\n    ],\n    \"constraints\": [\n        \"기계 간의 네트워크 지연 최소화\",\n        \"LDA 기술 적용 시 데이터 정확도 유지\",\n        \"병렬 작업 실행 시 시스템 안정성 확보\"\n    ],\n    \"additional_information\": {\n        \"회의록에서 언급된 기술적 세부사항\": [\n            \"LDA 필터의 지연을 줄이기 위한 수정\",\n            \"스펙트럼 감산 및 위너 필터링 기술의 활용\",\n            \"신경망을 통한 데이터 처리 및 분석\"\n        ],\n        \"프로젝트 담당자의 역할\": {\n            \"Andreas\": \"프로젝트 전반 관리 및 기술적 지원\",\n            \"Sunil\": \"여름 동안 프로젝트 진행 상황 보고 및 계획 수립\"\n        }\n    }\n}\n```",
  "prd_output": "```json\n{\n    \"overview\": \"파싱된 프로젝트는 회의 내용을 기반으로 한 프로젝트로, 회의 중 논의된 핵심 아이디어와 실행 계획을 체계적으로 관리하고 추적할 수 있도록 설계되었습니다. 이 프로젝트는 회의에서 논의된 내용을 효과적으로 파악하고 실행 가능한 계획으로 전환하려는 팀을 대상으로 합니다. 이를 통해 회의의 생산성을 높이고, 실행력 있는 결과를 도출하는 데 가치를 제공합니다.\",\n    \"core_features\": \"1. 회의 내용 자동 파싱: 회의 중 논의된 내용을 자동으로 파싱하여 핵심 아이디어와 실행 계획을 추출합니다. 2. 실행 계획 관리: 추출된 실행 계획을 관리하고, 진행 상황을 추적할 수 있는 기능을 제공합니다. 3. 목표 설정 및 추적: 프로젝트의 핵심 목표를 설정하고, 목표 달성을 위한 진행 상황을 모니터링합니다.\",\n    \"user_experience\": \"사용자는 회의 후 자동으로 생성된 프로젝트 개요를 확인하고, 추출된 실행 계획을 검토 및 수정할 수 있습니다. 주요 페르소나는 프로젝트 매니저와 팀 리더로, 이들은 직관적인 UI를 통해 프로젝트의 진행 상황을 쉽게 파악하고 관리할 수 있습니다.\",\n    \"technical_architecture\": \"시스템은 클라우드 기반으로 설계되며, 데이터 모델은 회의 내용, 실행 계획, 목표 등의 엔티티로 구성됩니다. API는 회의 기록을 파싱하고, 실행 계획을 관리하는 기능을 제공합니다. 인프라는 AWS를 기반으로 하여 확장성과 안정성을 보장합니다.\",\n    \"development_roadmap\": \"MVP 단계에서는 회의 내용 파싱 및 실행 계획 관리 기능을 우선적으로 개발합니다. 이후 단계에서는 목표 설정 및 추적 기능을 추가하고, 사용자 피드백을 반영하여 UI/UX를 개선합니다.\",\n    \"logical_dependency_chain\": \"1. 회의 내용 파싱 기능 개발 2. 실행 계획 관리 기능 개발 3. 목표 설정 및 추적 기능 개발 4. UI/UX 개선 및 사용자 피드백 반영\",\n    \"risks_and_mitigations\": \"기술적 도전으로는 자연어 처리(NLP) 기술을 활용한 회의 내용 파싱의 정확도가 있으며, 이를 위해 최신 NLP 모델을 연구하고 적용합니다. 자원 제약사항으로는 개발 인력과 시간 제한이 있으며, 이를 해결하기 위해 우선순위에 따라 기능을 점진적으로 개발합니다.\",\n    \"appendix\": \"추가 정보로는 NLP 기술에 대한 연구 결과와 적용 사례, 프로젝트 관리 도구와의 통합 가능성에 대한 기술 사양이 포함됩니다.\"\n}\n```",
  "quality_metrics": {
    "final_score": 6.0,
    "is_production_ready": true,
    "iterations_used": 3,
    "is_high_quality": false
  },
  "metadata": {
    "source_file": "../batch_triplet_results\\result_Bro019_processed\\05_final_result.json",
    "utterance_count": 625,
    "transcript_length": 22614,
    "speakers": [
      "Speaker_F",
      "Speaker_A",
      "Speaker_G",
      "Speaker_B",
      "Speaker_E",
      "Speaker_D",
      "Speaker_C"
    ],
    "dataset_type": "train",
    "processing_date": "2025-07-31T12:50:18.281914"
  }
}