{
  "id": "train_218",
  "source_dir": "result_ES2015a",
  "notion_output": "```json\n{\n    \"project_name\": \"스마트 리모컨 개발 프로젝트\",\n    \"project_purpose\": \"사용자 편의성을 극대화한 스마트 리모컨 개발\",\n    \"project_period\": \"2024.01.01 ~ 2024.06.30\",\n    \"project_manager\": \"헤더\",\n    \"core_objectives\": [\n        \"목표 1: 사용자 친화적인 인터페이스 디자인\",\n        \"목표 2: 생산 비용 절감을 통한 가격 경쟁력 확보\",\n        \"목표 3: 위치 추적 기능을 통한 사용자 편의성 향상\"\n    ],\n    \"core_idea\": \"스마트 리모컨의 혁신적인 디자인과 기능성\",\n    \"idea_description\": \"스마트 리모컨은 사용자의 편의성을 고려한 직관적인 인터페이스와 위치 추적 기능을 포함하여, 시장의 최신 트렌드를 반영한 디자인을 채택합니다. 이를 통해 사용자는 리모컨을 쉽게 찾고 사용할 수 있으며, 합리적인 가격으로 제공됩니다.\",\n    \"execution_plan\": \"1단계: 시장 조사 및 트렌드 분석 (2024.01.01 ~ 2024.01.31)\\n2단계: 개념 디자인 및 기능 설계 (2024.02.01 ~ 2024.03.15)\\n3단계: 프로토타입 제작 및 테스트 (2024.03.16 ~ 2024.04.30)\\n4단계: 최종 디자인 확정 및 생산 준비 (2024.05.01 ~ 2024.05.31)\\n5단계: 제품 출시 및 마케팅 (2024.06.01 ~ 2024.06.30)\",\n    \"expected_effects\": [\n        \"기대효과 1: 사용자 만족도 향상으로 인한 브랜드 이미지 강화\",\n        \"기대효과 2: 생산 비용 절감으로 인한 수익성 개선\",\n        \"기대효과 3: 혁신적인 기능 도입으로 시장 점유율 확대\"\n    ]\n}\n```",
  "prd_output": "```json\n{\n    \"overview\": \"파싱된 프로젝트는 회의 내용을 기반으로 프로젝트를 관리할 수 있는 솔루션입니다. 이 프로젝트는 회의 중 논의된 내용을 체계적으로 정리하고, 이를 기반으로 프로젝트를 생성 및 관리할 수 있도록 돕습니다. 타겟 사용자는 회의를 자주 진행하는 팀 및 조직으로, 회의 후 후속 작업을 효율적으로 관리하고자 하는 이들에게 가치를 제공합니다.\",\n    \"core_features\": \"1. 회의 내용 자동 파싱: 회의 중 논의된 내용을 자동으로 파싱하여 프로젝트의 기본 구조를 생성합니다. 2. 프로젝트 생성 및 관리: 파싱된 내용을 기반으로 프로젝트를 생성하고, 이를 관리할 수 있는 인터페이스를 제공합니다. 3. 목표 및 기대 효과 추적: 설정된 목표와 기대 효과를 추적하고, 이를 시각화하여 사용자에게 제공합니다.\",\n    \"user_experience\": \"사용자는 회의가 끝난 후, 회의 내용을 업로드하면 자동으로 프로젝트가 생성됩니다. 페르소나는 프로젝트 매니저 및 팀 리더로, 주요 플로우는 회의 내용 업로드 -> 프로젝트 생성 -> 목표 설정 및 관리입니다. UI/UX는 직관적이고 사용하기 쉬운 인터페이스를 제공하여 사용자가 빠르게 적응할 수 있도록 설계됩니다.\",\n    \"technical_architecture\": \"시스템은 클라우드 기반으로 구성되며, 데이터 모델은 회의 내용, 프로젝트, 목표, 기대 효과 등의 엔티티로 구성됩니다. API는 회의 내용 업로드 및 프로젝트 생성, 관리 기능을 제공합니다. 인프라 요구사항은 안정적인 클라우드 서비스와 데이터 보안이 포함됩니다.\",\n    \"development_roadmap\": \"MVP 요구사항은 회의 내용 파싱 및 프로젝트 생성 기능입니다. 향후 개선사항으로는 사용자 맞춤형 대시보드와 목표 추적 기능이 있으며, 단계별 개발 범위는 초기 파싱 기능 개발, 프로젝트 관리 기능 추가, 사용자 경험 개선 순으로 진행됩니다.\",\n    \"logical_dependency_chain\": \"개발 순서는 회의 내용 파싱 기능을 먼저 개발하고, 그 위에 프로젝트 생성 및 관리 기능을 추가합니다. 기초 기능 우선순위는 파싱 기능, 프로젝트 생성, 목표 설정 및 관리 순입니다. 점진적 개발 방식으로 각 기능을 단계적으로 완성해 나갑니다.\",\n    \"risks_and_mitigations\": \"기술적 도전은 자연어 처리 기술의 정확성을 높이는 것이며, MVP 정의는 기본적인 파싱 및 프로젝트 생성 기능입니다. 자원 제약사항은 개발 인력과 시간입니다. 이를 완화하기 위해 초기 MVP에 집중하고, 사용자 피드백을 통해 점진적으로 개선합니다.\",\n    \"appendix\": \"추가 정보로는 자연어 처리 기술 연구 결과 및 관련 기술 사양이 포함됩니다. 이를 통해 프로젝트의 기술적 기반을 강화하고, 향후 발전 방향을 제시합니다.\"\n}\n```",
  "quality_metrics": {
    "final_score": 6.0,
    "is_production_ready": true,
    "iterations_used": 1,
    "is_high_quality": false
  },
  "metadata": {
    "source_file": "../batch_triplet_results\\result_ES2015a\\05_final_result.json",
    "utterance_count": 93,
    "transcript_length": 3191,
    "speakers": [
      "Speaker_B",
      "Speaker_D",
      "Speaker_C",
      "Speaker_A"
    ],
    "dataset_type": "train",
    "processing_date": "2025-07-31T15:10:20.539002"
  }
}