{
  "id": "train_014",
  "source_dir": "result_Bmr005_processed",
  "notion_output": "```json\n{\n    \"project_name\": \"다중 화자 음성 중첩 영역 탐지 및 분석 프로젝트\",\n    \"project_purpose\": \"다중 화자가 동시에 말하는 음성 데이터에서 중첩 영역을 탐지하고 분석하여 음성 인식 및 데이터 처리의 효율성을 높이는 것\",\n    \"project_period\": \"2025.01.01 ~ 2025.03.31\",\n    \"project_manager\": \"Speaker_G\",\n    \"core_objectives\": [\n        \"목표 1: 다중 화자 음성 데이터에서 중첩 영역을 정확히 탐지할 수 있는 알고리즘 개발\",\n        \"목표 2: 중첩 영역의 특성을 분석하여 음성 인식 시스템의 정확도 향상\",\n        \"목표 3: 다양한 음성 데이터 환경에서의 실험을 통해 알고리즘의 범용성 검증\",\n        \"목표 4: 회의록에서 언급된 에코 제거 및 원거리장 효과 감소 기술 적용\"\n    ],\n    \"core_idea\": \"다중 화자 음성 데이터에서 중첩 영역을 탐지하고 분석하여 음성 인식의 정확도를 높이는 것\",\n    \"idea_description\": \"회의에서 논의된 바와 같이, 음성 데이터에서 두 명 이상의 화자가 동시에 말하는 중첩 영역을 탐지하는 알고리즘을 개발하고, 이를 통해 음성 인식 시스템의 성능을 향상시키는 것을 목표로 한다. 이를 위해 다양한 음성 데이터 환경에서 실험을 진행하고, 중첩 영역의 특성을 분석하여 시스템의 범용성을 검증한다. 또한, 에코 제거 및 원거리장 효과 감소 기술을 적용하여 음성 데이터의 품질을 높인다.\",\n    \"execution_plan\": [\n        \"1단계: 음성 데이터 수집 및 전처리 (2025.01.01 ~ 2025.01.15)\",\n        \"2단계: 중첩 영역 탐지 알고리즘 개발 (2025.01.16 ~ 2025.02.15)\",\n        \"3단계: 알고리즘의 성능 평가 및 개선 (2025.02.16 ~ 2025.03.15)\",\n        \"4단계: 에코 제거 및 원거리장 효과 감소 기술 적용 (2025.02.16 ~ 2025.03.15)\",\n        \"5단계: 최종 보고서 작성 및 결과 발표 (2025.03.16 ~ 2025.03.31)\"\n    ],\n    \"expected_effects\": [\n        \"기대효과 1: 음성 인식 시스템의 정확도 향상으로 인한 사용자 경험 개선\",\n        \"기대효과 2: 중첩 영역 탐지 기술의 발전으로 다양한 음성 데이터 처리 분야에 응용 가능\",\n        \"기대효과 3: 알고리즘의 범용성 검증을 통해 다양한 환경에서의 적용 가능성 확대\",\n        \"기대효과 4: 에코 제거 및 원거리장 효과 감소로 음성 데이터 품질 향상\"\n    ],\n    \"additional_notes\": [\n        \"회의록에서 논의된 데이터 수집 방법으로는 라디오 방송국 및 텔레비전 방송국과의 협력을 통해 다중 채널로 녹음된 데이터를 활용하는 방안이 제안되었다.\",\n        \"회의록에서 언급된 특정 기술적 세부사항으로는 에코 제거 및 원거리장 효과 감소 기술이 있으며, 이는 프로젝트의 실행 계획에 포함되어 있다.\",\n        \"프로젝트 매니저인 Speaker_G는 알고리즘 개발 및 성능 평가의 책임을 지며, 관련 팀원들과의 협력을 통해 프로젝트를 성공적으로 이끌어 나갈 예정이다.\"\n    ]\n}\n```",
  "prd_output": "```json\n{\n    \"overview\": \"파싱된 프로젝트는 회의 내용을 기반으로 한 프로젝트로, 회의 중 논의된 내용을 체계적으로 정리하고 관리할 수 있는 솔루션을 제공합니다. 이 프로젝트는 회의 후 내용을 효율적으로 파악하고 실행 가능한 계획으로 전환하고자 하는 팀과 조직을 대상으로 합니다. 이를 통해 회의의 생산성을 높이고, 의사결정 과정을 간소화하는 가치를 제안합니다.\",\n    \"core_features\": \"1. 회의 내용 자동 파싱: 회의 중 논의된 내용을 자동으로 텍스트로 변환하고, 주요 포인트를 추출합니다. 2. 프로젝트 생성: 파싱된 내용을 바탕으로 자동으로 프로젝트를 생성하고, 관련 태스크를 할당합니다. 3. 실시간 협업: 팀원들이 실시간으로 프로젝트에 접근하여 수정 및 업데이트할 수 있는 기능을 제공합니다.\",\n    \"user_experience\": \"사용자는 회의가 끝난 후, 파싱된 내용을 통해 자동으로 생성된 프로젝트를 확인하고, 필요한 수정 사항을 반영할 수 있습니다. 주요 페르소나는 프로젝트 매니저와 팀 리더로, 이들은 회의 내용을 기반으로 빠르게 프로젝트를 구성하고 팀원들과 협업할 수 있습니다. UI/UX는 직관적이고 사용하기 쉬운 인터페이스를 제공하여, 사용자가 최소한의 노력으로 최대한의 효율성을 얻을 수 있도록 설계됩니다.\",\n    \"technical_architecture\": \"시스템은 클라우드 기반으로 설계되며, 음성 인식 API를 통해 회의 내용을 텍스트로 변환합니다. 데이터 모델은 회의 내용, 프로젝트, 태스크 등의 엔티티로 구성되며, 각 엔티티 간의 관계를 명확히 정의합니다. 인프라는 AWS를 기반으로 하여 확장성과 안정성을 보장합니다.\",\n    \"development_roadmap\": \"MVP는 회의 내용 파싱 및 프로젝트 자동 생성 기능을 포함하며, 이후 단계에서는 실시간 협업 기능과 사용자 커스터마이징 옵션을 추가할 예정입니다. 초기 단계에서는 핵심 기능 구현에 집중하고, 사용자 피드백을 반영하여 점진적으로 기능을 개선해 나갈 것입니다.\",\n    \"logical_dependency_chain\": \"개발은 회의 내용 파싱 기능을 우선 구현하고, 이후 프로젝트 생성 및 관리 기능을 개발합니다. 실시간 협업 기능은 초기 기능이 안정화된 후에 추가될 예정입니다.\",\n    \"risks_and_mitigations\": \"주요 기술적 도전은 음성 인식의 정확도와 파싱 알고리즘의 효율성입니다. 이를 위해 다양한 음성 인식 엔진을 테스트하고, 파싱 알고리즘을 지속적으로 개선할 계획입니다. 자원 제약사항은 클라우드 비용으로, 초기에는 최소한의 인프라로 시작하여 사용자 수요에 따라 확장할 예정입니다.\",\n    \"appendix\": \"추가 정보로는 음성 인식 기술 연구 결과와 파싱 알고리즘의 기술 사양이 포함됩니다. 또한, 사용자 인터뷰 및 피드백 결과를 통해 얻은 인사이트를 공유합니다.\"\n}\n```",
  "quality_metrics": {
    "final_score": 6.0,
    "is_production_ready": true,
    "iterations_used": 2,
    "is_high_quality": false
  },
  "metadata": {
    "source_file": "../batch_triplet_results\\result_Bmr005_processed\\05_final_result.json",
    "utterance_count": 682,
    "transcript_length": 25022,
    "speakers": [
      "Speaker_F",
      "Speaker_A",
      "Speaker_H",
      "Speaker_G",
      "Speaker_B",
      "Speaker_E",
      "Speaker_D",
      "Speaker_C"
    ],
    "dataset_type": "train",
    "processing_date": "2025-07-31T11:05:45.795752"
  }
}