{
  "id": "train_115",
  "source_dir": "result_Bed011_processed",
  "notion_output": "```json\n{\n    \"project_name\": \"결정 노드 기반 사용자 행동 및 의사결정 패턴 분석 시스템\",\n    \"project_purpose\": \"결정 노드를 활용하여 사용자 행동 및 의사결정 패턴을 심층 분석하고, 이를 통해 사용자 경험을 최적화하며 비즈니스 효율성을 증대하는 시스템을 개발한다.\",\n    \"project_period\": \"2025.01.01 ~ 2025.03.31\",\n    \"project_manager\": \"페이\",\n    \"core_objectives\": [\n        \"목표 1: 결정 노드 기반의 데이터 수집 및 분석 시스템 설계 및 구현\",\n        \"목표 2: 수집된 데이터를 바탕으로 사용자 행동 및 의사결정 패턴 심층 분석\",\n        \"목표 3: 분석 결과를 활용한 시스템 최적화 및 사용자 경험 개선\"\n    ],\n    \"core_idea\": \"결정 노드를 활용하여 다양한 사용자 시나리오에서 데이터를 수집하고 분석하여 시스템의 효율성을 높인다.\",\n    \"idea_description\": \"결정 노드는 사용자의 의사결정 과정을 모듈화하여 데이터를 수집하고, 이를 통해 사용자의 행동 패턴을 분석한다. 이 시스템은 다양한 사용자 시나리오에 적용 가능하며, 이를 통해 사용자 경험을 최적화할 수 있다.\",\n    \"execution_plan\": [\n        {\n            \"phase\": \"1단계\",\n            \"description\": \"결정 노드 설계 및 구현\",\n            \"timeline\": \"2025.01.01 ~ 2025.01.31\",\n            \"tasks\": [\n                \"결정 노드의 구조 및 기능 정의\",\n                \"결정 노드 모듈 개발 및 테스트\",\n                \"회의록에서 언급된 다양한 사용자 시나리오를 반영하여 노드 설계\"\n            ]\n        },\n        {\n            \"phase\": \"2단계\",\n            \"description\": \"데이터 수집 및 초기 분석\",\n            \"timeline\": \"2025.02.01 ~ 2025.02.28\",\n            \"tasks\": [\n                \"데이터 수집을 위한 사용자 시나리오 설정\",\n                \"수집된 데이터의 초기 분석 및 패턴 식별\",\n                \"회의록에서 언급된 데이터 수집 방법론 적용\"\n            ]\n        },\n        {\n            \"phase\": \"3단계\",\n            \"description\": \"분석 결과를 바탕으로 시스템 최적화\",\n            \"timeline\": \"2025.03.01 ~ 2025.03.31\",\n            \"tasks\": [\n                \"분석 결과 기반 시스템 개선\",\n                \"최적화된 시스템의 사용자 테스트 및 피드백 수집\",\n                \"회의에서 논의된 사용자 피드백 반영\"\n            ]\n        }\n    ],\n    \"expected_effects\": [\n        \"기대효과 1: 사용자 행동 패턴에 대한 심층적인 이해를 통해 맞춤형 서비스 제공 가능\",\n        \"기대효과 2: 시스템 최적화를 통한 사용자 만족도 및 참여도 향상\",\n        \"기대효과 3: 데이터 기반 의사결정 지원으로 비즈니스 효율성 증대\"\n    ],\n    \"additional_information\": {\n        \"페이의 역할\": \"프로젝트 매니저로서 전체 프로젝트의 진행을 감독하고, 데이터 수집 및 분석 과정을 총괄한다.\",\n        \"데이터 수집 및 분석 방법론\": \"결정 노드를 활용한 모듈화된 데이터 수집과 머신러닝 기반의 행동 패턴 분석 기법을 적용한다.\",\n        \"회의록 반영\": \"회의에서 논의된 구체적인 결정사항과 주제를 반영하여 프로젝트 계획을 수립하고 실행한다.\"\n    }\n}\n```",
  "prd_output": "```json\n{\n    \"overview\": \"파싱된 프로젝트는 회의 내용을 기반으로 프로젝트를 생성하는 도구입니다. 이 프로젝트는 회의에서 논의된 내용을 체계적으로 정리하고 프로젝트로 전환하는 과정을 자동화하여 시간과 노력을 절감합니다. 타겟 사용자는 프로젝트 매니저, 팀 리더, 그리고 회의에서 프로젝트를 관리하는 모든 사람들입니다. 이 도구는 회의 내용을 효율적으로 관리하고 프로젝트로 변환하는 가치를 제공합니다.\",\n    \"core_features\": \"1. 회의 내용 파싱: 회의에서 논의된 내용을 자동으로 파싱하여 프로젝트로 변환합니다. 2. 프로젝트 생성: 파싱된 내용을 기반으로 프로젝트를 자동 생성합니다. 3. 사용자 정의: 사용자가 프로젝트를 커스터마이즈할 수 있는 기능을 제공합니다.\",\n    \"user_experience\": \"사용자는 회의 내용을 입력하거나 업로드하면, 시스템이 이를 파싱하여 프로젝트로 변환합니다. 페르소나는 프로젝트 매니저로, 주요 플로우는 회의 내용 입력 -> 파싱 -> 프로젝트 생성 -> 사용자 정의입니다. UI/UX는 직관적이고 사용하기 쉬운 인터페이스를 제공합니다.\",\n    \"technical_architecture\": \"시스템은 NLP(자연어 처리)를 사용하여 회의 내용을 파싱합니다. 데이터 모델은 회의 내용과 프로젝트 구조를 포함하며, API는 외부 시스템과의 통합을 지원합니다. 인프라는 클라우드 기반으로 확장성을 고려하여 설계되었습니다.\",\n    \"development_roadmap\": \"MVP는 회의 내용 파싱과 프로젝트 생성 기능을 포함합니다. 향후 개선사항으로는 사용자 정의 기능과 외부 시스템과의 통합을 계획하고 있습니다. 단계별 개발 범위는 초기 기능 개발 -> 사용자 피드백 수집 -> 기능 개선입니다.\",\n    \"logical_dependency_chain\": \"기초 기능인 회의 내용 파싱을 우선 개발하고, 이후 프로젝트 생성 기능을 추가합니다. 점진적으로 사용자 정의 기능과 외부 시스템 통합을 개발합니다.\",\n    \"risks_and_mitigations\": \"기술적 도전은 NLP의 정확성을 높이는 것입니다. MVP는 기본적인 파싱과 프로젝트 생성 기능으로 정의됩니다. 자원 제약사항으로는 NLP 모델의 학습 데이터 확보가 있습니다.\",\n    \"appendix\": \"추가 정보로는 NLP 기술 관련 연구 결과와 기술 사양이 포함됩니다.\"\n}\n```",
  "quality_metrics": {
    "final_score": 6.0,
    "is_production_ready": true,
    "iterations_used": 3,
    "is_high_quality": false
  },
  "metadata": {
    "source_file": "../batch_triplet_results\\result_Bed011_processed\\05_final_result.json",
    "utterance_count": 586,
    "transcript_length": 20327,
    "speakers": [
      "Speaker_F",
      "Speaker_A",
      "Speaker_G",
      "Speaker_B",
      "Speaker_E",
      "Speaker_D"
    ],
    "dataset_type": "train",
    "processing_date": "2025-07-31T13:07:33.537187"
  }
}