{
  "id": "train_076",
  "source_dir": "result_ES2002c",
  "notion_output": "```json\n{\n    \"project_name\": \"눈사람 모양의 혁신적 제품 개발\",\n    \"project_purpose\": \"혁신적인 디자인과 기술을 결합하여 새로운 사용자 경험을 제공하는 제품 개발\",\n    \"project_period\": \"2024.01.01 ~ 2024.06.30\",\n    \"project_manager\": \"Speaker_B\",\n    \"core_objectives\": [\n        \"목표 1: 눈사람 모양의 독특한 디자인을 적용하여 제품의 차별화\",\n        \"목표 2: 사용자 편의성을 고려한 직관적인 인터페이스 설계\",\n        \"목표 3: 혁신적인 기술을 활용하여 제품의 기능성과 효율성 극대화\"\n    ],\n    \"core_idea\": \"눈사람 모양의 제품을 통해 소비자에게 친근하고 독특한 경험을 제공\",\n    \"idea_description\": \"눈사람 모양의 제품은 사용자가 쉽게 식별할 수 있는 직관적인 디자인을 제공하며, 조그 다이얼과 같은 혁신적인 인터페이스를 통해 사용 편의성을 높입니다. 또한, 자연색을 활용한 디자인으로 시각적 매력을 더합니다.\",\n    \"execution_plan\": \"1단계: 시장 조사 및 트렌드 분석 (2024.01.01 ~ 2024.01.31)\\n2단계: 디자인 컨셉 개발 및 프로토타입 제작 (2024.02.01 ~ 2024.03.31)\\n3단계: 기술 구현 및 테스트 (2024.04.01 ~ 2024.05.31)\\n4단계: 최종 제품 출시 준비 및 마케팅 전략 수립 (2024.06.01 ~ 2024.06.30)\",\n    \"expected_effects\": [\n        \"기대효과 1: 독특한 디자인으로 인한 브랜드 인지도 향상\",\n        \"기대효과 2: 사용자 경험 개선을 통한 고객 만족도 증가\",\n        \"기대효과 3: 혁신적인 기술 도입으로 인한 시장 경쟁력 강화\"\n    ]\n}\n```",
  "prd_output": "```json\n{\n    \"overview\": \"파싱된 프로젝트는 회의 내용을 기반으로 한 프로젝트로, 회의 중 논의된 핵심 아이디어를 체계적으로 정리하고 실행 계획을 수립하는 것을 목표로 합니다. 이 프로젝트는 회의에서 나온 아이디어를 효율적으로 관리하고 실행할 수 있도록 도와줍니다. 타겟 사용자는 회의에서 나온 아이디어를 체계적으로 관리하고자 하는 팀과 조직입니다. 이 프로젝트는 아이디어의 체계적인 관리와 실행 가능성을 높이는 가치를 제공합니다.\",\n    \"core_features\": \"주요 기능으로는 회의 내용 자동 파싱, 핵심 아이디어 추출, 실행 계획 자동 생성이 포함됩니다. 회의 내용 자동 파싱은 회의 기록을 분석하여 주요 내용을 추출합니다. 핵심 아이디어 추출은 파싱된 내용을 기반으로 중요한 아이디어를 식별합니다. 실행 계획 자동 생성은 추출된 아이디어를 바탕으로 실행 가능한 계획을 자동으로 작성합니다.\",\n    \"user_experience\": \"사용자 경험 설계는 회의 내용을 쉽게 입력하고 결과를 확인할 수 있는 직관적인 인터페이스를 제공합니다. 페르소나는 주로 프로젝트 매니저와 팀 리더로 설정되며, 주요 플로우는 회의 내용 입력, 파싱 결과 확인, 실행 계획 검토로 구성됩니다. UI/UX 고려사항으로는 사용의 용이성과 명확한 정보 전달이 중요합니다.\",\n    \"technical_architecture\": \"기술 아키텍처는 자연어 처리(NLP) 모듈을 포함한 백엔드 서버, 데이터베이스, 그리고 사용자 인터페이스로 구성됩니다. 데이터 모델은 회의 기록, 아이디어, 실행 계획을 포함하며, API는 파싱 및 계획 생성 기능을 제공합니다. 인프라 요구사항으로는 안정적인 서버 환경과 데이터 보안이 필요합니다.\",\n    \"development_roadmap\": \"개발 로드맵은 MVP로 회의 내용 파싱과 핵심 아이디어 추출 기능을 우선 구현하고, 이후 실행 계획 자동 생성 기능을 추가하는 단계로 진행됩니다. 향후 개선사항으로는 사용자 피드백을 반영한 기능 개선과 추가 기능 개발이 포함됩니다.\",\n    \"logical_dependency_chain\": \"논리적 의존성 체인은 회의 내용 파싱 기능을 먼저 개발하고, 이를 기반으로 핵심 아이디어 추출 기능을 구현한 후, 최종적으로 실행 계획 자동 생성 기능을 개발하는 순서로 진행됩니다. 기초 기능 우선순위는 파싱 기능에 있습니다.\",\n    \"risks_and_mitigations\": \"위험 요소로는 자연어 처리의 정확도와 데이터 보안 문제가 있으며, 이를 완화하기 위해 최신 NLP 기술을 도입하고 데이터 암호화 및 접근 제어를 강화할 계획입니다. MVP 정의는 파싱 및 아이디어 추출 기능의 안정적인 구현에 중점을 둡니다. 자원 제약사항으로는 개발 인력과 시간 제한이 있습니다.\",\n    \"appendix\": \"추가 정보 및 참고 자료로는 자연어 처리 기술 관련 연구 결과와 기술 사양 문서가 포함됩니다.\"\n}\n```",
  "quality_metrics": {
    "final_score": 6.0,
    "is_production_ready": true,
    "iterations_used": 1,
    "is_high_quality": false
  },
  "metadata": {
    "source_file": "../batch_triplet_results\\result_ES2002c\\05_final_result.json",
    "utterance_count": 245,
    "transcript_length": 8664,
    "speakers": [
      "Speaker_A",
      "Speaker_B",
      "Speaker_D",
      "Speaker_C"
    ],
    "dataset_type": "train",
    "processing_date": "2025-07-31T12:18:45.653330"
  }
}