{
  "id": "train_030",
  "source_dir": "result_Bed002_processed",
  "notion_output": "```json\n{\n    \"project_name\": \"Comprehensive Meeting Recording System\",\n    \"project_purpose\": \"고품질 회의 기록 및 실시간 정보 검색을 통한 회의 효율성 증대\",\n    \"project_period\": \"2025.01.01 ~ 2025.06.30\",\n    \"project_manager\": \"Speaker_D\",\n    \"core_objectives\": [\n        \"목표 1: 고품질 오디오 및 비디오로 회의 내용을 기록 및 저장\",\n        \"목표 2: 기록된 회의 내용을 효율적으로 검색 및 분석 가능하게 함\",\n        \"목표 3: 회의 데이터를 대중에게 공개하여 투명성을 증대\",\n        \"목표 4: 휴대용 장치를 통한 회의 정보의 실시간 검색 및 질의 기능 구현\",\n        \"목표 5: 다양한 마이크와 장비를 활용한 최적의 음성 인식 환경 구축\"\n    ],\n    \"core_idea\": \"회의 내용을 효과적으로 기록하고, 다양한 기기에서 접근 가능한 검색 및 분석 시스템 개발\",\n    \"idea_description\": \"고품질의 테이블탑 마이크와 무선 마이크를 사용하여 회의 내용을 기록하고, XML 기반의 데이터 구조를 활용하여 다양한 기기에서 접근할 수 있는 검색 및 분석 기능을 제공하는 시스템을 구축합니다. 또한, 휴대용 장치를 통해 회의 중 실시간 정보 검색 및 질의 기능을 구현합니다. 회의록에서 논의된 다양한 마이크와 장비의 구체적인 사용 계획을 포함하여, 최적의 음성 인식 환경을 제공합니다.\",\n    \"execution_plan\": [\n        \"1단계: 데이터 수집을 위한 하드웨어 설치 및 테스트 (2025.01.01 ~ 2025.01.31)\",\n        \"2단계: 기록된 데이터를 XML 형식으로 변환하는 소프트웨어 개발 (2025.02.01 ~ 2025.02.28)\",\n        \"3단계: 검색 및 분석 기능 구현, 휴대용 장치와의 연동 테스트 (2025.03.01 ~ 2025.03.31)\",\n        \"4단계: 시스템 통합 및 대중 공개 준비, 사용자 피드백 수집 (2025.04.01 ~ 2025.04.30)\",\n        \"5단계: 비디오 통합 및 고급 분석 기능 추가 (2025.05.01 ~ 2025.05.31)\",\n        \"6단계: 최종 테스트 및 시스템 최적화 (2025.06.01 ~ 2025.06.30)\"\n    ],\n    \"expected_effects\": [\n        \"기대효과 1: 회의 기록의 정확성과 접근성 향상\",\n        \"기대효과 2: 회의 데이터의 대중 공개를 통한 투명성 증대\",\n        \"기대효과 3: 다양한 기기에서의 회의 데이터 접근성 향상으로 인한 사용자 편의성 증가\",\n        \"기대효과 4: 실시간 정보 검색 및 질의 기능을 통한 회의 효율성 증대\",\n        \"기대효과 5: 고급 분석 기능을 통한 회의 데이터 활용도 증대\"\n    ],\n    \"technical_details\": {\n        \"hardware\": \"고품질 테이블탑 마이크, 무선 마이크 및 비디오 장비 사용\",\n        \"software\": \"XML 기반 데이터 구조 활용, JavaBayes 및 M-three-L 라이브러리 사용\",\n        \"devices\": \"미래의 PDA 및 휴대용 장치와의 연동 기능 구현\",\n        \"additional_technologies\": \"비디오 통합 및 고급 분석 기능을 위한 추가 소프트웨어 모듈\"\n    }\n}\n```",
  "prd_output": "```json\n{\n    \"overview\": \"파싱된 프로젝트는 회의 내용을 기반으로 프로젝트를 관리하는 시스템입니다. 이 프로젝트는 회의에서 논의된 내용을 효율적으로 파악하고, 이를 기반으로 프로젝트를 체계적으로 관리하고자 하는 사용자들을 대상으로 합니다. 주요 가치 제안은 회의 내용을 자동으로 파싱하여 프로젝트 관리에 필요한 정보를 제공함으로써 사용자의 시간과 노력을 절감하는 것입니다.\",\n    \"core_features\": \"1. 회의 내용 자동 파싱: 회의 기록을 자동으로 분석하여 프로젝트 관련 정보를 추출합니다. 2. 프로젝트 생성 및 관리: 파싱된 정보를 바탕으로 새로운 프로젝트를 생성하고 관리할 수 있습니다. 3. 알림 및 업데이트: 프로젝트 진행 상황에 대한 실시간 알림과 업데이트를 제공합니다.\",\n    \"user_experience\": \"사용자는 회의 내용을 업로드하면 시스템이 자동으로 파싱하여 프로젝트를 생성합니다. 주요 페르소나는 프로젝트 매니저와 팀 리더이며, 이들은 직관적인 UI를 통해 손쉽게 프로젝트를 관리할 수 있습니다. 주요 플로우는 회의 내용 업로드 -> 파싱 결과 확인 -> 프로젝트 생성 및 관리입니다.\",\n    \"technical_architecture\": \"시스템은 클라우드 기반으로 구성되며, 데이터 모델은 회의 내용, 프로젝트 정보, 사용자 정보를 포함합니다. API는 외부 회의 기록 시스템과의 통합을 지원하며, 인프라는 AWS를 기반으로 합니다.\",\n    \"development_roadmap\": \"MVP 요구사항은 회의 내용 파싱 및 기본적인 프로젝트 관리 기능 구현입니다. 향후 개선사항으로는 AI 기반의 파싱 정확도 향상, 사용자 맞춤형 대시보드 제공 등이 있습니다. 개발은 3단계로 나누어 진행됩니다: 1단계 - MVP 개발, 2단계 - 사용자 피드백 반영, 3단계 - 고급 기능 추가.\",\n    \"logical_dependency_chain\": \"1. 회의 내용 파싱 기능 개발 2. 프로젝트 생성 기능 구현 3. 사용자 인터페이스 개발 4. 알림 시스템 통합. 이 순서로 개발하여 점진적으로 기능을 확장합니다.\",\n    \"risks_and_mitigations\": \"기술적 도전은 자연어 처리의 정확도이며, 이를 위해 최신 NLP 모델을 활용합니다. MVP 정의는 기본 파싱 및 프로젝트 관리 기능으로 설정하였으며, 자원 제약사항은 초기 인프라 비용과 개발 인력입니다.\",\n    \"appendix\": \"추가 정보로는 자연어 처리 관련 최신 연구 결과와 기술 사양이 포함됩니다. 또한, 유사 프로젝트 분석 자료가 참고 자료로 제공됩니다.\"\n}\n```",
  "quality_metrics": {
    "final_score": 6.0,
    "is_production_ready": true,
    "iterations_used": 3,
    "is_high_quality": false
  },
  "metadata": {
    "source_file": "../batch_triplet_results\\result_Bed002_processed\\05_final_result.json",
    "utterance_count": 656,
    "transcript_length": 24391,
    "speakers": [
      "Speaker_F",
      "Speaker_A",
      "Speaker_B",
      "Speaker_E",
      "Speaker_D",
      "Speaker_C"
    ],
    "dataset_type": "train",
    "processing_date": "2025-07-31T11:26:21.100861"
  }
}