{
  "id": "train_093",
  "source_dir": "result_ES2002d",
  "notion_output": "```json\n{\n    \"project_name\": \"사용자 중심 스마트 리모컨 디자인 프로젝트\",\n    \"project_purpose\": \"사용자 경험을 극대화하고 비용 효율성을 높이는 스마트 리모컨 디자인 개발\",\n    \"project_period\": \"2024.01.01 ~ 2024.06.30\",\n    \"project_manager\": \"Speaker_B\",\n    \"core_objectives\": [\n        \"목표 1: 사용자 인터페이스 개선을 통한 사용 편의성 증대\",\n        \"목표 2: 비용 절감을 위한 부품 최적화 및 재설계\",\n        \"목표 3: 최종 디자인 결정 및 보고서 작성\"\n    ],\n    \"core_idea\": \"사용자 경험을 중심으로 한 스마트 리모컨의 디자인 및 기능 개선\",\n    \"idea_description\": \"LCD 화면과 고급 칩을 제거하고 일반 칩으로 대체하여 비용을 절감하면서도 사용자에게 직관적인 인터페이스를 제공하는 리모컨을 개발. 버튼의 수와 배치를 최적화하여 사용성을 높임. 특히, 12개의 버튼을 4개의 주요 버튼으로 통합하여 사용성을 개선하고, 조그 다이얼을 통해 대비, 밝기 등의 기능을 조절할 수 있도록 함.\",\n    \"execution_plan\": [\n        {\n            \"단계\": \"1단계\",\n            \"내용\": \"초기 디자인 평가 및 수정\",\n            \"기간\": \"2024.01.01 ~ 2024.02.28\",\n            \"세부사항\": \"회의에서 논의된 버튼의 크기와 배치를 반영하여 디자인 수정\"\n        },\n        {\n            \"단계\": \"2단계\",\n            \"내용\": \"프로토타입 제작 및 사용자 테스트\",\n            \"기간\": \"2024.03.01 ~ 2024.04.30\",\n            \"세부사항\": \"프로토타입을 제작하고 사용자 테스트를 통해 피드백 수집\"\n        },\n        {\n            \"단계\": \"3단계\",\n            \"내용\": \"최종 디자인 확정 및 생산 준비\",\n            \"기간\": \"2024.05.01 ~ 2024.06.30\",\n            \"세부사항\": \"최종 디자인을 확정하고 생산 준비 완료\"\n        }\n    ],\n    \"expected_effects\": [\n        \"기대효과 1: 사용자 만족도 향상 및 브랜드 이미지 개선\",\n        \"기대효과 2: 생산 비용 20% 절감 및 이윤 증가\",\n        \"기대효과 3: 시장 경쟁력 강화 및 매출 증대\"\n    ],\n    \"additional_details\": {\n        \"버튼 배치\": \"4개의 주요 버튼으로 통합, 조그 다이얼 추가\",\n        \"사용자 경험 변화\": \"LCD 제거로 인한 사용자 경험 변화는 모니터를 통해 보완\",\n        \"디자인 요소\": \"색상은 회사의 공통 색상 사용, 케이스는 플라스틱으로 제작\"\n    }\n}\n```",
  "prd_output": "```json\n{\n    \"overview\": \"파싱된 프로젝트는 회의 내용을 기반으로 하는 프로젝트로, 회의 중 논의된 주요 아이디어와 실행 계획을 체계적으로 관리하고 추적할 수 있도록 돕습니다. 주로 프로젝트 매니저와 팀 리더를 타겟 사용자로 하며, 회의 후속 조치를 효율적으로 수행할 수 있는 가치를 제공합니다.\",\n    \"core_features\": \"1. 회의 내용 파싱: 음성 및 텍스트 데이터를 자동으로 파싱하여 주요 아이디어와 실행 계획을 추출합니다. 2. 프로젝트 생성 및 관리: 파싱된 데이터를 기반으로 프로젝트를 생성하고, 목표를 설정하며, 진행 상황을 추적할 수 있습니다. 3. 알림 및 리마인더: 설정된 목표와 마감일에 따라 사용자에게 알림을 제공합니다.\",\n    \"user_experience\": \"사용자는 회의 후 앱에 접속하여 자동으로 파싱된 회의 내용을 확인하고, 이를 기반으로 프로젝트를 생성합니다. 주요 페르소나는 프로젝트 매니저로, 직관적이고 간편한 UI를 통해 빠르게 프로젝트를 관리할 수 있습니다. UI/UX는 사용자의 작업 흐름을 최소화하고, 필요한 정보를 명확하게 제공하는 데 중점을 둡니다.\",\n    \"technical_architecture\": \"시스템은 음성 인식 API와 자연어 처리(NLP) 엔진을 활용하여 회의 내용을 파싱합니다. 데이터는 클라우드 기반 데이터베이스에 저장되며, 사용자 인터페이스는 웹 및 모바일 플랫폼을 지원합니다. API는 RESTful 방식으로 설계되어 확장성과 유지보수성을 고려합니다.\",\n    \"development_roadmap\": \"MVP에서는 회의 내용 파싱 및 프로젝트 생성 기능을 우선적으로 개발합니다. 이후 사용자 피드백을 반영하여 알림 기능과 UI 개선을 진행합니다. 장기적으로는 AI 기반의 회의 내용 분석 기능을 추가할 계획입니다.\",\n    \"logical_dependency_chain\": \"1. 음성 인식 및 NLP 엔진 통합 2. 데이터베이스 설계 및 구현 3. 사용자 인터페이스 개발 4. 알림 시스템 구축 5. AI 분석 기능 추가\",\n    \"risks_and_mitigations\": \"기술적 도전으로는 음성 인식 정확도와 NLP 처리 성능이 있으며, 이를 위해 최신 기술을 지속적으로 연구하고 테스트할 계획입니다. MVP는 핵심 기능에 집중하여 자원 제약을 최소화합니다.\",\n    \"appendix\": \"추가 정보로는 음성 인식 및 NLP 기술에 대한 최신 연구 자료와 기술 사양이 포함됩니다.\"\n}\n```",
  "quality_metrics": {
    "final_score": 6.0,
    "is_production_ready": true,
    "iterations_used": 2,
    "is_high_quality": false
  },
  "metadata": {
    "source_file": "../batch_triplet_results\\result_ES2002d\\05_final_result.json",
    "utterance_count": 385,
    "transcript_length": 12528,
    "speakers": [
      "Speaker_B",
      "Speaker_D",
      "Speaker_C",
      "Speaker_A"
    ],
    "dataset_type": "train",
    "processing_date": "2025-07-31T12:37:50.056908"
  }
}