{
  "id": "train_194",
  "source_dir": "result_제22대국회 제426회(임시회) 제1차 과학기술정보방송통신위원회(전체회의) (2025.06.26.)",
  "notion_output": "```json\n{\n    \"project_name\": \"2025년도 제2회 추가경정예산안 AI 및 정보보호 강화 프로젝트\",\n    \"project_purpose\": \"AI 기술 확산 및 국가 정보보호 체계 강화를 통한 공공서비스 질적 향상과 산업 경쟁력 제고\",\n    \"project_period\": \"2025.01.01 ~ 2025.12.31\",\n    \"project_manager\": \"유상임 과학기술정보통신부장관\",\n    \"core_objectives\": [\n        \"목표 1: 공공부문과 산업 전반에 인공지능 기술 확산\",\n        \"목표 2: AI 혁신펀드를 통한 민간 투자 유도 및 창업기업 육성\",\n        \"목표 3: 국가 정보보호 체계 강화 및 사이버 위협 예방\"\n    ],\n    \"core_idea\": \"AI 기술과 정보보호 체계의 통합적 강화\",\n    \"idea_description\": \"AI 기술을 공공서비스 및 산업 전반에 접목하여 효율성과 혁신성을 높이고, 정보보호 체계를 강화하여 사이버 위협에 대한 국가적 대응력을 향상시킴\",\n    \"execution_plan\": \"1. AI 기술 확산: 2025년 1분기 - AI 기반 공공서비스 개발 및 AX 실증 지원\\n2. AI 혁신펀드 운영: 2025년 2분기 - 민간 투자 유도 및 창업기업 육성 프로그램 실행\\n3. 정보보호 체계 강화: 2025년 3분기 - 인터넷 경로 보안 고도화 및 중소기업 대상 보안 컨설팅 강화\",\n    \"expected_effects\": [\n        \"기대효과 1: 공공서비스의 질적 향상 및 산업 경쟁력 강화\",\n        \"기대효과 2: 민간의 AI 분야 투자 활성화 및 창업 생태계 조성\",\n        \"기대효과 3: 국가 정보보호 체계 강화로 사이버 위협 대응력 향상\"\n    ]\n}\n```",
  "prd_output": "```json\n{\n    \"overview\": \"파싱된 프로젝트는 회의 내용을 기반으로 한 프로젝트로, 회의에서 논의된 주요 아이디어와 실행 계획을 체계적으로 관리하고 실행할 수 있도록 돕습니다. 이 프로젝트는 회의에서 논의된 내용을 효과적으로 파악하고 실행에 옮기고자 하는 팀과 조직을 대상으로 하며, 회의 후속 조치를 간소화하고 실행 가능성을 높이는 가치를 제공합니다.\",\n    \"core_features\": \"1. 회의 내용 파싱: 회의 중 논의된 내용을 자동으로 파싱하여 중요한 아이디어와 실행 계획을 추출합니다. 2. 실행 계획 관리: 파싱된 내용을 기반으로 실행 계획을 생성하고, 이를 관리할 수 있는 기능을 제공합니다. 3. 목표 추적: 설정된 목표를 추적하고, 목표 달성 여부를 실시간으로 모니터링할 수 있습니다.\",\n    \"user_experience\": \"사용자는 회의가 끝난 후, 파싱된 프로젝트에 접속하여 회의 내용을 자동으로 정리된 형태로 확인할 수 있습니다. 주요 사용자 페르소나는 프로젝트 관리자와 팀 리더로, 이들은 회의 후속 작업을 효율적으로 관리하고자 합니다. UI/UX는 직관적이며, 사용자가 쉽게 회의 내용을 파악하고 실행 계획을 수립할 수 있도록 설계됩니다.\",\n    \"technical_architecture\": \"시스템은 클라우드 기반으로 설계되며, 데이터 모델은 회의 내용, 실행 계획, 목표 등을 포함합니다. API는 외부 회의 도구와의 통합을 지원하며, 인프라는 확장성을 고려하여 설계됩니다.\",\n    \"development_roadmap\": \"MVP는 회의 내용 파싱과 실행 계획 관리 기능을 포함합니다. 이후 목표 추적 기능과 외부 도구와의 통합 기능이 추가될 예정입니다. 단계별로 기능을 확장하며, 사용자 피드백을 반영하여 지속적으로 개선합니다.\",\n    \"logical_dependency_chain\": \"초기에는 회의 내용 파싱 기능을 우선 개발하고, 이후 실행 계획 관리 기능을 추가합니다. 그 다음으로 목표 추적 기능을 개발하며, 마지막으로 외부 도구와의 통합 기능을 구현합니다.\",\n    \"risks_and_mitigations\": \"기술적 도전은 자연어 처리 기술의 정확성 확보이며, 이를 위해 최신 NLP 기술을 활용합니다. MVP 정의는 핵심 기능에 집중하며, 자원 제약사항은 클라우드 인프라를 통해 완화합니다.\",\n    \"appendix\": \"추가 정보로는 NLP 기술 연구 결과와 클라우드 인프라 사양이 포함됩니다.\"\n}\n```",
  "quality_metrics": {
    "final_score": 6.0,
    "is_production_ready": true,
    "iterations_used": 1,
    "is_high_quality": false
  },
  "metadata": {
    "source_file": "../batch_triplet_results\\result_제22대국회 제426회(임시회) 제1차 과학기술정보방송통신위원회(전체회의) (2025.06.26.)\\05_final_result.json",
    "utterance_count": 296,
    "transcript_length": 19587,
    "speakers": [
      "정동영 위원",
      "과학기술정보통신부장관 유상임",
      "김현 위원",
      "이훈기 위원",
      "박충권 위원",
      "한민수 위원",
      "최형두 위원",
      "과학기술정보통신부제2차관 강도현",
      "이해민 위원",
      "과학기술정보통신부제1차관 이창윤",
      "위원장 최민희",
      "황정아 위원",
      "수석전문위원 이복우"
    ],
    "dataset_type": "train",
    "processing_date": "2025-07-31T14:48:18.092012"
  }
}