{
  "id": "train_017",
  "source_dir": "result_제22대국회 제418회(정기회) 제5차 과학기술정보방송통신위원회(전체회의) (2024.10.07.)",
  "notion_output": "```json\n{\n    \"project_name\": \"2024년도 국정감사 증인 출석 및 절차 관리 강화 프로젝트\",\n    \"project_purpose\": \"2024년도 국정감사에서 증인 및 참고인의 출석을 체계적으로 관리하고, 관련 절차의 투명성과 공정성을 확보하여 국정감사의 효율성을 극대화하며, 회의에서 논의된 반대 의견 및 표결 절차를 충실히 반영하기 위함\",\n    \"project_period\": \"2024.01.01 ~ 2024.12.31\",\n    \"project_manager\": \"최민희 위원장\",\n    \"core_objectives\": [\n        \"목표 1: 2024년도 국정감사에 필요한 증인 및 참고인 명단 확정 및 관리\",\n        \"목표 2: 증인 및 참고인의 출석 일정 및 절차 관리 시스템 구축\",\n        \"목표 3: 출석 요구 및 동행명령장 발부 절차의 투명성과 공정성 강화\",\n        \"목표 4: 회의에서 논의된 반대 의견 및 표결 절차의 체계적 반영\",\n        \"목표 5: 특정 인물과 관련된 논의 사항을 반영하여 실무 활용성 강화\"\n    ],\n    \"core_idea\": \"국정감사에서 증인 및 참고인의 출석을 체계적으로 관리하여 감사의 효율성과 투명성을 높이고, 회의에서 논의된 반대 의견 및 표결 절차를 충실히 반영\",\n    \"idea_description\": \"증인 및 참고인의 출석 요구와 관련된 모든 절차를 체계적으로 관리하고, 필요 시 동행명령장을 발부하여 국정감사의 원활한 진행을 보장하며, 회의에서 논의된 반대 의견 및 표결 절차를 투명하게 반영. 특히 강필구 과장과 관련된 논의 사항을 포함하여 실무 활용성을 높임\",\n    \"execution_plan\": [\n        \"1단계: 증인 및 참고인 명단 확정 및 반대 의견 수렴 (2024.01.01 ~ 2024.03.31)\",\n        \"2단계: 출석 일정 및 절차 관리 시스템 구축 및 반대 의견 반영 (2024.04.01 ~ 2024.06.30)\",\n        \"3단계: 동행명령장 발부 및 절차 관리, 표결 절차 투명성 강화 (2024.07.01 ~ 2024.09.30)\",\n        \"4단계: 국정감사 진행 및 피드백 수집, 반대 의견 및 표결 절차 검토 (2024.10.01 ~ 2024.12.31)\"\n    ],\n    \"expected_effects\": [\n        \"기대효과 1: 증인 및 참고인의 출석 관리 효율성 증대\",\n        \"기대효과 2: 국정감사 절차의 투명성 및 공정성 강화\",\n        \"기대효과 3: 국정감사 준비 및 진행 시간 단축\",\n        \"기대효과 4: 반대 의견 및 표결 절차의 체계적 반영으로 인한 회의 충실도 향상\",\n        \"기대효과 5: 특정 인물과 관련된 논의 사항 반영으로 실무 활용성 강화\"\n    ],\n    \"additional_information\": {\n        \"반대 의견 및 표결 절차\": \"회의록에서 논의된 반대 의견 및 표결 절차를 체계적으로 기록하고, 이를 바탕으로 출석 요구 및 동행명령장 발부 절차를 투명하게 관리\",\n        \"증인 출석 요구 구체적 명단 및 일정\": \"회의에서 배부된 자료를 기반으로 증인 및 참고인의 구체적인 명단과 출석 일정을 관리하며, 필요 시 일정 변경 및 철회 사항은 위원장과 간사에게 위임\",\n        \"특정 인물 관련 논의 사항\": \"강필구 과장과 관련된 논의 사항을 반영하여 출석 요구 및 절차 관리에 실무 활용성을 높임\"\n    }\n}\n```",
  "prd_output": "```json\n{\n    \"overview\": \"파싱된 프로젝트는 회의 내용을 기반으로 프로젝트를 관리하고 추적하는 것을 목표로 합니다. 이 프로젝트는 회의에서 논의된 사항을 체계적으로 정리하고, 이를 바탕으로 프로젝트를 효율적으로 관리할 수 있도록 돕습니다. 타겟 사용자는 회의 기반으로 프로젝트를 진행하는 팀이며, 이 프로젝트는 회의 내용을 자동으로 파싱하여 프로젝트 관리에 필요한 정보를 제공하는 가치를 제안합니다.\",\n    \"core_features\": \"주요 기능으로는 회의 내용 자동 파싱, 프로젝트 생성 및 관리, 진행 상황 추적, 알림 및 리마인더 기능이 포함됩니다. 회의 내용을 자동으로 파싱하여 프로젝트로 변환하는 기능은 사용자가 회의 후 별도의 작업 없이도 프로젝트를 시작할 수 있도록 돕습니다. 진행 상황 추적 기능은 프로젝트의 현재 상태를 시각적으로 보여주며, 알림 기능은 중요한 마일스톤을 놓치지 않도록 합니다.\",\n    \"user_experience\": \"사용자는 회의가 끝난 후 파싱된 내용을 검토하고, 필요에 따라 수정한 후 프로젝트로 변환할 수 있습니다. 주요 페르소나는 프로젝트 매니저와 팀원이며, 이들은 직관적인 UI를 통해 쉽게 프로젝트를 생성하고 관리할 수 있습니다. UI/UX는 사용자의 편의성을 최우선으로 고려하여 설계됩니다.\",\n    \"technical_architecture\": \"시스템은 클라이언트 애플리케이션, 서버, 데이터베이스로 구성됩니다. 데이터 모델은 회의 내용, 프로젝트 정보, 사용자 정보를 포함하며, API는 클라이언트와 서버 간의 데이터 전송을 담당합니다. 인프라는 클라우드 기반으로 구축되어 확장성과 안정성을 보장합니다.\",\n    \"development_roadmap\": \"MVP는 회의 내용 파싱 및 프로젝트 생성 기능을 포함하며, 이후 버전에서는 진행 상황 추적 및 알림 기능이 추가됩니다. 단계별로 기능을 확장하여 사용자 피드백을 반영한 지속적인 개선이 이루어질 예정입니다.\",\n    \"logical_dependency_chain\": \"개발 순서는 회의 내용 파싱 기능을 먼저 구현하고, 이후 프로젝트 생성 및 관리 기능을 개발합니다. 기초 기능이 완성된 후 진행 상황 추적 및 알림 기능을 추가하여 점진적으로 시스템을 완성합니다.\",\n    \"risks_and_mitigations\": \"기술적 도전으로는 자연어 처리의 정확도가 있으며, 이를 위해 최신 NLP 기술을 활용합니다. MVP 정의는 핵심 기능에 집중하여 빠르게 시장에 출시하는 것을 목표로 하며, 자원 제약사항은 클라우드 인프라를 통해 해결합니다.\",\n    \"appendix\": \"추가 정보로는 최신 NLP 연구 결과와 기술 사양이 포함됩니다. 이 자료들은 프로젝트의 기술적 기반을 강화하는 데 사용됩니다.\"\n}\n```",
  "quality_metrics": {
    "final_score": 6.0,
    "is_production_ready": true,
    "iterations_used": 3,
    "is_high_quality": false
  },
  "metadata": {
    "source_file": "../batch_triplet_results\\result_제22대국회 제418회(정기회) 제5차 과학기술정보방송통신위원회(전체회의) (2024.10.07.)\\05_final_result.json",
    "utterance_count": 50,
    "transcript_length": 2533,
    "speakers": [
      "위원장 최민희",
      "김현 위원",
      "최형두 위원"
    ],
    "dataset_type": "train",
    "processing_date": "2025-07-31T11:09:20.479961"
  }
}