{
  "id": "train_184",
  "source_dir": "result_Bmr015_processed",
  "notion_output": "```json\n{\n    \"project_name\": \"주파수 기반 자동 회의 전사 및 분석 시스템 개발\",\n    \"project_purpose\": \"주파수 분석을 통해 회의 전사 및 분석의 정확성을 높이고, 효율적인 정보 관리와 의사결정을 지원\",\n    \"project_period\": \"2024.01.01 ~ 2024.06.30\",\n    \"project_manager\": \"Speaker_C\",\n    \"core_objectives\": [\n        \"목표 1: 주파수 분석 기술을 활용하여 자동 전사 시스템의 정확도 향상\",\n        \"목표 2: 회의 데이터의 체계적 관리 및 주파수 기반 분석 기능 구현\",\n        \"목표 3: 사용자 친화적인 인터페이스 개발 및 주파수 분석 결과 시각화\"\n    ],\n    \"core_idea\": \"주파수 분석을 통해 회의 전사 및 분석의 정확성과 효율성을 극대화\",\n    \"idea_description\": \"회의 중 발생하는 모든 대화를 주파수 분석을 통해 자동으로 전사하고, 이를 분석하여 유의미한 정보를 추출하는 시스템을 개발합니다. 이를 통해 회의 후 별도의 전사 작업 없이도 필요한 정보를 즉시 활용할 수 있습니다.\",\n    \"execution_plan\": [\n        \"1단계: 요구사항 분석 및 시스템 설계 (2024.01.01 ~ 2024.02.15)\",\n        \"2단계: 주파수 분석 기반 자동 전사 및 분석 알고리즘 개발 (2024.02.16 ~ 2024.04.15)\",\n        \"3단계: 사용자 인터페이스 및 시스템 통합, 주파수 분석 결과 시각화 (2024.04.16 ~ 2024.05.31)\",\n        \"4단계: 시스템 테스트 및 최적화, 주파수 분석 정확도 검증 (2024.06.01 ~ 2024.06.30)\"\n    ],\n    \"expected_effects\": [\n        \"기대효과 1: 주파수 분석을 통한 회의 전사 및 분석의 정확도 향상\",\n        \"기대효과 2: 회의 데이터의 체계적인 관리로 인한 의사결정 지원 강화\",\n        \"기대효과 3: 사용자 친화적인 인터페이스와 주파수 분석 결과 시각화를 통한 사용 편의성 향상\"\n    ],\n    \"technical_discussions\": [\n        \"주파수 분석을 통한 순간 주파수 계산 및 고조파 분석\",\n        \"FFT 기반 주파수 분석 알고리즘의 적용 및 최적화\",\n        \"주파수 분석 결과의 시각화 및 사용자 인터페이스 통합\",\n        \"호흡 및 기타 비언어적 요소의 자동 감지 및 처리\",\n        \"고주파와 저주파의 스펙트럼 기울기 분석\"\n    ],\n    \"problem_solutions\": [\n        \"주파수 분석을 통해 중복 영역의 정확한 전사 및 분석\",\n        \"자동 감지 시스템의 정확도 향상을 위한 주파수 기반 알고리즘 개발\",\n        \"주파수 분석을 통한 스피커 구분 및 데이터베이스 구축\",\n        \"O와 0의 구분 문제 해결을 위한 명명 규칙 확립\"\n    ]\n}\n```",
  "prd_output": "```json\n{\n    \"overview\": \"파싱된 프로젝트는 회의 내용을 기반으로 프로젝트를 관리하는 시스템입니다. 이 프로젝트는 회의에서 논의된 내용을 효율적으로 파악하고 관리할 수 있는 도구를 제공하여, 프로젝트 관리의 효율성을 높이고자 합니다. 타겟 사용자는 프로젝트 매니저와 팀원들로, 이 시스템을 통해 회의 내용을 손쉽게 정리하고 추적할 수 있습니다. 가치 제안은 시간 절약과 정보의 명확한 전달입니다.\",\n    \"core_features\": \"주요 기능으로는 회의 내용 자동 파싱, 프로젝트 생성 및 관리, 알림 및 리마인더 기능이 포함됩니다. 회의 내용 자동 파싱은 음성 인식 기술을 활용하여 회의 내용을 텍스트로 변환하고, 이를 기반으로 프로젝트를 생성합니다. 프로젝트 생성 및 관리 기능은 사용자가 파싱된 데이터를 기반으로 프로젝트의 목표와 일정을 설정할 수 있도록 합니다. 알림 및 리마인더 기능은 사용자가 설정한 일정에 따라 중요한 일정을 놓치지 않도록 도와줍니다.\",\n    \"user_experience\": \"사용자 여정은 회의 참석 후 시스템에 접속하여 자동으로 파싱된 회의 내용을 확인하고, 이를 기반으로 프로젝트를 생성하는 흐름으로 구성됩니다. 페르소나는 프로젝트 매니저와 팀원으로, 이들은 직관적이고 사용하기 쉬운 UI를 통해 빠르게 정보를 확인하고 관리할 수 있습니다. 주요 플로우는 회의 내용 확인, 프로젝트 생성, 일정 설정 및 알림 설정입니다. UI/UX 고려사항으로는 간결한 디자인과 직관적인 네비게이션이 필요합니다.\",\n    \"technical_architecture\": \"시스템 구성요소는 음성 인식 모듈, 데이터 저장소, 사용자 인터페이스로 구성됩니다. 데이터 모델은 회의 내용, 프로젝트 정보, 사용자 정보 등을 포함하며, API는 음성 인식 결과를 처리하고 프로젝트 데이터를 관리하는 기능을 제공합니다. 인프라 요구사항으로는 안정적인 서버 환경과 데이터 보안이 필요합니다.\",\n    \"development_roadmap\": \"MVP 요구사항은 회의 내용 파싱 및 프로젝트 생성 기능을 포함합니다. 향후 개선사항으로는 다국어 지원, 고급 일정 관리 기능 등이 있으며, 단계별 개발 범위는 초기 MVP 개발, 사용자 피드백 수집, 기능 개선 및 확장입니다.\",\n    \"logical_dependency_chain\": \"개발 순서는 음성 인식 모듈 개발, 데이터 저장소 구축, 사용자 인터페이스 개발 순으로 진행됩니다. 기초 기능 우선순위는 회의 내용 파싱과 프로젝트 생성 기능이며, 점진적 개발 방식으로 초기 기능을 빠르게 출시하고 사용자 피드백을 반영하여 개선합니다.\",\n    \"risks_and_mitigations\": \"기술적 도전으로는 음성 인식 정확도 향상과 데이터 보안이 있으며, 이를 위해 최신 음성 인식 기술을 도입하고 보안 프로토콜을 강화합니다. MVP 정의는 기본적인 회의 내용 파싱 및 프로젝트 생성 기능으로, 자원 제약사항은 개발 인력과 시간입니다.\",\n    \"appendix\": \"추가 정보로는 음성 인식 기술 연구 결과와 관련 기술 사양이 포함됩니다. 참고 자료로는 유사 프로젝트 사례와 사용자 인터뷰 결과가 있습니다.\"\n}\n```",
  "quality_metrics": {
    "final_score": 6.0,
    "is_production_ready": true,
    "iterations_used": 3,
    "is_high_quality": false
  },
  "metadata": {
    "source_file": "../batch_triplet_results\\result_Bmr015_processed\\05_final_result.json",
    "utterance_count": 676,
    "transcript_length": 22957,
    "speakers": [
      "Speaker_F",
      "Speaker_A",
      "Speaker_G",
      "Speaker_B",
      "Speaker_E",
      "Speaker_D",
      "Speaker_C"
    ],
    "dataset_type": "train",
    "processing_date": "2025-07-31T14:36:10.416659"
  }
}