{
  "id": "train_117",
  "source_dir": "result_제22대국회 제418회(정기회) 제6차 과학기술정보방송통신위원회(정보통신방송법안심사소위원회) (2024.12.09.)",
  "notion_output": "```json\n{\n    \"project_name\": \"방송통신위원회 및 방송통신심의위원회 법률 개정 및 운영 개선 프로젝트\",\n    \"project_purpose\": \"방송통신위원회와 방송통신심의위원회의 법적 지위 및 운영 방식을 개정하여 방송의 독립성과 공정성을 강화하고, 정치적 갈등과 내란 사태에 대한 대응 방안을 마련하여 민주적 통제를 실현한다.\",\n    \"project_period\": \"2025.01.01 ~ 2025.03.31\",\n    \"project_manager\": \"김현 소위원장\",\n    \"core_objectives\": [\n        \"목표 1: 방송통신위원회의 법적 지위 및 운영 방식을 재정립하여 독립성을 강화한다.\",\n        \"목표 2: 방송통신심의위원회를 국가기관화하여 민주적 통제를 강화한다.\",\n        \"목표 3: 법률 개정을 통해 방송의 공정성과 중립성을 보장한다.\",\n        \"목표 4: 정치적 갈등과 내란 사태에 대한 대응 방안을 마련하여 법률 개정의 필요성을 강조한다.\",\n        \"목표 5: 회의에서 논의된 정치적 상황과 갈등을 반영하여 현실성을 높인다.\"\n    ],\n    \"core_idea\": \"방송통신위원회 및 방송통신심의위원회의 법적 지위와 운영 방식을 개정하여 방송의 독립성과 공정성을 강화하고, 정치적 갈등 상황을 반영하여 민주적 통제를 실현한다.\",\n    \"idea_description\": \"방송통신위원회의 설치 및 운영에 관한 법률을 개정하여 방송통신심의위원회를 국가기관으로 전환하고, 정치적 갈등과 내란 사태에 대한 대응 방안을 마련하여 법률적 근거를 강화한다. 이를 통해 방송의 공공성과 공익성을 강화하고, 민주적 통제를 실현한다.\",\n    \"execution_plan\": [\n        \"1단계: 법률 개정안 초안 작성 및 검토, 정치적 갈등과 내란 사태에 대한 분석 (2025.01.01 ~ 2025.01.31)\",\n        \"2단계: 관련 부처 및 이해관계자 의견 수렴, 정치적 갈등 상황에 대한 대응 방안 마련 (2025.02.01 ~ 2025.02.15)\",\n        \"3단계: 법률 개정안 수정 및 최종안 작성, 정치적 상황 반영 (2025.02.16 ~ 2025.02.28)\",\n        \"4단계: 국회 제출 및 심의, 정치적 갈등 해소를 위한 협의 (2025.03.01 ~ 2025.03.31)\"\n    ],\n    \"expected_effects\": [\n        \"기대효과 1: 방송의 독립성과 공정성이 강화되어 국민의 신뢰를 회복한다.\",\n        \"기대효과 2: 방송통신심의위원회의 국가기관화로 인해 민주적 통제가 강화된다.\",\n        \"기대효과 3: 법률 개정으로 인해 방송의 공공성과 공익성이 증대되어 사회적 책임이 강화된다.\",\n        \"기대효과 4: 정치적 갈등과 내란 사태에 대한 대응 방안 마련으로 법률 개정의 필요성을 강조하고, 사회적 안정성을 증대시킨다.\",\n        \"기대효과 5: 회의에서 논의된 정치적 상황과 갈등을 반영하여 현실성을 높이고, 법률 개정의 타당성을 강화한다.\"\n    ],\n    \"additional_notes\": [\n        \"회의에서 논의된 정치적 갈등과 내란 사태에 대한 구체적인 언급을 포함하여 법률 개정의 필요성을 명확히 한다.\",\n        \"방송통신위원회와 방송통신심의위원회의 현재 운영상의 문제점과 개선 필요성을 구체적으로 설명한다.\",\n        \"실행 계획에 대한 단계별 세부 사항을 보강하여 실무 활용성을 높인다.\"\n    ]\n}\n```",
  "prd_output": "```json\n{\n    \"overview\": \"파싱된 프로젝트는 회의 내용을 기반으로 프로젝트를 관리하는 도구입니다. 이 프로젝트는 회의에서 논의된 내용을 체계적으로 정리하고 추적할 수 있는 솔루션을 제공합니다. 타겟 사용자는 회의에서 도출된 작업 항목을 효과적으로 관리하고자 하는 팀과 조직입니다. 이 프로젝트는 회의의 효율성을 높이고, 후속 작업의 명확성을 제공하는 가치를 제안합니다.\",\n    \"core_features\": \"주요 기능으로는 회의 내용 자동 파싱, 작업 항목 생성 및 할당, 진행 상황 추적, 알림 및 리마인더 기능이 있습니다. 회의 내용 자동 파싱은 음성 인식 및 자연어 처리 기술을 사용하여 회의 중 논의된 주요 사항을 자동으로 텍스트로 변환하고, 이를 기반으로 작업 항목을 생성합니다. 작업 항목 생성 및 할당 기능은 팀원들에게 자동으로 작업을 배정하며, 진행 상황 추적 기능은 각 작업의 상태를 실시간으로 업데이트합니다. 알림 및 리마인더 기능은 작업 마감일을 사용자에게 알려줍니다.\",\n    \"user_experience\": \"사용자 경험 설계는 회의에 참석하는 팀원들이 주요 사용자로 설정됩니다. 사용자는 회의 종료 후 자동으로 생성된 작업 목록을 검토하고, 필요한 경우 수동으로 수정할 수 있습니다. 주요 플로우는 회의 시작, 회의 내용 파싱, 작업 항목 검토 및 수정, 작업 진행 상황 업데이트로 구성됩니다. UI/UX 고려사항으로는 직관적인 인터페이스와 모바일 접근성을 강조합니다.\",\n    \"technical_architecture\": \"기술 아키텍처는 클라우드 기반의 서버와 데이터베이스로 구성됩니다. 음성 인식 및 자연어 처리 API는 외부 서비스와의 통합을 통해 구현되며, 데이터 모델은 작업 항목, 사용자, 회의 기록 등의 엔티티로 구성됩니다. 인프라 요구사항으로는 안정적인 서버 운영과 데이터 보안이 포함됩니다.\",\n    \"development_roadmap\": \"개발 로드맵은 MVP 단계에서 회의 내용 파싱 및 작업 항목 생성 기능을 우선 구현하고, 이후 알림 및 리마인더 기능을 추가합니다. 향후 개선사항으로는 사용자 피드백 기반의 UI/UX 개선과 추가 기능 개발이 계획되어 있습니다.\",\n    \"logical_dependency_chain\": \"논리적 의존성 체인은 음성 인식 및 자연어 처리 기능의 구현을 최우선으로 하며, 이후 작업 항목 관리 기능을 개발합니다. 점진적 개발 방식으로 각 기능의 완성도를 높여갑니다.\",\n    \"risks_and_mitigations\": \"위험 요소로는 음성 인식의 정확도와 자연어 처리의 복잡성이 있으며, 이를 완화하기 위해 최신 기술을 지속적으로 연구하고 테스트합니다. MVP 정의는 핵심 기능의 안정적인 구현에 중점을 둡니다. 자원 제약사항으로는 개발 인력과 시간 관리가 있습니다.\",\n    \"appendix\": \"추가 정보로는 음성 인식 및 자연어 처리 기술에 대한 최신 연구 결과와 기술 사양이 포함됩니다.\"\n}\n```",
  "quality_metrics": {
    "final_score": 6.0,
    "is_production_ready": true,
    "iterations_used": 3,
    "is_high_quality": false
  },
  "metadata": {
    "source_file": "../batch_triplet_results\\result_제22대국회 제418회(정기회) 제6차 과학기술정보방송통신위원회(정보통신방송법안심사소위원회) (2024.12.09.)\\05_final_result.json",
    "utterance_count": 315,
    "transcript_length": 16446,
    "speakers": [
      "방송통신위원회부위원장 김태규",
      "방송통신위원회디지털유해정보대응과장 김우석",
      "소위원장 김현",
      "이훈기 위원",
      "박충권 위원",
      "노종면 위원",
      "방송통신위원회방송기반총괄과장 곽진희",
      "이정헌 위원",
      "한민수 위원",
      "방송통신위원회방송통신이용자정책국장 신영규",
      "이상휘 위원",
      "이해민 위원",
      "방송통신위원회방송기반국장 박동주",
      "신성범 위원",
      "수석전문위원 김건오"
    ],
    "dataset_type": "train",
    "processing_date": "2025-07-31T13:10:38.832034"
  }
}