{
  "id": "train_033",
  "source_dir": "result_IS1005a",
  "notion_output": "```json\n{\n    \"project_name\": \"혁신적 리모컨 디자인 프로젝트\",\n    \"project_purpose\": \"새로운 리모컨 디자인을 통해 사용자 경험을 개선하고 글로벌 시장에서 경쟁력을 확보\",\n    \"project_period\": \"2025.01.01 ~ 2025.03.31\",\n    \"project_manager\": \"Speaker_A\",\n    \"core_objectives\": [\n        \"목표 1: 사용자 인터페이스 개선을 통해 직관적인 리모컨 사용 경험 제공\",\n        \"목표 2: 전파를 이용한 리모컨 기술 개발로 사용 편의성 증대\",\n        \"목표 3: 마케팅 전략 수립을 통해 글로벌 시장 진출 및 매출 5천만 유로 달성\"\n    ],\n    \"core_idea\": \"사용자 중심의 혁신적 리모컨 디자인\",\n    \"idea_description\": \"전파를 이용한 리모컨 기술을 도입하여 사용자가 특정 방향으로 조정할 필요 없이 편리하게 사용할 수 있도록 하며, 직관적인 사용자 인터페이스를 통해 사용성을 극대화한다.\",\n    \"execution_plan\": [\n        \"단계 1: 사용자 인터페이스 디자인 연구 및 개발 (2025.01.01 ~ 2025.01.31)\",\n        \"단계 2: 전파 기반 리모컨 기술 개발 및 프로토타입 제작 (2025.02.01 ~ 2025.02.28)\",\n        \"단계 3: 마케팅 전략 수립 및 글로벌 시장 분석 (2025.03.01 ~ 2025.03.15)\",\n        \"단계 4: 최종 제품 테스트 및 출시 준비 (2025.03.16 ~ 2025.03.31)\"\n    ],\n    \"expected_effects\": [\n        \"기대효과 1: 사용자 인터페이스 개선으로 인한 사용자 만족도 증가\",\n        \"기대효과 2: 전파 기반 리모컨 기술 도입으로 인한 사용 편의성 향상\",\n        \"기대효과 3: 글로벌 시장 진출을 통한 매출 증대 및 브랜드 인지도 향상\"\n    ]\n}\n```",
  "prd_output": "```json\n{\n    \"overview\": \"파싱된 프로젝트는 회의 내용을 기반으로 프로젝트를 관리하고 실행하는 것을 목표로 합니다. 이 프로젝트는 회의에서 논의된 내용을 체계적으로 정리하고, 이를 바탕으로 프로젝트를 생성 및 관리하려는 사용자들을 대상으로 합니다. 이를 통해 사용자는 회의 결과를 효과적으로 활용하여 프로젝트의 효율성을 높일 수 있습니다.\",\n    \"core_features\": \"1. 회의 내용 파싱: 회의 내용을 자동으로 분석하여 주요 항목을 추출합니다. 2. 프로젝트 생성: 파싱된 내용을 바탕으로 프로젝트를 자동으로 생성합니다. 3. 목표 설정 및 추적: 사용자가 설정한 목표를 추적하고 진행 상황을 시각적으로 제공합니다.\",\n    \"user_experience\": \"사용자는 회의 내용을 입력하거나 업로드하면 시스템이 자동으로 내용을 분석하고 프로젝트를 생성합니다. 주요 페르소나는 프로젝트 매니저와 팀 리더로, 이들은 직관적인 UI를 통해 빠르게 프로젝트를 설정하고 관리할 수 있습니다.\",\n    \"technical_architecture\": \"시스템은 자연어 처리(NLP) 모듈을 사용하여 회의 내용을 분석합니다. 데이터는 클라우드 기반의 데이터베이스에 저장되며, API를 통해 프론트엔드와 통신합니다. 인프라는 AWS를 기반으로 하여 확장성과 안정성을 보장합니다.\",\n    \"development_roadmap\": \"MVP는 회의 내용 파싱 및 기본 프로젝트 생성 기능을 포함합니다. 이후 단계에서는 목표 추적 기능과 사용자 맞춤형 대시보드를 추가할 예정입니다.\",\n    \"logical_dependency_chain\": \"1. 회의 내용 파싱 기능 개발 2. 프로젝트 생성 기능 구현 3. 목표 설정 및 추적 기능 추가 4. 사용자 인터페이스 개선\",\n    \"risks_and_mitigations\": \"자연어 처리의 정확도가 낮을 수 있으며, 이를 위해 지속적인 모델 학습과 개선이 필요합니다. MVP는 기본 기능에 집중하여 빠르게 시장에 출시하고 사용자 피드백을 반영하여 개선할 계획입니다.\",\n    \"appendix\": \"이 프로젝트는 최신 NLP 기술을 활용하며, 관련 연구 결과와 기술 사양은 추가 문서로 제공됩니다.\"\n}\n```",
  "quality_metrics": {
    "final_score": 6.0,
    "is_production_ready": true,
    "iterations_used": 1,
    "is_high_quality": false
  },
  "metadata": {
    "source_file": "../batch_triplet_results\\result_IS1005a\\05_final_result.json",
    "utterance_count": 88,
    "transcript_length": 3051,
    "speakers": [
      "Speaker_B",
      "Speaker_D",
      "Speaker_C",
      "Speaker_A"
    ],
    "dataset_type": "train",
    "processing_date": "2025-07-31T11:27:26.771155"
  }
}