{
  "id": "train_103",
  "source_dir": "result_EN2005a",
  "notion_output": "```json\n{\n    \"project_name\": \"다자간 회의 담론 구조 및 상호작용 패턴 분석 프로젝트\",\n    \"project_purpose\": \"다자간 회의에서 발화 간의 관계와 담론 구조를 심층적으로 분석하여 상호작용 패턴을 이해하고 개선\",\n    \"project_period\": \"2025.01.01 ~ 2025.03.31\",\n    \"project_manager\": \"Speaker_A (이름: Jean)\",\n    \"core_objectives\": [\n        \"목표 1: 다자간 회의의 상호작용과 비대화적 영역을 구분하여 분석\",\n        \"목표 2: 회의 발화 간의 관계를 정의하고 담론 구조를 모델링\",\n        \"목표 3: 다양한 이론적 접근을 활용하여 자동 분석기를 개발하여 회의 데이터를 효율적으로 처리\"\n    ],\n    \"core_idea\": \"회의의 상호작용 패턴을 심층 분석하여 효율적인 의사소통과 의사결정을 지원\",\n    \"idea_description\": \"회의에서 발화 간의 관계를 분석하여 상호작용과 비대화적 영역을 구분하고, 이를 기반으로 다양한 이론적 접근을 활용하여 자동 분석기를 개발하여 회의 데이터를 효율적으로 처리할 수 있는 시스템을 구축\",\n    \"execution_plan\": [\n        \"1단계: 회의 데이터 수집 및 주석 작업 (2025.01.01 ~ 2025.01.31)\",\n        \"2단계: 상호작용 및 비대화적 영역 분석 (2025.02.01 ~ 2025.02.28)\",\n        \"3단계: 다양한 이론적 접근을 활용한 자동 분석기 개발 및 테스트 (2025.03.01 ~ 2025.03.31)\"\n    ],\n    \"expected_effects\": [\n        \"기대효과 1: 회의의 상호작용 패턴을 명확히 이해하여 의사소통 효율성 향상\",\n        \"기대효과 2: 자동화된 분석기를 통해 회의 데이터 처리 시간 단축\",\n        \"기대효과 3: 다자간 회의의 의사결정 과정 개선 및 생산성 향상\"\n    ],\n    \"theoretical_approaches\": [\n        \"RST (Rhetorical Structure Theory)와 같은 기존 이론의 활용\",\n        \"다자간 회의에서의 발화 관계 분석을 위한 새로운 이론적 프레임워크 개발\",\n        \"교환 구조 및 상호작용 패턴 분석을 위한 다양한 담론 분석 기법 적용\"\n    ],\n    \"data_sources_and_methods\": [\n        \"ICSI 및 AMI 데이터 세트 활용\",\n        \"자동 구문 분석 및 청크 분석을 통한 데이터 세분화\",\n        \"다양한 학습 기법을 사용하여 자동 분석기 부트스트랩\"\n    ]\n}\n```",
  "prd_output": "```json\n{\n    \"overview\": \"파싱된 프로젝트는 회의 내용을 기반으로 프로젝트를 관리하고 추적하는 도구입니다. 이 프로젝트는 회의에서 논의된 사항을 체계적으로 정리하고, 이를 바탕으로 프로젝트를 생성 및 관리할 수 있도록 지원합니다. 타겟 사용자는 프로젝트 매니저, 팀 리더, 그리고 회의 내용을 기반으로 작업을 계획해야 하는 모든 팀원들입니다. 이 도구는 회의 내용을 효율적으로 파악하고, 이를 기반으로 프로젝트를 체계적으로 관리할 수 있는 가치를 제공합니다.\",\n    \"core_features\": \"1. 회의 내용 자동 파싱: 회의 내용을 자동으로 파싱하여 프로젝트의 기초 데이터를 생성합니다. 2. 프로젝트 생성 및 관리: 파싱된 데이터를 바탕으로 프로젝트를 생성하고, 이를 관리할 수 있는 기능을 제공합니다. 3. 목표 설정 및 추적: 프로젝트의 핵심 목표를 설정하고, 목표 달성 여부를 추적할 수 있습니다. 4. 실행 계획 수립: 파싱된 데이터를 기반으로 실행 계획을 수립하고, 이를 시각적으로 관리할 수 있습니다.\",\n    \"user_experience\": \"사용자는 회의 내용을 입력하거나 업로드하여 프로젝트를 생성할 수 있습니다. 주요 페르소나는 프로젝트 매니저와 팀 리더로, 이들은 회의 내용을 바탕으로 프로젝트를 계획하고 관리합니다. 주요 플로우는 회의 내용 입력 → 데이터 파싱 → 프로젝트 생성 → 목표 및 실행 계획 설정 → 진행 상황 추적입니다. UI/UX는 직관적이고 사용자가 쉽게 접근할 수 있도록 설계되어야 합니다.\",\n    \"technical_architecture\": \"시스템은 클라이언트-서버 아키텍처로 구성됩니다. 데이터 모델은 회의 내용, 프로젝트, 목표, 실행 계획 등의 엔티티로 구성됩니다. API는 회의 내용 파싱, 프로젝트 생성 및 관리, 목표 설정 및 추적 기능을 지원합니다. 인프라는 클라우드 기반으로 확장성을 고려하여 설계됩니다.\",\n    \"development_roadmap\": \"MVP 요구사항은 회의 내용 파싱 및 프로젝트 생성 기능입니다. 향후 개선사항으로는 목표 추적 기능과 실행 계획 시각화 기능이 포함됩니다. 단계별 개발 범위는 초기 파싱 기능 개발, 프로젝트 생성 및 관리 기능 개발, 목표 및 실행 계획 기능 개발 순으로 진행됩니다.\",\n    \"logical_dependency_chain\": \"개발 순서는 회의 내용 파싱 기능을 먼저 개발하고, 이를 기반으로 프로젝트 생성 기능을 개발합니다. 이후 목표 설정 및 실행 계획 수립 기능을 점진적으로 추가합니다. 기초 기능은 파싱 및 프로젝트 생성 기능이며, 이를 바탕으로 다른 기능들이 개발됩니다.\",\n    \"risks_and_mitigations\": \"기술적 도전으로는 회의 내용의 정확한 파싱과 데이터 처리입니다. MVP는 파싱된 데이터를 기반으로 프로젝트를 생성하는 기능으로 정의됩니다. 자원 제약사항으로는 개발 인력과 시간입니다. 이를 완화하기 위해 초기 MVP에 집중하고, 사용자 피드백을 통해 점진적으로 개선합니다.\",\n    \"appendix\": \"추가 정보로는 회의 내용 파싱 알고리즘에 대한 연구 결과와 기술 사양이 포함됩니다. 또한, 유사 프로젝트 사례와 시장 조사 결과도 참고 자료로 포함됩니다.\"\n}\n```",
  "quality_metrics": {
    "final_score": 6.0,
    "is_production_ready": true,
    "iterations_used": 2,
    "is_high_quality": false
  },
  "metadata": {
    "source_file": "../batch_triplet_results\\result_EN2005a\\05_final_result.json",
    "utterance_count": 496,
    "transcript_length": 21634,
    "speakers": [
      "Speaker_A",
      "Speaker_B",
      "Speaker_D",
      "Speaker_C"
    ],
    "dataset_type": "train",
    "processing_date": "2025-07-31T12:52:01.425739"
  }
}