{
  "id": "train_137",
  "source_dir": "result_Bmr029_processed",
  "notion_output": "```json\n{\n    \"project_name\": \"고급 회의 데이터 자동 처리 및 화자 인식 시스템 개발\",\n    \"project_purpose\": \"회의 데이터의 자동화된 처리 및 분석을 통해 의사소통의 질을 향상시키고, 회의 운영의 효율성을 극대화하는 것\",\n    \"project_period\": \"2024.01.01 ~ 2024.06.30\",\n    \"project_manager\": \"데이브 (Dave)\",\n    \"core_objectives\": [\n        \"목표 1: 회의 데이터의 자동화된 세분화 및 분석 시스템 개발\",\n        \"목표 2: 원거리 및 근거리 마이크 데이터를 활용한 정확한 화자 인식 기능 구현\",\n        \"목표 3: 회의 데이터의 중복 제거 및 효율적인 저장 시스템 구축\",\n        \"목표 4: 다양한 마이크 환경에서의 데이터 처리 및 성능 최적화\"\n    ],\n    \"core_idea\": \"회의 데이터를 자동으로 처리하여 화자 인식 및 분석을 통해 회의의 효율성을 극대화\",\n    \"idea_description\": \"다양한 마이크 데이터를 활용하여 회의 데이터를 자동으로 세분화하고, 화자 인식 및 분석을 통해 회의 내용을 효율적으로 관리할 수 있는 시스템을 개발한다. 이를 통해 회의의 질을 높이고, 데이터 저장 및 처리의 효율성을 극대화한다.\",\n    \"execution_plan\": [\n        {\n            \"phase\": \"1단계\",\n            \"description\": \"요구사항 분석 및 시스템 설계\",\n            \"period\": \"2024.01.01 ~ 2024.02.15\",\n            \"details\": [\n                \"회의록에서 논의된 데이터 처리 방법 및 기술적 세부사항을 분석\",\n                \"화자 인식 알고리즘의 세부 구현 계획 수립\"\n            ]\n        },\n        {\n            \"phase\": \"2단계\",\n            \"description\": \"데이터 세분화 및 화자 인식 알고리즘 개발\",\n            \"period\": \"2024.02.16 ~ 2024.04.30\",\n            \"details\": [\n                \"슬라이딩 윈도우 기법을 사용하여 실시간 데이터 평균 계산 및 중복 제거\",\n                \"원거리 및 근거리 마이크 데이터를 통합하여 화자 식별 정확도 향상\"\n            ]\n        },\n        {\n            \"phase\": \"3단계\",\n            \"description\": \"시스템 통합 및 테스트\",\n            \"period\": \"2024.05.01 ~ 2024.05.31\",\n            \"details\": [\n                \"자동화된 세분화 및 분석 시스템의 통합\",\n                \"다양한 마이크 환경에서의 성능 테스트 및 최적화\"\n            ]\n        },\n        {\n            \"phase\": \"4단계\",\n            \"description\": \"시스템 최적화 및 최종 검토\",\n            \"period\": \"2024.06.01 ~ 2024.06.30\",\n            \"details\": [\n                \"최종 시스템 성능 검토 및 개선\",\n                \"프로젝트 결과 보고서 작성 및 제출\"\n            ]\n        }\n    ],\n    \"technical_details\": [\n        \"데이터 세분화: 회의 기록에서 중복되지 않는 부분을 식별하고 자동으로 세분화\",\n        \"화자 인식: 원거리 및 근거리 마이크 데이터를 통합하여 화자 식별 정확도를 높임\",\n        \"데이터 처리: 슬라이딩 윈도우 기법을 사용하여 실시간으로 데이터 평균을 계산하고 중복을 제거\",\n        \"성능 최적화: 다양한 마이크 환경에서의 성능을 테스트하고 최적화\"\n    ],\n    \"expected_effects\": [\n        \"기대효과 1: 회의 데이터 처리 시간 50% 감소\",\n        \"기대효과 2: 화자 인식 정확도 95% 이상 달성\",\n        \"기대효과 3: 데이터 저장 공간 효율성 30% 향상\",\n        \"기대효과 4: 다양한 마이크 환경에서의 안정적인 성능 유지\"\n    ]\n}\n```",
  "prd_output": "```json\n{\n    \"overview\": \"파싱된 프로젝트는 회의 내용을 기반으로 프로젝트를 관리하고 실행할 수 있는 플랫폼입니다. 이 프로젝트는 회의에서 논의된 내용을 체계적으로 정리하고, 이를 바탕으로 프로젝트를 계획하고 실행하는 데 어려움을 겪는 사용자들을 대상으로 합니다. 주요 가치 제안은 회의 내용을 자동으로 파싱하여 프로젝트 계획에 반영함으로써 사용자들이 보다 효율적으로 프로젝트를 관리할 수 있도록 돕는 것입니다.\",\n    \"core_features\": \"1. 회의 내용 자동 파싱: 회의 내용을 자동으로 분석하고, 프로젝트 계획에 필요한 정보를 추출합니다. 2. 프로젝트 계획 생성: 파싱된 정보를 바탕으로 자동으로 프로젝트 계획을 생성합니다. 3. 실시간 업데이트: 회의 내용이 변경될 경우, 프로젝트 계획도 자동으로 업데이트됩니다.\",\n    \"user_experience\": \"사용자는 회의 내용을 입력하거나 업로드하면, 시스템이 이를 분석하여 프로젝트 계획을 제안합니다. 주요 페르소나는 프로젝트 매니저와 팀 리더로, 이들은 직관적인 UI를 통해 쉽게 프로젝트 계획을 검토하고 수정할 수 있습니다. UI/UX는 간단하고 명료하게 설계되어, 사용자가 최소한의 클릭으로 최대한의 정보를 얻을 수 있도록 합니다.\",\n    \"technical_architecture\": \"시스템은 클라우드 기반으로 구축되며, 데이터 모델은 회의 내용과 프로젝트 계획 간의 관계를 효율적으로 관리할 수 있도록 설계됩니다. API는 외부 회의 관리 시스템과의 연동을 지원하며, 인프라는 확장성을 고려하여 설계됩니다.\",\n    \"development_roadmap\": \"MVP는 회의 내용 파싱 및 기본적인 프로젝트 계획 생성 기능을 포함합니다. 이후 단계에서는 사용자 피드백을 반영하여 기능을 개선하고, 다양한 회의 관리 시스템과의 연동을 추가할 예정입니다.\",\n    \"logical_dependency_chain\": \"개발은 회의 내용 파싱 기능을 우선적으로 구현하고, 이후 프로젝트 계획 생성 및 업데이트 기능을 개발합니다. 초기에는 핵심 기능에 집중하고, 이후 점진적으로 부가 기능을 추가합니다.\",\n    \"risks_and_mitigations\": \"기술적 도전으로는 자연어 처리의 정확도 향상과 데이터 보안이 있으며, MVP는 최소 기능 세트를 정의하여 빠르게 시장에 출시할 계획입니다. 자원 제약사항은 클라우드 인프라 비용과 개발 인력의 확보입니다.\",\n    \"appendix\": \"추가 정보로는 자연어 처리 기술에 대한 연구 결과와 클라우드 인프라 사양이 포함됩니다.\"\n}\n```",
  "quality_metrics": {
    "final_score": 6.0,
    "is_production_ready": true,
    "iterations_used": 3,
    "is_high_quality": false
  },
  "metadata": {
    "source_file": "../batch_triplet_results\\result_Bmr029_processed\\05_final_result.json",
    "utterance_count": 519,
    "transcript_length": 17727,
    "speakers": [
      "Speaker_A",
      "Speaker_B",
      "Speaker_E",
      "Speaker_D",
      "Speaker_C"
    ],
    "dataset_type": "train",
    "processing_date": "2025-07-31T13:31:18.400499"
  }
}