{
  "id": "train_055",
  "source_dir": "result_Bro010_processed",
  "notion_output": "```json\n{\n    \"project_name\": \"고성능 저지연 음성 인식 시스템 개발\",\n    \"project_purpose\": \"다양한 필터링 기술과 신경망, PCA를 활용하여 음성 인식 시스템의 지연 시간을 최소화하고 정확도를 극대화하여 사용자 경험을 향상시킵니다.\",\n    \"project_period\": \"2024.01.01 ~ 2024.06.30\",\n    \"project_manager\": \"Speaker_F\",\n    \"core_objectives\": [\n        \"목표 1: 음성 인식 시스템의 지연 시간을 40~50밀리초로 줄이기\",\n        \"목표 2: 신경망, PCA 및 다양한 필터링 기술을 활용한 데이터 처리 정확도 향상\",\n        \"목표 3: 멀티밴드 및 다양한 필터링 접근 방식을 통한 음성 인식 성능 최적화\"\n    ],\n    \"core_idea\": \"저지연 고정확도 음성 인식 시스템\",\n    \"idea_description\": \"신경망, PCA 및 다양한 필터링 기술을 활용하여 데이터 처리 속도를 높이고, 멀티밴드 접근 방식을 통해 다양한 주파수 대역에서의 인식 성능을 최적화합니다.\",\n    \"execution_plan\": [\n        \"1단계: 시스템 설계 및 초기 프로토타입 개발 (2024.01.01 ~ 2024.02.28)\",\n        \"2단계: 신경망, PCA 및 다양한 필터링 기술 기반 데이터 처리 모듈 개발 (2024.03.01 ~ 2024.04.15)\",\n        \"3단계: 멀티밴드 및 다양한 필터링 접근 방식 적용 및 성능 테스트 (2024.04.16 ~ 2024.05.31)\",\n        \"4단계: 최종 시스템 통합 및 검증 (2024.06.01 ~ 2024.06.30)\"\n    ],\n    \"expected_effects\": [\n        \"기대효과 1: 음성 인식 시스템의 지연 시간이 50밀리초 이하로 감소하여 사용자 경험 개선\",\n        \"기대효과 2: 신경망, PCA 및 다양한 필터링 기술을 활용한 데이터 처리로 인식 정확도 15% 이상 향상\",\n        \"기대효과 3: 멀티밴드 및 다양한 필터링 접근 방식을 통해 다양한 환경에서의 음성 인식 성능 최적화\"\n    ],\n    \"technical_details\": {\n        \"filtering_techniques\": [\n            \"25Hz 저역통과 필터 적용\",\n            \"FIR 및 IIR 필터의 주파수 응답 최적화\",\n            \"스펙트럼 뺄셈을 통한 잡음 제거\",\n            \"다운샘플링과 필터링을 결합한 고급 데이터 처리\"\n        ],\n        \"neural_network_and_pca\": [\n            \"신경망과 PCA를 통한 데이터 처리 최적화\",\n            \"신경망의 지연 시간 감소를 위한 다중 프레임 KLT 적용\",\n            \"신경망을 활용한 비선형 및 판별적 데이터 처리\"\n        ],\n        \"additional_approaches\": [\n            \"침묵 감지기를 이용한 발언의 끝 탐지\",\n            \"멀티밴드 접근 방식으로 다양한 주파수 대역 최적화\",\n            \"히스토그램 기반 신호 대 잡음비 결정 및 가우시안 혼합 모델 적용\"\n        ]\n    },\n    \"resources_required\": [\n        \"고성능 컴퓨팅 자원\",\n        \"전문가 인력: 신경망 및 필터링 기술 전문가\",\n        \"데이터셋: 다양한 환경에서의 음성 데이터\"\n    ]\n}\n```",
  "prd_output": "```json\n{\n    \"overview\": \"파싱된 프로젝트는 회의 내용을 기반으로 프로젝트를 관리하는 시스템입니다. 이 프로젝트는 회의에서 논의된 내용을 자동으로 파싱하여 프로젝트의 핵심 목표와 실행 계획을 도출합니다. 타겟 사용자는 프로젝트 관리자와 팀원들로, 이 시스템을 통해 회의 후속 작업을 효율적으로 관리할 수 있습니다. 가치 제안은 회의 후속 작업의 자동화 및 효율성 증대입니다.\",\n    \"core_features\": \"1. 회의 내용 파싱: 회의 기록을 자동으로 분석하여 주요 내용을 추출합니다. 2. 목표 및 계획 도출: 파싱된 내용을 기반으로 프로젝트의 목표와 실행 계획을 자동으로 생성합니다. 3. 실시간 업데이트: 회의 중 실시간으로 내용을 파싱하고 업데이트합니다.\",\n    \"user_experience\": \"사용자는 회의가 끝난 후 시스템에 회의 기록을 업로드합니다. 시스템은 자동으로 내용을 파싱하여 프로젝트 목표와 실행 계획을 생성합니다. 주요 페르소나는 프로젝트 관리자이며, 주요 플로우는 회의 기록 업로드, 파싱 결과 확인, 목표 및 계획 수정입니다. UI/UX는 직관적이고 사용하기 쉬운 인터페이스를 제공합니다.\",\n    \"technical_architecture\": \"시스템은 클라우드 기반의 서버에서 동작하며, 데이터 모델은 회의 기록, 목표, 계획 등의 엔티티로 구성됩니다. API는 회의 기록 업로드 및 파싱 결과 조회 기능을 제공합니다. 인프라 요구사항은 안정적인 클라우드 서버와 데이터 저장소입니다.\",\n    \"development_roadmap\": \"MVP 요구사항은 회의 기록 파싱 및 목표/계획 도출 기능입니다. 향후 개선사항으로는 다국어 지원 및 AI 기반의 파싱 정확도 향상이 있습니다. 단계별 개발 범위는 초기 MVP 개발, 사용자 피드백 수집, 기능 개선입니다.\",\n    \"logical_dependency_chain\": \"개발 순서는 회의 기록 파싱 기능을 우선 개발하고, 이후 목표 및 계획 도출 기능을 추가합니다. 기초 기능 우선순위는 파싱 정확도 향상이며, 점진적으로 기능을 확장합니다.\",\n    \"risks_and_mitigations\": \"기술적 도전은 자연어 처리의 정확도와 성능입니다. MVP 정의는 최소한의 파싱 기능과 목표/계획 도출 기능입니다. 자원 제약사항은 개발 인력과 클라우드 비용입니다.\",\n    \"appendix\": \"추가 정보로는 자연어 처리 기술 연구 결과와 관련 기술 사양이 포함됩니다.\"\n}\n```",
  "quality_metrics": {
    "final_score": 6.0,
    "is_production_ready": true,
    "iterations_used": 3,
    "is_high_quality": false
  },
  "metadata": {
    "source_file": "../batch_triplet_results\\result_Bro010_processed\\05_final_result.json",
    "utterance_count": 489,
    "transcript_length": 16848,
    "speakers": [
      "Speaker_F",
      "Speaker_A",
      "Speaker_B",
      "Speaker_E",
      "Speaker_D",
      "Speaker_C"
    ],
    "dataset_type": "train",
    "processing_date": "2025-07-31T11:53:28.129435"
  }
}