{
  "id": "train_249",
  "source_dir": "result_Bro013_processed",
  "notion_output": "```json\n{\n    \"project_name\": \"노이즈 저항성 음성 인식 시스템 최적화\",\n    \"project_purpose\": \"SRI 시스템과 기타 음성 인식 시스템의 성능을 비교하여 최적의 음성 인식 모델을 개발하고, 멜 필터와 VAD 시스템의 최적화를 통해 노이즈 저항성을 강화하며, TI 데이터베이스의 효율적 활용을 극대화한다.\",\n    \"project_period\": \"2024.01.01 ~ 2024.06.30\",\n    \"project_manager\": \"Speaker_C\",\n    \"core_objectives\": [\n        \"목표 1: SRI 시스템과 기타 시스템의 구체적인 성능 비교 및 개선을 통해 최적의 음성 인식 모델 개발\",\n        \"목표 2: 멜 필터와 VAD 시스템의 최적화 방법을 구체적으로 연구하여 노이즈 저항성 강화\",\n        \"목표 3: TI 데이터베이스의 효율적 활용을 통해 오류율 감소 및 성능 향상\"\n    ],\n    \"core_idea\": \"대량의 음성 데이터를 활용하여 멜 필터와 VAD 시스템을 최적화하고, 이를 통해 노이즈에 강한 음성 인식 시스템을 개발하며, 데이터베이스 활용을 극대화한다.\",\n    \"idea_description\": \"현재 음성 인식 시스템은 대량의 데이터를 필요로 하며, 멜 필터와 VAD 시스템을 통해 노이즈 환경에서도 높은 인식률을 유지할 수 있다. 이 프로젝트는 SRI 시스템과 기타 시스템의 성능을 비교하여 최적의 모델을 개발하고, 데이터베이스 활용을 극대화하여 상업적 활용 가능성을 높인다.\",\n    \"execution_plan\": [\n        {\n            \"단계\": \"1단계\",\n            \"내용\": \"현재 시스템 분석 및 SRI 시스템과 기타 시스템의 성능 비교\",\n            \"기간\": \"2024.01.01 ~ 2024.02.15\",\n            \"세부사항\": \"회의에서 논의된 SRI 시스템의 3% 성능과 기타 시스템의 0.4% 성능 비교를 통해 최적화 방향 설정\"\n        },\n        {\n            \"단계\": \"2단계\",\n            \"내용\": \"멜 필터 및 VAD 시스템의 구체적인 최적화 방법 연구 및 적용\",\n            \"기간\": \"2024.02.16 ~ 2024.04.15\",\n            \"세부사항\": \"회의에서 언급된 멜 필터의 수정 및 VAD 시스템의 숨겨진 유닛 최적화 방법 적용\"\n        },\n        {\n            \"단계\": \"3단계\",\n            \"내용\": \"TI 데이터베이스를 활용한 최적화된 시스템 테스트 및 성능 평가\",\n            \"기간\": \"2024.04.16 ~ 2024.05.31\",\n            \"세부사항\": \"TI 데이터베이스의 8% 활용을 통해 시스템의 오류율 감소 및 성능 평가\"\n        },\n        {\n            \"단계\": \"4단계\",\n            \"내용\": \"상업적 활용을 위한 시스템 개선 및 보고서 작성\",\n            \"기간\": \"2024.06.01 ~ 2024.06.30\",\n            \"세부사항\": \"최적화된 시스템의 상업적 활용 가능성 평가 및 최종 보고서 작성\"\n        }\n    ],\n    \"expected_effects\": [\n        \"기대효과 1: 노이즈 환경에서도 높은 음성 인식률을 유지하여 상업적 활용 가능성 증대\",\n        \"기대효과 2: 데이터베이스 활용 최적화를 통한 시스템 오류율 감소\",\n        \"기대효과 3: 음성 인식 기술의 발전을 통한 시장 경쟁력 강화\"\n    ]\n}\n```",
  "prd_output": "```json\n{\n    \"overview\": \"파싱된 프로젝트는 회의 내용을 기반으로 프로젝트를 생성하는 도구입니다. 이 도구는 회의 중 논의된 내용을 체계적으로 정리하고, 이를 바탕으로 프로젝트를 자동으로 생성하여 사용자의 업무 효율성을 높이는 것을 목표로 합니다. 타겟 사용자는 주로 프로젝트 매니저, 팀 리더 및 회의 주최자이며, 이들에게 회의 후속 작업의 부담을 줄여주는 가치를 제공합니다.\",\n    \"core_features\": \"1. 회의 내용 파싱: 회의 중 녹음된 오디오 또는 텍스트를 파싱하여 주요 내용을 추출합니다.\\n2. 자동 프로젝트 생성: 파싱된 내용을 바탕으로 프로젝트의 목표, 실행 계획, 핵심 아이디어 등을 자동으로 생성합니다.\\n3. 사용자 맞춤형 템플릿: 다양한 프로젝트 템플릿을 제공하여 사용자가 필요에 맞게 선택할 수 있습니다.\",\n    \"user_experience\": \"사용자는 회의가 끝난 후, 녹음 파일이나 텍스트를 업로드합니다. 시스템은 이를 파싱하여 프로젝트를 생성하고, 사용자는 생성된 프로젝트를 검토 및 수정할 수 있습니다. 주요 페르소나는 프로젝트 매니저이며, UI/UX는 직관적이고 사용하기 쉽게 설계되어야 합니다.\",\n    \"technical_architecture\": \"시스템은 클라우드 기반의 서비스로, 오디오 및 텍스트 파싱을 위한 머신러닝 모델을 포함합니다. 데이터 모델은 프로젝트의 목표, 계획, 아이디어 등을 저장할 수 있도록 설계됩니다. API는 외부 서비스와의 통합을 지원하며, 인프라는 AWS를 기반으로 구축됩니다.\",\n    \"development_roadmap\": \"MVP는 기본적인 회의 내용 파싱 및 프로젝트 생성 기능을 포함합니다. 이후 단계에서는 사용자 피드백을 반영하여 템플릿 다양화 및 AI 기반 추천 기능을 추가할 계획입니다.\",\n    \"logical_dependency_chain\": \"1. 회의 내용 파싱 기능 개발\\n2. 프로젝트 생성 알고리즘 구현\\n3. 사용자 인터페이스 설계 및 개발\\n4. 템플릿 기능 추가\\n5. AI 추천 기능 개발\",\n    \"risks_and_mitigations\": \"기술적 도전은 음성 인식 및 자연어 처리의 정확도입니다. 이를 위해 최신 머신러닝 모델을 도입하고, 지속적인 학습을 통해 성능을 개선할 계획입니다. MVP는 핵심 기능에 집중하여 개발 기간을 단축하고, 자원 제약사항을 고려하여 클라우드 서비스를 활용합니다.\",\n    \"appendix\": \"추가 정보로는 사용된 머신러닝 모델의 사양, 데이터 수집 및 처리 방법, 그리고 사용자 피드백 기반의 개선사항 등이 포함됩니다.\"\n}\n```",
  "quality_metrics": {
    "final_score": 6.0,
    "is_production_ready": true,
    "iterations_used": 3,
    "is_high_quality": false
  },
  "metadata": {
    "source_file": "../batch_triplet_results\\result_Bro013_processed\\05_final_result.json",
    "utterance_count": 296,
    "transcript_length": 8747,
    "speakers": [
      "Speaker_A",
      "Speaker_B",
      "Speaker_E",
      "Speaker_D",
      "Speaker_C"
    ],
    "dataset_type": "train",
    "processing_date": "2025-07-31T15:47:24.891087"
  }
}