{
  "id": "train_073",
  "source_dir": "result_IS1007d",
  "notion_output": "```json\n{\n    \"project_name\": \"모듈형 리모컨 개발 프로젝트\",\n    \"project_purpose\": \"사용자 맞춤형 리모컨을 통해 다양한 사용자 요구를 충족하고 시장 경쟁력을 강화\",\n    \"project_period\": \"2025.01.01 ~ 2025.03.31\",\n    \"project_manager\": \"프로젝트 매니저 (회의에서 언급된 경우 없음)\",\n    \"core_objectives\": [\n        \"목표 1: LCD가 포함된 버전과 포함되지 않은 버전의 리모컨 개발\",\n        \"목표 2: 모듈형 설계를 통해 사용자 맞춤형 기능 제공\",\n        \"목표 3: 생산 비용 절감을 통해 경쟁력 있는 가격 책정\"\n    ],\n    \"core_idea\": \"모듈형 리모컨 설계\",\n    \"idea_description\": \"리모컨을 LCD가 있는 버전과 없는 버전으로 나누어 개발하고, 모듈형 설계를 통해 사용자가 원하는 기능을 선택적으로 추가할 수 있도록 함. 이를 통해 다양한 사용자 요구를 충족시키고, 생산 비용을 절감하여 시장 경쟁력을 강화.\",\n    \"execution_plan\": \"1단계: 시장 조사 및 요구 분석 (2025.01.01 ~ 2025.01.15)\\n2단계: 프로토타입 설계 및 개발 (2025.01.16 ~ 2025.02.15)\\n3단계: 사용자 테스트 및 피드백 수집 (2025.02.16 ~ 2025.02.28)\\n4단계: 최종 제품 개발 및 출시 준비 (2025.03.01 ~ 2025.03.31)\",\n    \"expected_effects\": [\n        \"기대효과 1: 다양한 사용자 요구를 충족시켜 고객 만족도 향상\",\n        \"기대효과 2: 생산 비용 절감을 통해 가격 경쟁력 확보\",\n        \"기대효과 3: 모듈형 설계를 통한 추가 매출 기회 창출\"\n    ]\n}\n```",
  "prd_output": "```json\n{\n    \"overview\": \"파싱된 프로젝트는 회의 내용을 기반으로 프로젝트를 생성하고 관리하는 것을 목표로 합니다. 이 프로젝트는 회의에서 논의된 사항을 체계적으로 정리하여 프로젝트로 전환하는 데 어려움을 겪는 사용자들을 대상으로 합니다. 이를 통해 사용자는 회의 후 즉시 프로젝트를 시작할 수 있으며, 효율적인 작업 관리가 가능합니다.\",\n    \"core_features\": \"1. 회의 내용 자동 파싱: 회의에서 논의된 내용을 자동으로 파싱하여 프로젝트의 기본 구조를 생성합니다. 2. 프로젝트 생성 및 관리: 파싱된 내용을 기반으로 프로젝트를 생성하고, 이를 관리할 수 있는 기능을 제공합니다. 3. 실시간 협업: 팀원들이 실시간으로 프로젝트에 참여하고 업데이트할 수 있는 협업 기능을 지원합니다.\",\n    \"user_experience\": \"사용자는 회의가 끝난 후, 파싱된 프로젝트 시스템에 회의 내용을 업로드합니다. 시스템은 자동으로 내용을 분석하고 프로젝트를 생성합니다. 사용자는 생성된 프로젝트를 검토하고 필요한 수정을 한 후, 팀원들과 공유하여 협업을 시작합니다. 주요 페르소나는 프로젝트 매니저와 팀원들입니다.\",\n    \"technical_architecture\": \"시스템은 클라이언트-서버 구조로 설계되며, 데이터베이스는 회의 내용과 프로젝트 정보를 저장합니다. API는 클라이언트와 서버 간의 데이터 전송을 담당하며, 인프라는 클라우드 기반으로 확장성을 고려하여 설계됩니다.\",\n    \"development_roadmap\": \"MVP 단계에서는 회의 내용 파싱 및 기본적인 프로젝트 생성 기능을 구현합니다. 이후 단계에서는 실시간 협업 기능과 사용자 인터페이스 개선을 포함한 추가 기능을 개발할 예정입니다.\",\n    \"logical_dependency_chain\": \"1. 회의 내용 파싱 기능 개발 2. 프로젝트 생성 기능 구현 3. 사용자 인터페이스 개발 4. 실시간 협업 기능 추가 5. 성능 최적화 및 버그 수정\",\n    \"risks_and_mitigations\": \"기술적 도전으로는 자연어 처리 기술의 정확도 향상이 필요하며, 이를 위해 지속적인 알고리즘 개선이 필요합니다. MVP 정의는 기본적인 파싱 및 프로젝트 생성 기능으로 설정하며, 자원 제약사항으로는 개발 인력과 시간 관리가 있습니다.\",\n    \"appendix\": \"추가 정보로는 자연어 처리 기술에 대한 연구 자료와 프로젝트 관리 도구에 대한 기술 사양이 포함됩니다.\"\n}\n```",
  "quality_metrics": {
    "final_score": 6.0,
    "is_production_ready": true,
    "iterations_used": 1,
    "is_high_quality": false
  },
  "metadata": {
    "source_file": "../batch_triplet_results\\result_IS1007d\\05_final_result.json",
    "utterance_count": 262,
    "transcript_length": 9249,
    "speakers": [
      "Speaker_B",
      "Speaker_D",
      "Speaker_C",
      "Speaker_A"
    ],
    "dataset_type": "train",
    "processing_date": "2025-07-31T12:15:13.394652"
  }
}