{
  "id": "train_174",
  "source_dir": "result_제22대국회 제426회(임시회) 제2차 여성가족위원회(전체회의) (2025.07.04.)",
  "notion_output": "```json\n{\n    \"project_name\": \"여성가족부장관 후보자 인사청문회 준비 프로젝트\",\n    \"project_purpose\": \"여성가족부장관 후보자에 대한 인사청문회를 원활하고 효과적으로 진행하기 위한 준비 및 실행\",\n    \"project_period\": \"2025.06.30 ~ 2025.07.14\",\n    \"project_manager\": \"이인선 위원장\",\n    \"core_objectives\": [\n        \"목표 1: 여성가족부장관 후보자 인사청문회 실시계획서 채택\",\n        \"목표 2: 인사청문회 관련 자료제출 요구 및 증인 출석요구의 건 처리\",\n        \"목표 3: 인사청문회가 효율적으로 진행될 수 있도록 사전 준비 및 협의\"\n    ],\n    \"core_idea\": \"여성가족부장관 후보자에 대한 인사청문회를 통해 후보자의 적합성을 검증하고 국민에게 투명한 정보를 제공\",\n    \"idea_description\": \"인사청문회는 공직후보자의 자질과 적합성을 검증하는 중요한 절차로, 철저한 준비와 협의를 통해 후보자에 대한 명확한 평가를 제공하고자 함\",\n    \"execution_plan\": \"1. 6월 30일: 인사청문요청안 상정 및 인사청문회 실시계획서 채택\\n2. 7월 1일 ~ 7월 8일: 자료제출 요구 및 증인 출석요구 처리\\n3. 7월 9일: 서면질의서 제출 마감\\n4. 7월 12일: 구두질의 요지서 제출 마감\\n5. 7월 14일: 인사청문회 개최 및 진행\",\n    \"expected_effects\": [\n        \"기대효과 1: 여성가족부장관 후보자의 자질 및 적합성에 대한 명확한 검증\",\n        \"기대효과 2: 국민에게 투명한 정보 제공 및 신뢰도 증진\",\n        \"기대효과 3: 여성가족부장관 공석 문제 해결을 통한 부처 운영 안정화\"\n    ]\n}\n```",
  "prd_output": "```json\n{\n    \"overview\": \"파싱된 프로젝트는 회의 내용을 기반으로 프로젝트를 생성하고 관리하는 시스템입니다. 이 프로젝트는 회의에서 논의된 내용을 자동으로 파싱하여 프로젝트로 전환함으로써 사용자들이 회의 후의 작업을 효율적으로 관리할 수 있도록 돕습니다. 주 타겟 사용자는 회의를 자주 하는 팀 및 조직으로, 이 시스템을 통해 회의 후의 작업 흐름을 간소화하고, 프로젝트 관리의 효율성을 높일 수 있습니다.\",\n    \"core_features\": \"1. 회의 내용 파싱: 회의 내용을 자동으로 텍스트로 변환하고, 주요 항목을 추출하여 프로젝트로 전환합니다. 2. 프로젝트 생성: 파싱된 내용을 기반으로 프로젝트를 자동 생성하고, 할당된 작업을 팀원들에게 배정합니다. 3. 실시간 업데이트: 회의 중에 변경된 내용을 실시간으로 반영하여 프로젝트에 업데이트합니다.\",\n    \"user_experience\": \"사용자는 회의가 끝난 후 시스템에 회의 내용을 업로드하거나 실시간으로 입력할 수 있습니다. 시스템은 자동으로 내용을 파싱하여 프로젝트를 생성하고, 사용자에게 알림을 통해 주요 작업을 할당합니다. 주요 페르소나는 프로젝트 매니저와 팀원들로, 직관적인 UI를 통해 쉽게 프로젝트 상태를 확인하고 업데이트할 수 있습니다.\",\n    \"technical_architecture\": \"시스템은 클라우드 기반으로 설계되며, 주요 구성 요소로는 텍스트 파싱 엔진, 프로젝트 관리 모듈, 사용자 인터페이스가 포함됩니다. 데이터 모델은 회의 내용, 프로젝트, 작업 항목을 중심으로 설계되며, RESTful API를 통해 외부 시스템과의 통합을 지원합니다.\",\n    \"development_roadmap\": \"MVP 단계에서는 회의 내용 파싱 및 기본적인 프로젝트 생성 기능을 구현합니다. 이후 단계에서는 사용자 피드백을 반영하여 실시간 업데이트 기능과 고급 프로젝트 관리 기능을 추가할 예정입니다.\",\n    \"logical_dependency_chain\": \"초기에는 텍스트 파싱 엔진 개발이 우선이며, 이후 프로젝트 생성 모듈과 사용자 인터페이스를 개발합니다. 각 단계는 이전 단계의 완료를 전제로 하며, 점진적으로 기능을 확장해 나갑니다.\",\n    \"risks_and_mitigations\": \"주요 기술적 도전은 자연어 처리 기술을 통한 정확한 회의 내용 파싱이며, 이를 위해 최신 NLP 기술을 활용합니다. MVP는 핵심 기능에 집중하여 자원 제약을 최소화하고, 초기 사용자 피드백을 통해 개선점을 도출합니다.\",\n    \"appendix\": \"추가 정보로는 NLP 기술에 대한 연구 자료와 시스템 아키텍처 다이어그램이 포함됩니다. 기술 사양은 클라우드 서비스 요구사항 및 API 문서로 구성됩니다.\"\n}\n```",
  "quality_metrics": {
    "final_score": 6.0,
    "is_production_ready": true,
    "iterations_used": 1,
    "is_high_quality": false
  },
  "metadata": {
    "source_file": "../batch_triplet_results\\result_제22대국회 제426회(임시회) 제2차 여성가족위원회(전체회의) (2025.07.04.)\\05_final_result.json",
    "utterance_count": 63,
    "transcript_length": 4447,
    "speakers": [
      "채현일 위원",
      "서명옥 위원",
      "김한규 위원",
      "조은희 위원",
      "위원장 이인선"
    ],
    "dataset_type": "train",
    "processing_date": "2025-07-31T14:25:12.269021"
  }
}