{
  "id": "train_109",
  "source_dir": "result_IS1000a",
  "notion_output": "```json\n{\n    \"project_name\": \"트렌디한 리모컨 디자인 프로젝트\",\n    \"project_purpose\": \"트렌디하고 사용하기 쉬운 리모컨을 디자인하여 소비자 시장에서 경쟁력을 확보하는 것\",\n    \"project_period\": \"2025.01.01 ~ 2025.03.31\",\n    \"project_manager\": \"매튜\",\n    \"core_objectives\": [\n        \"목표 1: 소비자 요구에 부합하는 트렌디한 디자인 개발\",\n        \"목표 2: 제품 생산 비용을 최대 12유로 50센트로 유지\",\n        \"목표 3: 국제 시장에서의 경쟁력 확보\"\n    ],\n    \"core_idea\": \"트렌디하고 경제적인 리모컨 디자인\",\n    \"idea_description\": \"소비자들이 원하는 트렌디한 디자인을 반영하면서도 생산 비용을 절감하여 국제 시장에서 경쟁력을 갖춘 리모컨을 개발한다.\",\n    \"execution_plan\": \"1단계: 시장 조사 및 소비자 요구 분석 (2025.01.01 ~ 2025.01.15)\\n2단계: 개념 설계 및 디자인 초안 작성 (2025.01.16 ~ 2025.02.15)\\n3단계: 프로토타입 제작 및 테스트 (2025.02.16 ~ 2025.03.15)\\n4단계: 최종 디자인 확정 및 생산 준비 (2025.03.16 ~ 2025.03.31)\",\n    \"expected_effects\": [\n        \"기대효과 1: 소비자 만족도 향상 및 브랜드 이미지 제고\",\n        \"기대효과 2: 생산 비용 절감으로 인한 수익성 증대\",\n        \"기대효과 3: 국제 시장에서의 판매 증가 및 시장 점유율 확대\"\n    ]\n}\n```",
  "prd_output": "```json\n{\n    \"overview\": \"파싱된 프로젝트는 회의 내용을 기반으로 프로젝트를 생성하고 관리하는 것을 목표로 합니다. 이 프로젝트는 회의에서 논의된 내용을 자동으로 파싱하여 프로젝트 계획을 수립하는 데 도움을 줍니다. 타겟 사용자는 프로젝트 매니저, 팀 리더, 그리고 회의 내용을 효율적으로 관리하고자 하는 모든 사람들입니다. 이 프로젝트는 회의 후속 작업의 효율성을 높이고, 정보의 손실을 최소화하는 가치를 제공합니다.\",\n    \"core_features\": \"1. 회의 내용 자동 파싱: 음성 또는 텍스트로 입력된 회의 내용을 자동으로 파싱하여 주요 항목을 추출합니다. 2. 프로젝트 생성: 파싱된 내용을 기반으로 자동으로 프로젝트 계획을 생성합니다. 3. 알림 및 추적: 생성된 프로젝트의 진행 상황을 추적하고, 관련 팀원들에게 알림을 제공합니다.\",\n    \"user_experience\": \"사용자는 회의가 끝난 후, 회의 내용을 입력하거나 업로드합니다. 시스템은 이를 파싱하여 프로젝트 계획을 제안하고, 사용자는 이를 검토 후 승인합니다. 주요 페르소나는 프로젝트 매니저이며, UI/UX는 직관적이고 사용하기 쉬운 인터페이스를 제공합니다.\",\n    \"technical_architecture\": \"시스템은 음성 인식 및 자연어 처리(NLP) 모듈을 포함하며, 데이터베이스는 프로젝트 계획 데이터를 저장합니다. API는 외부 캘린더 및 알림 시스템과 통합을 지원합니다. 인프라는 클라우드 기반으로 확장성을 고려하여 설계됩니다.\",\n    \"development_roadmap\": \"MVP는 회의 내용 파싱 및 프로젝트 생성 기능을 포함합니다. 이후 단계에서는 알림 기능과 외부 시스템 통합을 추가할 예정입니다. 단계별로 기능을 확장하며, 사용자 피드백을 반영하여 개선합니다.\",\n    \"logical_dependency_chain\": \"먼저 음성 인식 및 NLP 모듈을 개발하고, 이후 프로젝트 생성 기능을 구현합니다. 그 다음으로 알림 및 통합 기능을 추가합니다. 기초 기능이 안정화된 후, 점진적으로 추가 기능을 개발합니다.\",\n    \"risks_and_mitigations\": \"기술적 도전은 음성 인식의 정확성과 NLP의 성능입니다. 이를 위해 최신 알고리즘과 모델을 활용하며, MVP는 핵심 기능에 집중합니다. 자원 제약사항은 클라우드 비용이며, 초기에는 최소한의 인프라로 시작합니다.\",\n    \"appendix\": \"추가 정보로는 NLP 알고리즘 연구 결과와 음성 인식 기술 사양이 포함됩니다. 또한, 유사 프로젝트 분석 자료와 시장 조사 결과를 참고합니다.\"\n}\n```",
  "quality_metrics": {
    "final_score": 6.0,
    "is_production_ready": true,
    "iterations_used": 1,
    "is_high_quality": false
  },
  "metadata": {
    "source_file": "../batch_triplet_results\\result_IS1000a\\05_final_result.json",
    "utterance_count": 199,
    "transcript_length": 6171,
    "speakers": [
      "Speaker_A",
      "Speaker_B",
      "Speaker_D",
      "Speaker_C"
    ],
    "dataset_type": "train",
    "processing_date": "2025-07-31T12:58:32.286306"
  }
}