{
  "id": "train_037",
  "source_dir": "result_Bmr003_processed",
  "notion_output": "```json\n{\n    \"project_name\": \"오디오 전사 및 스피커 식별 자동화 프로젝트\",\n    \"project_purpose\": \"오디오 데이터를 텍스트로 전사하고 스피커를 자동으로 식별하여 회의 기록의 효율성을 높이고, 시간과 비용을 절감하는 솔루션을 제공\",\n    \"project_period\": \"2024.01.01 ~ 2024.06.30\",\n    \"project_manager\": \"데이비드\",\n    \"core_objectives\": [\n        \"목표 1: 오디오 데이터를 정확하게 텍스트로 변환하는 시스템 개발\",\n        \"목표 2: 스피커 식별 기능을 통해 발언자를 자동으로 구분\",\n        \"목표 3: 전사 및 식별 시스템의 사용자 인터페이스 개선\",\n        \"목표 4: 회의에서 논의된 기술적 문제 해결 및 시스템 안정성 강화\"\n    ],\n    \"core_idea\": \"오디오 데이터를 효율적으로 처리하여 회의 기록의 정확성과 속도를 향상시키고, 사용자 편의성을 높임\",\n    \"idea_description\": \"오디오 데이터를 텍스트로 전환하고, 스피커를 자동으로 식별하는 기술을 개발하여 회의 기록의 품질을 높이고, 시간과 비용을 절감하는 솔루션 제공. 회의에서 논의된 기술적 문제와 해결 방안을 반영하여 시스템의 안정성을 강화\",\n    \"execution_plan\": [\n        \"단계 1: 요구사항 분석 및 기술 스펙 작성 (2024.01.01 ~ 2024.01.31)\",\n        \"단계 2: 오디오 전사 및 스피커 식별 알고리즘 개발 (2024.02.01 ~ 2024.03.31)\",\n        \"단계 3: 사용자 인터페이스 디자인 및 프로토타입 개발 (2024.04.01 ~ 2024.04.30)\",\n        \"단계 4: 시스템 통합 및 테스트 (2024.05.01 ~ 2024.05.31)\",\n        \"단계 5: 최종 검토 및 배포 준비 (2024.06.01 ~ 2024.06.30)\",\n        \"단계 6: 회의에서 언급된 기술적 문제 해결 및 시스템 안정성 강화 (상시)\"\n    ],\n    \"expected_effects\": [\n        \"기대효과 1: 회의 기록의 정확성 및 신뢰성 향상\",\n        \"기대효과 2: 전사 작업에 소요되는 시간 및 비용 절감\",\n        \"기대효과 3: 사용자 편의성을 높여 회의 관리의 효율성 증대\",\n        \"기대효과 4: 시스템 안정성 강화로 인한 사용자 신뢰도 향상\"\n    ],\n    \"budget_and_resources\": {\n        \"total_budget\": \"USD 40,000\",\n        \"resource_allocation\": {\n            \"hardware\": \"USD 10,000\",\n            \"software\": \"USD 15,000\",\n            \"human_resources\": \"USD 15,000\"\n        },\n        \"additional_notes\": \"회의에서 논의된 바와 같이, 대학원생을 활용하여 인건비를 절감하고, 외부 서비스 고용 시 시간당 30달러의 비용이 발생할 수 있음\"\n    },\n    \"technical_details\": [\n        \"회의에서 언급된 PCMCIA 카드 및 무선 모뎀 사용\",\n        \"스피커 식별을 위한 다중 채널 처리 기술 적용\",\n        \"TCL 플러그인 및 Perl 스크립트를 활용한 데이터 처리\"\n    ],\n    \"risk_management\": [\n        \"리스크 1: 전사 정확도 저하 - 오디오 품질 개선 및 알고리즘 최적화\",\n        \"리스크 2: 스피커 식별 오류 - 다중 채널 처리 및 스크립트 개선\",\n        \"리스크 3: 예산 초과 - 비용 절감 전략 및 자원 최적화\"\n    ]\n}\n```",
  "prd_output": "```json\n{\n    \"overview\": \"파싱된 프로젝트는 회의 내용을 기반으로 프로젝트를 관리하는 시스템입니다. 이 프로젝트는 회의에서 논의된 내용을 체계적으로 파악하고 관리할 수 있는 도구를 제공합니다. 타겟 사용자는 주로 기업 내 프로젝트 매니저와 팀원들로, 회의 후 작업을 효율적으로 관리하고자 하는 사람들입니다. 이 시스템은 회의 내용을 자동으로 파싱하여 프로젝트로 전환함으로써 시간 절약과 업무 효율성을 높이는 가치를 제공합니다.\",\n    \"core_features\": \"1. 회의 내용 자동 파싱: 회의에서 논의된 내용을 자동으로 텍스트로 변환하고, 이를 기반으로 프로젝트를 생성합니다. 2. 프로젝트 관리: 생성된 프로젝트를 관리하고, 진행 상황을 추적할 수 있는 기능을 제공합니다. 3. 협업 도구 통합: 팀원들이 함께 작업할 수 있도록 다양한 협업 도구와의 통합을 지원합니다.\",\n    \"user_experience\": \"사용자는 회의가 끝난 후 시스템에 회의 녹음을 업로드합니다. 시스템은 이를 자동으로 파싱하여 프로젝트를 생성합니다. 사용자는 생성된 프로젝트를 검토하고 필요에 따라 수정한 후 팀원들과 공유합니다. 주요 페르소나는 프로젝트 매니저와 팀원으로, 직관적이고 간단한 UI/UX를 통해 빠르게 프로젝트를 관리할 수 있습니다.\",\n    \"technical_architecture\": \"시스템은 음성 인식 API를 사용하여 회의 내용을 텍스트로 변환합니다. 변환된 텍스트는 NLP 알고리즘을 통해 분석되어 프로젝트의 각 요소로 분류됩니다. 데이터는 클라우드 기반의 데이터베이스에 저장되며, 웹 애플리케이션을 통해 사용자에게 제공됩니다. 인프라는 AWS를 기반으로 하여 확장성과 안정성을 보장합니다.\",\n    \"development_roadmap\": \"1단계: MVP 개발 - 회의 내용 파싱 및 기본 프로젝트 생성 기능 구현. 2단계: 협업 도구 통합 및 사용자 피드백 반영. 3단계: 고급 분석 기능 추가 및 UI/UX 개선.\",\n    \"logical_dependency_chain\": \"우선적으로 음성 인식 및 NLP 기능을 개발하여 회의 내용을 파싱하는 기능을 구현합니다. 이후 프로젝트 관리 기능을 추가하고, 마지막으로 협업 도구 통합을 진행합니다.\",\n    \"risks_and_mitigations\": \"기술적 도전으로는 음성 인식의 정확도와 NLP의 성능이 있습니다. 이를 위해 최신 기술을 지속적으로 연구하고, 사용자 피드백을 통해 시스템을 개선합니다. 자원 제약사항으로는 초기 개발 인력과 시간 제한이 있으며, 이를 해결하기 위해 단계별 개발 계획을 수립하고 우선순위를 명확히 합니다.\",\n    \"appendix\": \"추가 정보로는 음성 인식 및 NLP 기술에 대한 연구 자료와 시스템 아키텍처 다이어그램이 포함됩니다.\"\n}\n```",
  "quality_metrics": {
    "final_score": 6.0,
    "is_production_ready": true,
    "iterations_used": 2,
    "is_high_quality": false
  },
  "metadata": {
    "source_file": "../batch_triplet_results\\result_Bmr003_processed\\05_final_result.json",
    "utterance_count": 831,
    "transcript_length": 27784,
    "speakers": [
      "Speaker_F",
      "Speaker_A",
      "Speaker_B",
      "Speaker_E",
      "Speaker_D",
      "Speaker_C"
    ],
    "dataset_type": "train",
    "processing_date": "2025-07-31T11:30:31.570437"
  }
}