{
  "id": "train_150",
  "source_dir": "result_TS3008a",
  "notion_output": "```json\n{\n    \"project_name\": \"혁신적인 리모컨 디자인 프로젝트\",\n    \"project_purpose\": \"사용자 친화적이고 트렌디한 리모컨을 디자인하여 국제 시장에서 경쟁력을 확보\",\n    \"project_period\": \"2025.01.01 ~ 2025.03.31\",\n    \"project_manager\": \"마틴\",\n    \"core_objectives\": [\n        \"목표 1: 기능적 디자인을 통해 사용자 경험을 개선\",\n        \"목표 2: 개념적 디자인을 통해 독창적이고 트렌디한 디자인 구현\",\n        \"목표 3: 세부 디자인을 통해 제품의 완성도를 높임\"\n    ],\n    \"core_idea\": \"사용자 인터페이스와 기술적 기능을 결합한 혁신적인 리모컨 디자인\",\n    \"idea_description\": \"사용자 인터페이스 디자이너와 마케팅 전문가가 협력하여 사용자 요구 사항을 반영한 리모컨을 개발. 디자인은 기능적, 개념적, 세부 디자인의 세 단계로 나누어 진행되며, 각 단계는 회의로 마무리.\",\n    \"execution_plan\": \"1단계: 기능적 디자인 (2025.01.01 ~ 2025.01.31) - 사용자 인터페이스와 기술적 기능 설계\\n2단계: 개념적 디자인 (2025.02.01 ~ 2025.02.28) - 독창적이고 트렌디한 디자인 개발\\n3단계: 세부 디자인 (2025.03.01 ~ 2025.03.31) - 제품의 완성도 높이기\",\n    \"expected_effects\": [\n        \"기대효과 1: 사용자 경험 개선으로 인한 고객 만족도 증가\",\n        \"기대효과 2: 국제 시장에서의 경쟁력 강화로 인한 매출 증가\",\n        \"기대효과 3: 혁신적인 디자인을 통한 브랜드 이미지 제고\"\n    ]\n}\n```",
  "prd_output": "```json\n{\n    \"overview\": \"파싱된 프로젝트는 회의 내용을 기반으로 프로젝트를 구성하여 사용자에게 명확한 방향성을 제공합니다. 이 프로젝트는 회의에서 논의된 내용을 체계적으로 정리하고, 이를 통해 프로젝트의 목표와 계획을 명확히 하려는 문제를 해결합니다. 타겟 사용자는 프로젝트 매니저와 팀원들로, 명확한 프로젝트 방향성과 목표 설정을 통해 효율적인 업무 진행을 도모합니다. 이 프로젝트는 회의 내용을 기반으로 한 명확한 프로젝트 계획을 제공하여 팀의 생산성을 높이는 가치를 제안합니다.\",\n    \"core_features\": \"1. 회의 내용 파싱: 회의에서 논의된 내용을 자동으로 파싱하여 주요 항목을 추출합니다. 2. 프로젝트 목표 설정: 파싱된 내용을 바탕으로 프로젝트의 핵심 목표를 설정합니다. 3. 실행 계획 수립: 목표에 맞춰 실행 계획을 자동으로 생성합니다. 4. 진행 상황 추적: 목표와 계획에 따른 진행 상황을 실시간으로 추적할 수 있습니다.\",\n    \"user_experience\": \"사용자는 회의 종료 후 파싱된 내용을 확인하고, 자동으로 생성된 목표와 계획을 검토합니다. 주요 페르소나는 프로젝트 매니저로, 회의 후 간단한 검토만으로 프로젝트 계획을 확정할 수 있습니다. UI/UX는 직관적이고 간결한 인터페이스를 제공하여 사용자가 쉽게 접근할 수 있도록 설계됩니다.\",\n    \"technical_architecture\": \"시스템은 클라우드 기반으로 구성되며, 회의 내용을 파싱하는 NLP 모듈과 데이터 저장을 위한 데이터베이스로 구성됩니다. API를 통해 외부 회의 플랫폼과 연동하여 데이터를 수집합니다. 인프라 요구사항은 안정적인 클라우드 서버와 데이터 보안을 위한 암호화 기술을 포함합니다.\",\n    \"development_roadmap\": \"MVP는 회의 내용 파싱 및 목표 설정 기능을 포함합니다. 이후 단계에서는 실행 계획 수립 및 진행 상황 추적 기능을 추가할 예정입니다. 단계별로 기능을 확장하여 최종적으로 완전한 프로젝트 관리 솔루션을 제공합니다.\",\n    \"logical_dependency_chain\": \"초기에는 회의 내용 파싱 기능을 개발하고, 이후 목표 설정 기능을 추가합니다. 그 다음으로는 실행 계획 수립 기능을 개발하며, 마지막으로 진행 상황 추적 기능을 통합합니다. 각 단계는 이전 단계의 기능을 기반으로 확장됩니다.\",\n    \"risks_and_mitigations\": \"기술적 도전은 NLP 모듈의 정확도와 데이터 보안입니다. MVP 정의는 파싱 및 목표 설정 기능으로, 자원 제약사항은 클라우드 서버 비용과 개발 인력입니다. 이를 완화하기 위해 오픈소스 NLP 라이브러리를 활용하고, 초기에는 소규모 서버로 시작하여 점진적으로 확장합니다.\",\n    \"appendix\": \"추가 정보로는 NLP 기술 연구 결과와 클라우드 인프라 비용 분석 자료가 포함됩니다. 기술 사양은 사용된 NLP 라이브러리와 데이터베이스 구조에 대한 상세 설명을 제공합니다.\"\n}\n```",
  "quality_metrics": {
    "final_score": 6.0,
    "is_production_ready": true,
    "iterations_used": 1,
    "is_high_quality": false
  },
  "metadata": {
    "source_file": "../batch_triplet_results\\result_TS3008a\\05_final_result.json",
    "utterance_count": 143,
    "transcript_length": 4531,
    "speakers": [
      "Speaker_B",
      "Speaker_D",
      "Speaker_C",
      "Speaker_A"
    ],
    "dataset_type": "train",
    "processing_date": "2025-07-31T13:53:00.448364"
  }
}