{
  "id": "train_004",
  "source_dir": "result_ES2012a",
  "notion_output": "```json\n{\n    \"project_name\": \"혁신적인 리모컨 개발 프로젝트\",\n    \"project_purpose\": \"소비자와 회사 모두에게 합리적인 가격으로 최고의 리모컨 제품을 개발하여 시장에서 경쟁력을 확보하는 것\",\n    \"project_period\": \"2024.01.01 ~ 2024.06.30\",\n    \"project_manager\": \"앤드류\",\n    \"core_objectives\": [\n        \"목표 1: 소비자가 원하는 기능과 디자인을 갖춘 리모컨 개발\",\n        \"목표 2: 시장 조사와 사용자 인터페이스 디자인을 통해 사용자 경험 최적화\",\n        \"목표 3: 매출 총이익 50% 달성을 위한 글로벌 판매 전략 수립\"\n    ],\n    \"core_idea\": \"소비자가 '내가 갖고 싶다'고 느낄 수 있는 혁신적이고 실용적인 리모컨 개발\",\n    \"idea_description\": \"리모컨의 물리적 디자인을 인체공학적으로 개선하여 사용자가 편안하게 사용할 수 있도록 하고, 패션적 요소와 실용성을 결합하여 시장에서 차별화된 제품을 제공\",\n    \"execution_plan\": \"1단계: 시장 조사 및 소비자 요구 분석 (2024.01.01 ~ 2024.02.15)\\n2단계: 사용자 인터페이스 및 산업 디자인 개발 (2024.02.16 ~ 2024.04.15)\\n3단계: 프로토타입 제작 및 테스트 (2024.04.16 ~ 2024.05.15)\\n4단계: 제품 생산 및 글로벌 마케팅 전략 수립 (2024.05.16 ~ 2024.06.30)\",\n    \"expected_effects\": [\n        \"기대효과 1: 소비자 만족도 향상으로 인한 브랜드 이미지 강화\",\n        \"기대효과 2: 혁신적인 디자인과 기능으로 시장 점유율 증가\",\n        \"기대효과 3: 매출 총이익 50% 달성을 통한 회사 수익 증대\"\n    ]\n}\n```",
  "prd_output": "```json\n{\n    \"overview\": \"파싱된 프로젝트는 회의 내용을 기반으로 프로젝트를 생성하고 관리하는 도구입니다. 이 프로젝트는 회의 중 논의된 아이디어와 결정을 체계적으로 정리하여 프로젝트로 전환하는 과정을 자동화합니다. 타겟 사용자는 프로젝트 관리자, 팀 리더, 그리고 회의 주최자입니다. 이 도구는 회의 후속 작업을 간소화하고, 프로젝트 관리의 효율성을 높이는 가치를 제공합니다.\",\n    \"core_features\": \"1. 회의 내용 파싱: 회의 중 기록된 내용을 자동으로 분석하여 프로젝트의 주요 목표와 실행 계획을 도출합니다. 2. 프로젝트 생성: 파싱된 데이터를 바탕으로 프로젝트를 자동 생성하고, 관련된 작업 항목을 생성합니다. 3. 목표 추적: 설정된 목표를 지속적으로 추적하고, 진행 상황을 시각적으로 표현합니다.\",\n    \"user_experience\": \"사용자는 회의가 끝난 후 회의록을 업로드하면, 시스템이 자동으로 프로젝트를 생성합니다. 주요 페르소나는 프로젝트 관리자이며, 이들은 직관적인 대시보드를 통해 프로젝트 상태를 쉽게 파악할 수 있습니다. UI/UX는 간결하고 사용자가 쉽게 탐색할 수 있도록 설계되었습니다.\",\n    \"technical_architecture\": \"시스템은 클라우드 기반으로 설계되어 있으며, 데이터 모델은 회의록 데이터와 프로젝트 데이터 간의 관계를 중심으로 구성됩니다. API는 외부 회의록 서비스와의 통합을 지원하며, 인프라는 확장성을 고려하여 설계되었습니다.\",\n    \"development_roadmap\": \"MVP 요구사항은 회의록 파싱 및 기본 프로젝트 생성 기능입니다. 이후 단계에서는 고급 분석 기능과 사용자 맞춤형 대시보드가 포함될 예정입니다. 단계별로 기능을 확장하여 사용자의 피드백을 반영할 계획입니다.\",\n    \"logical_dependency_chain\": \"초기에는 회의록 파싱 기능을 개발하고, 그 다음으로 프로젝트 생성 기능을 구현합니다. 이후 목표 추적 기능을 추가하여 점진적으로 시스템을 완성합니다.\",\n    \"risks_and_mitigations\": \"기술적 도전은 자연어 처리(NLP) 기술의 정확성입니다. 이를 위해 초기 MVP는 제한된 언어와 형식으로 시작하여 점차 확장할 계획입니다. 자원 제약사항은 클라우드 인프라 비용이며, 초기에는 최소한의 자원으로 시작하여 수요에 따라 확장합니다.\",\n    \"appendix\": \"추가 정보로는 회의록 파싱에 사용되는 알고리즘 연구 결과와 기술 사양이 포함됩니다. 이 자료는 프로젝트의 기술적 기반을 이해하는 데 도움을 줍니다.\"\n}\n```",
  "quality_metrics": {
    "final_score": 6.0,
    "is_production_ready": true,
    "iterations_used": 1,
    "is_high_quality": false
  },
  "metadata": {
    "source_file": "../batch_triplet_results\\result_ES2012a\\05_final_result.json",
    "utterance_count": 76,
    "transcript_length": 2497,
    "speakers": [
      "Speaker_B",
      "Speaker_D",
      "Speaker_C",
      "Speaker_A"
    ],
    "dataset_type": "train",
    "processing_date": "2025-07-31T10:51:19.010541"
  }
}