{
  "id": "train_185",
  "source_dir": "result_IS1008d",
  "notion_output": "```json\n{\n    \"project_name\": \"스마트 리모컨 혁신 프로젝트\",\n    \"project_purpose\": \"인체공학적 디자인과 사용자 맞춤형 기능을 갖춘 스마트 리모컨 개발 및 성공적인 시장 진입\",\n    \"project_period\": \"2025.01.01 ~ 2025.03.31\",\n    \"project_manager\": \"크리스틴\",\n    \"core_objectives\": [\n        \"목표 1: 인체공학적 디자인과 사용자 맞춤형 기능을 갖춘 리모컨 개발\",\n        \"목표 2: 2주 내 프로토타입 제작 및 4주 내 제품 평가 완료\",\n        \"목표 3: 시장 점유율 25% 달성과 200만 대 판매 목표\",\n        \"목표 4: 온라인 판매 전략을 통해 비용 절감 및 고객 접근성 강화\"\n    ],\n    \"core_idea\": \"사용자 친화적인 디자인과 온라인 판매 전략을 통한 스마트 리모컨 시장 진입\",\n    \"idea_description\": \"리모컨은 인체공학적 모양과 사용자 맞춤형 기능을 제공하며, 온라인 플랫폼을 통해 직접 판매 및 배송하여 비용 절감과 고객 접근성을 높입니다.\",\n    \"budget\": {\n        \"initial_budget\": \"12.5유로\",\n        \"current_budget\": \"9.95유로\",\n        \"savings\": \"2.55유로\"\n    },\n    \"execution_plan\": [\n        {\n            \"phase\": \"1단계\",\n            \"description\": \"디자인 및 프로토타입 개발\",\n            \"period\": \"2025.01.01 ~ 2025.01.15\",\n            \"responsible\": \"디자인 팀\"\n        },\n        {\n            \"phase\": \"2단계\",\n            \"description\": \"제품 평가 및 수정\",\n            \"period\": \"2025.01.16 ~ 2025.01.31\",\n            \"responsible\": \"제품 평가 팀\"\n        },\n        {\n            \"phase\": \"3단계\",\n            \"description\": \"생산 준비 및 마케팅 전략 수립\",\n            \"period\": \"2025.02.01 ~ 2025.02.28\",\n            \"responsible\": \"생산 및 마케팅 팀\"\n        },\n        {\n            \"phase\": \"4단계\",\n            \"description\": \"시장 출시 및 판매\",\n            \"period\": \"2025.03.01 ~ 2025.03.31\",\n            \"responsible\": \"판매 팀\"\n        }\n    ],\n    \"market_entry_strategy\": {\n        \"online_sales\": \"인터넷을 통한 홍보 및 주문 후 고객 자택으로 직접 배송\",\n        \"cost_savings\": \"보관 비용 절감 및 운송비 절약\",\n        \"target_event\": \"유럽 월드컵 직전 출시\"\n    },\n    \"expected_effects\": [\n        \"기대효과 1: 사용자 맞춤형 리모컨을 통한 고객 만족도 향상\",\n        \"기대효과 2: 온라인 판매를 통한 비용 절감 및 수익성 증대\",\n        \"기대효과 3: 200만 대 판매를 통한 5천만 유로의 이익 달성\",\n        \"기대효과 4: 시장 점유율 25% 달성\"\n    ]\n}\n```",
  "prd_output": "```json\n{\n    \"overview\": \"파싱된 프로젝트는 회의 내용을 기반으로 프로젝트를 생성하고 관리하는 것을 목표로 합니다. 이 프로젝트는 회의에서 논의된 내용을 자동으로 파싱하여 프로젝트 계획을 수립하고, 이를 통해 팀의 효율성을 높이고 커뮤니케이션을 개선하는 데 중점을 둡니다. 타겟 사용자는 프로젝트 관리자가 주로 포함되며, 이 솔루션은 회의 후속 작업을 자동화하여 시간과 노력을 절감하는 가치를 제공합니다.\",\n    \"core_features\": \"1. 회의 내용 자동 파싱: 회의 기록을 분석하여 주요 의사결정 및 할당된 작업을 자동으로 추출합니다.\\n2. 프로젝트 계획 자동 생성: 파싱된 정보를 바탕으로 프로젝트 계획을 자동으로 생성하고 팀원들에게 할당합니다.\\n3. 실시간 업데이트 및 알림: 프로젝트 진행 상황을 실시간으로 업데이트하고 관련자에게 알림을 제공합니다.\",\n    \"user_experience\": \"사용자는 회의가 끝난 후, 자동으로 생성된 프로젝트 계획을 검토하고 수정할 수 있습니다. 주요 페르소나는 프로젝트 관리자이며, 주요 플로우는 회의 기록 업로드, 파싱 결과 검토, 프로젝트 계획 승인 및 팀원 할당입니다. UI/UX는 직관적이고 사용하기 쉬운 인터페이스를 제공하여 사용자가 최소한의 노력으로 최대한의 효율성을 얻을 수 있도록 설계됩니다.\",\n    \"technical_architecture\": \"시스템은 클라우드 기반으로 설계되며, 주요 구성 요소는 데이터 파싱 모듈, 프로젝트 관리 모듈, 알림 시스템으로 구성됩니다. 데이터 모델은 회의 기록, 파싱된 정보, 프로젝트 계획 데이터를 포함하며, API는 외부 회의 기록 시스템과의 통합을 지원합니다. 인프라 요구사항은 확장 가능한 클라우드 서비스로 설정됩니다.\",\n    \"development_roadmap\": \"MVP 요구사항은 회의 내용 파싱 및 프로젝트 계획 자동 생성 기능을 포함합니다. 향후 개선사항으로는 자연어 처리 정확도 향상, 사용자 맞춤형 대시보드 제공, 다양한 회의 플랫폼과의 통합이 있습니다. 단계별 개발 범위는 초기 MVP 개발, 사용자 피드백 수집, 기능 개선 및 확장으로 나뉩니다.\",\n    \"logical_dependency_chain\": \"개발 순서는 회의 기록 파싱 기능을 먼저 구현하고, 이후 프로젝트 계획 생성 기능을 개발합니다. 기초 기능 우선순위는 데이터 파싱 정확도 향상에 중점을 두며, 점진적 개발 방식으로 사용자의 피드백을 반영하여 기능을 개선합니다.\",\n    \"risks_and_mitigations\": \"기술적 도전은 자연어 처리의 정확도와 다양한 회의 형식 지원입니다. MVP 정의는 기본적인 파싱 및 계획 생성 기능으로 설정되며, 자원 제약사항으로는 데이터 처리 속도와 서버 비용이 있습니다. 이를 완화하기 위해 클라우드 기반의 확장 가능한 인프라를 활용합니다.\",\n    \"appendix\": \"추가 정보로는 자연어 처리 기술 연구 결과와 기술 사양이 포함됩니다. 또한, 유사 프로젝트 분석 및 시장 조사 결과가 참고 자료로 제공됩니다.\"\n}\n```",
  "quality_metrics": {
    "final_score": 6.0,
    "is_production_ready": true,
    "iterations_used": 2,
    "is_high_quality": false
  },
  "metadata": {
    "source_file": "../batch_triplet_results\\result_IS1008d\\05_final_result.json",
    "utterance_count": 186,
    "transcript_length": 6753,
    "speakers": [
      "Speaker_B",
      "Speaker_D",
      "Speaker_C",
      "Speaker_A"
    ],
    "dataset_type": "train",
    "processing_date": "2025-07-31T14:37:05.132894"
  }
}