{
  "id": "train_052",
  "source_dir": "result_Bro003_processed",
  "notion_output": "```json\n{\n    \"project_name\": \"고성능 데이터 전송 및 네트워크 최적화 프로젝트\",\n    \"project_purpose\": \"대용량 데이터 전송 속도와 네트워크 대역폭을 최적화하여 시스템의 성능과 안정성을 강화하고 데이터 손실을 최소화하는 것\",\n    \"project_period\": \"2024.01.01 ~ 2024.06.30\",\n    \"project_manager\": \"Speaker_C\",\n    \"core_objectives\": [\n        \"목표 1: 대용량 데이터 전송 속도 30% 향상\",\n        \"목표 2: 네트워크 대역폭 사용 효율 20% 증가\",\n        \"목표 3: 데이터 백업 및 복구 시스템 강화 및 자동화\",\n        \"목표 4: 반복적인 계산 작업의 효율성 향상\"\n    ],\n    \"core_idea\": \"대용량 데이터 전송과 네트워크 대역폭 최적화를 통해 시스템의 효율성을 높이고 데이터 손실을 최소화하며, 반복적인 계산 작업의 효율성을 높임\",\n    \"idea_description\": \"기존 시스템의 한계를 극복하기 위해 새로운 기술과 방법론을 도입하여 데이터 전송 속도와 네트워크 대역폭을 최적화하고, 데이터 백업 및 복구 시스템을 강화하여 데이터 손실 위험을 줄이며, 반복적인 계산 작업의 효율성을 높임\",\n    \"execution_plan\": {\n        \"단계 1\": \"기존 시스템 분석 및 문제점 도출 (2024.01.01 ~ 2024.02.15)\",\n        \"단계 2\": \"신규 기술 도입 및 시스템 업그레이드 (2024.02.16 ~ 2024.04.15)\",\n        \"단계 3\": \"시스템 테스트 및 성능 검증 (2024.04.16 ~ 2024.05.15)\",\n        \"단계 4\": \"최종 조정 및 프로젝트 완료 (2024.05.16 ~ 2024.06.30)\"\n    },\n    \"technical_discussions\": [\n        \"데이터 전송 속도를 높이기 위해 고속 네트워크 장비 도입\",\n        \"네트워크 대역폭 최적화를 위한 새로운 알고리즘 개발\",\n        \"데이터 백업 및 복구 시스템의 자동화 및 효율성 향상\",\n        \"반복적인 계산 작업을 위한 시스템 자원 최적화\",\n        \"데이터 전송 및 백업 시스템의 병목 현상 해결을 위한 방안\"\n    ],\n    \"expected_effects\": [\n        \"기대효과 1: 데이터 처리 속도 30% 향상\",\n        \"기대효과 2: 네트워크 대역폭 사용 효율 20% 증가\",\n        \"기대효과 3: 데이터 손실 위험 50% 감소\",\n        \"기대효과 4: 반복적인 계산 작업의 처리 시간 25% 단축\"\n    ],\n    \"additional_notes\": [\n        \"회의에서 논의된 데이터 전송 속도와 네트워크 대역폭 문제를 해결하기 위한 구체적인 기술적 접근 방안을 포함\",\n        \"데이터 백업 및 복구 시스템의 강화 방안으로 자동화 시스템 도입 및 효율성 향상 계획 포함\",\n        \"반복적인 계산 작업의 효율성을 높이기 위해 시스템 자원 최적화 방안 구체화\"\n    ]\n}\n```",
  "prd_output": "```json\n{\n    \"overview\": \"파싱된 프로젝트는 회의 내용을 기반으로 프로젝트를 생성하고 관리하는 도구입니다. 이 프로젝트는 회의에서 논의된 내용을 체계적으로 정리하고 추적할 수 있는 솔루션을 제공합니다. 주 타겟 사용자는 회의가 잦은 기업의 팀 리더와 프로젝트 매니저들입니다. 이 도구는 회의 후속 작업의 효율성을 높이고, 정보의 누락을 방지하여 프로젝트 관리의 가치를 극대화합니다.\",\n    \"core_features\": \"1. 회의 내용 자동 파싱: 회의 기록을 자동으로 분석하여 주요 항목을 추출합니다. 2. 프로젝트 생성 및 관리: 추출된 정보를 바탕으로 프로젝트를 자동 생성하고 관리할 수 있습니다. 3. 알림 및 리마인더: 중요한 마일스톤과 작업 기한을 사용자에게 알립니다. 4. 협업 기능: 팀원들과 실시간으로 정보를 공유하고 협업할 수 있습니다.\",\n    \"user_experience\": \"사용자는 회의가 끝난 후 회의록을 업로드하면, 시스템이 자동으로 내용을 분석하고 프로젝트를 생성합니다. 주요 페르소나는 프로젝트 매니저로, 그는 직관적인 대시보드를 통해 프로젝트 상태를 한눈에 파악할 수 있습니다. UI/UX는 간결하고 직관적인 인터페이스를 제공하여 사용자가 쉽게 적응할 수 있도록 설계됩니다.\",\n    \"technical_architecture\": \"시스템은 클라우드 기반으로 구축되며, 회의록 파싱을 위한 자연어 처리(NLP) 모듈이 포함됩니다. 데이터는 안전하게 저장되고, RESTful API를 통해 외부 시스템과 연동됩니다. 인프라는 확장성을 고려하여 설계됩니다.\",\n    \"development_roadmap\": \"MVP 단계에서는 회의록 파싱 및 기본 프로젝트 관리 기능을 구현합니다. 이후 단계에서는 협업 기능과 고급 알림 시스템을 추가할 예정입니다. 각 단계는 사용자 피드백을 반영하여 개선됩니다.\",\n    \"logical_dependency_chain\": \"먼저 회의록 파싱 기능을 개발하고, 이를 기반으로 프로젝트 생성 기능을 구현합니다. 이후 알림 시스템과 협업 기능을 순차적으로 추가합니다.\",\n    \"risks_and_mitigations\": \"자연어 처리의 정확도가 초기에는 낮을 수 있으며, 이를 개선하기 위해 지속적인 학습 데이터 업데이트가 필요합니다. MVP는 핵심 기능에 집중하여 빠르게 시장에 출시하고, 사용자 피드백을 통해 개선합니다. 자원 제약은 클라우드 인프라를 활용하여 최소화합니다.\",\n    \"appendix\": \"추가 정보로는 자연어 처리 기술에 대한 연구 결과와 클라우드 인프라 사양이 포함됩니다. 또한, 유사 프로젝트 사례 연구가 참고 자료로 제공됩니다.\"\n}\n```",
  "quality_metrics": {
    "final_score": 6.0,
    "is_production_ready": true,
    "iterations_used": 3,
    "is_high_quality": false
  },
  "metadata": {
    "source_file": "../batch_triplet_results\\result_Bro003_processed\\05_final_result.json",
    "utterance_count": 746,
    "transcript_length": 25794,
    "speakers": [
      "Speaker_D",
      "Speaker_F",
      "Speaker_A",
      "Speaker_G",
      "Speaker_B",
      "Speaker_E",
      "Speaker_C"
    ],
    "dataset_type": "train",
    "processing_date": "2025-07-31T11:48:11.638226"
  }
}