{
  "id": "train_086",
  "source_dir": "result_IS1004d",
  "notion_output": "```json\n{\n    \"project_name\": \"혁신적 바나나 리모컨 개발 프로젝트\",\n    \"project_purpose\": \"젊은 세대를 위한 트렌디하고 지속 가능한 TV 리모컨 개발\",\n    \"project_period\": \"2025.01.01 ~ 2025.03.31\",\n    \"project_manager\": \"Speaker_A\",\n    \"core_objectives\": [\n        \"목표 1: 사용자 친화적인 인터페이스와 트렌디한 디자인 구현\",\n        \"목표 2: 충전식 배터리와 효율적인 에너지 사용을 위한 기술적 해결책 마련\",\n        \"목표 3: 비용 효율적인 재료 사용으로 경제성 확보\"\n    ],\n    \"core_idea\": \"바나나 모양의 리모컨을 통해 사용자 경험을 혁신적으로 개선하고, 지속 가능한 에너지를 활용하여 환경 보호에 기여\",\n    \"idea_description\": \"바나나 모양의 리모컨은 휠과 버튼을 사용하여 사용자가 쉽게 조작할 수 있으며, 충전식 배터리와 태양 전지를 통해 지속 가능한 에너지를 사용합니다. 젊은 세대를 타겟으로 한 트렌디한 디자인을 채택하여 시장에서의 경쟁력을 높입니다. 또한, 비용 절감을 위해 고무 대신 플라스틱을 사용하여 경제성을 확보합니다.\",\n    \"execution_plan\": [\n        \"1단계: 디자인 확정 및 프로토타입 제작 (2025.01.01 ~ 2025.01.31)\",\n        \"2단계: 기능 테스트 및 개선, 배터리 지속 시간 및 태양 전지 필요성 검토 (2025.02.01 ~ 2025.02.28)\",\n        \"3단계: 대량 생산 및 마케팅 준비, 비용 절감 방안 적용 (2025.03.01 ~ 2025.03.31)\"\n    ],\n    \"expected_effects\": [\n        \"기대효과 1: 사용자 경험 개선으로 인한 고객 만족도 향상\",\n        \"기대효과 2: 지속 가능한 에너지 사용으로 인한 환경 보호 기여\",\n        \"기대효과 3: 혁신적인 디자인과 경제성으로 인한 시장 점유율 확대\"\n    ],\n    \"technical_specifications\": {\n        \"battery_life\": \"8-10시간\",\n        \"solar_panel\": \"기지국 충전 방식으로 대체 가능성 검토\",\n        \"material_change\": \"고무 대신 플라스틱 사용으로 비용 절감\"\n    },\n    \"discussion_points\": [\n        \"배터리 지속 시간과 태양 전지의 필요성에 대한 논의\",\n        \"비용 절감을 위한 재료 변경 방안\",\n        \"젊은 세대를 타겟으로 한 디자인의 중요성\"\n    ]\n}\n```",
  "prd_output": "```json\n{\n    \"overview\": \"파싱된 프로젝트는 회의 내용을 기반으로 프로젝트를 관리하고 추적하는 도구입니다. 이 프로젝트는 회의에서 논의된 내용을 체계적으로 정리하고 이를 바탕으로 프로젝트를 계획하고 실행하는 데 어려움을 겪는 사용자들을 대상으로 합니다. 주요 가치는 회의 내용을 효율적으로 파싱하여 프로젝트 관리에 필요한 정보를 제공함으로써 사용자들이 보다 효과적으로 프로젝트를 진행할 수 있도록 돕는 것입니다.\",\n    \"core_features\": \"1. 회의 내용 파싱: 회의 녹음 파일이나 텍스트를 자동으로 분석하여 주요 내용을 추출합니다. 2. 프로젝트 생성: 파싱된 데이터를 바탕으로 프로젝트를 자동으로 생성하고 관리할 수 있습니다. 3. 목표 설정 및 추적: 사용자가 설정한 목표를 기반으로 진행 상황을 추적하고 시각화합니다.\",\n    \"user_experience\": \"사용자는 회의 녹음 파일을 업로드하거나 텍스트를 입력하여 프로젝트를 생성할 수 있습니다. 주요 페르소나는 프로젝트 매니저와 팀 리더로, 이들은 직관적인 UI를 통해 프로젝트 진행 상황을 쉽게 파악할 수 있습니다. UI/UX는 간결하고 사용자가 필요한 정보를 빠르게 찾을 수 있도록 설계됩니다.\",\n    \"technical_architecture\": \"시스템은 클라우드 기반으로 설계되며, 주요 구성 요소는 데이터 파싱 모듈, 프로젝트 관리 모듈, 사용자 인터페이스로 구성됩니다. 데이터 모델은 회의 내용, 프로젝트 정보, 사용자 데이터를 포함하며, API는 외부 서비스와의 통합을 지원합니다. 인프라 요구사항은 확장성과 안정성을 고려하여 설계됩니다.\",\n    \"development_roadmap\": \"MVP는 회의 내용 파싱 및 기본 프로젝트 생성 기능을 포함하며, 이후 목표 추적 및 시각화 기능이 추가됩니다. 단계별 개발은 초기 파싱 기능 개발, 프로젝트 생성 기능 통합, 목표 추적 기능 추가 순으로 진행됩니다.\",\n    \"logical_dependency_chain\": \"1. 회의 내용 파싱 기능 개발 2. 프로젝트 생성 기능 통합 3. 목표 설정 및 추적 기능 추가 4. 사용자 인터페이스 개선 및 최적화\",\n    \"risks_and_mitigations\": \"기술적 도전은 자연어 처리 기술의 정확성 확보이며, 이를 위해 최신 NLP 기술을 연구하고 적용합니다. MVP는 핵심 기능에 집중하여 빠르게 시장에 출시하는 것을 목표로 하며, 자원 제약사항은 클라우드 서비스 활용으로 완화합니다.\",\n    \"appendix\": \"추가 정보로는 최신 NLP 기술 연구 결과와 클라우드 서비스 비교 자료가 포함됩니다. 기술 사양은 데이터 파싱 알고리즘 및 API 명세를 포함합니다.\"\n}\n```",
  "quality_metrics": {
    "final_score": 6.0,
    "is_production_ready": true,
    "iterations_used": 2,
    "is_high_quality": false
  },
  "metadata": {
    "source_file": "../batch_triplet_results\\result_IS1004d\\05_final_result.json",
    "utterance_count": 342,
    "transcript_length": 11351,
    "speakers": [
      "Speaker_B",
      "Speaker_D",
      "Speaker_C",
      "Speaker_A"
    ],
    "dataset_type": "train",
    "processing_date": "2025-07-31T12:29:01.704542"
  }
}