{
  "id": "train_253",
  "source_dir": "result_제22대국회 제420회(임시회) 제1차 과학기술정보방송통신위원회(정보통신방송법안심사소위원회) (2024.12.26.)",
  "notion_output": "```json\n{\n    \"project_name\": \"정보통신방송법 개정 및 운영 투명성 강화 프로젝트\",\n    \"project_purpose\": \"정보통신 및 방송 관련 법률의 체계적 개정과 운영 투명성을 강화하여 법적 모호성을 제거하고, 공정한 시장 환경을 조성하며, 국민 신뢰도를 향상시킴.\",\n    \"project_period\": \"2023.12.01 ~ 2024.03.31\",\n    \"project_manager\": \"김현 소위원장\",\n    \"core_objectives\": [\n        \"목표 1: 통신비밀보호법, 전파법 등 16건의 법률안 심사 및 개정\",\n        \"목표 2: 전파차단장치 사용 및 규제 개선을 통한 기술 발전 및 안전성 강화\",\n        \"목표 3: 방송통신위원회 및 방송심의위원회의 운영 투명성 및 공정성 강화\"\n    ],\n    \"core_idea\": \"정보통신 및 방송 관련 법률의 체계적 개정 및 운영 개선을 통해 법적 모호성을 제거하고, 시장 참여자 간의 공정한 경쟁 환경을 조성하며, 방송통신위원회 및 방송심의위원회의 운영 투명성을 강화함.\",\n    \"idea_description\": \"이번 프로젝트는 정보통신 및 방송 관련 법률의 체계적 개정을 통해 법적 모호성을 제거하고, 전파차단장치의 규제 개선을 통해 기술 발전을 도모하며, 방송통신위원회 및 방송심의위원회의 운영 투명성을 강화하여 국민 신뢰도를 향상시키는 것을 목표로 함.\",\n    \"execution_plan\": [\n        {\n            \"단계\": \"1단계\",\n            \"활동\": \"법률안 심사 및 의견 수렴\",\n            \"기간\": \"2023.12.01 ~ 2024.01.15\",\n            \"세부내용\": [\n                \"각 법안의 구체적인 내용과 쟁점 파악\",\n                \"전문위원 및 정부 측 의견 수렴\",\n                \"위원회 내 논의 및 의견 조율\",\n                \"전파차단장치의 사용과 관련된 구체적인 논의 내용 반영\"\n            ]\n        },\n        {\n            \"단계\": \"2단계\",\n            \"활동\": \"법률안 수정 및 재심의\",\n            \"기간\": \"2024.01.16 ~ 2024.02.15\",\n            \"세부내용\": [\n                \"수정안 작성 및 검토\",\n                \"재심의를 통한 추가 의견 반영\",\n                \"전문가 자문 및 외부 의견 수렴\",\n                \"방송통신위원회 및 방송심의위원회의 운영 관련 쟁점 반영\"\n            ]\n        },\n        {\n            \"단계\": \"3단계\",\n            \"활동\": \"최종 법률안 의결 및 시행 준비\",\n            \"기간\": \"2024.02.16 ~ 2024.03.31\",\n            \"세부내용\": [\n                \"최종 의결 절차 진행\",\n                \"시행 준비를 위한 행정 절차 마련\",\n                \"관련 기관 및 이해관계자와의 협력 체계 구축\",\n                \"법률 개정에 따른 교육 및 홍보 계획 수립\"\n            ]\n        }\n    ],\n    \"expected_effects\": [\n        \"기대효과 1: 법적 체계의 정합성 확보로 인한 법적 분쟁 감소\",\n        \"기대효과 2: 전파차단장치의 규제 개선으로 인한 기술 발전 및 안전성 강화\",\n        \"기대효과 3: 방송통신위원회 및 방송심의위원회의 운영 투명성 강화로 인한 국민 신뢰도 향상\"\n    ]\n}\n```",
  "prd_output": "```json\n{\n    \"overview\": \"파싱된 프로젝트는 회의 내용을 기반으로 한 프로젝트로, 회의에서 논의된 핵심 아이디어와 실행 계획을 체계적으로 관리하는 것을 목표로 합니다. 이 프로젝트는 회의 후속 작업을 효율적으로 관리하고, 팀 간의 협업을 강화하며, 회의의 생산성을 높이기 위해 설계되었습니다. 타겟 사용자는 주로 회의를 자주 진행하는 기업의 팀원들로, 그들에게 회의의 핵심 내용을 빠르게 파악하고 실행할 수 있는 도구를 제공합니다.\",\n    \"core_features\": \"주요 기능으로는 회의 내용 자동 파싱, 핵심 아이디어 추출, 실행 계획 생성, 목표 설정 및 추적 기능이 포함됩니다. 회의 내용 자동 파싱 기능은 회의록을 분석하여 주요 아이디어와 실행 계획을 추출합니다. 목표 설정 및 추적 기능은 사용자가 설정한 목표를 지속적으로 모니터링하고, 달성 여부를 평가할 수 있도록 지원합니다.\",\n    \"user_experience\": \"사용자 경험 설계는 회의 후속 작업을 간편하게 처리할 수 있도록 직관적인 인터페이스를 제공합니다. 페르소나는 주로 프로젝트 매니저와 팀 리더로 설정되며, 주요 플로우는 회의록 업로드, 자동 파싱 결과 확인, 실행 계획 수립, 목표 설정 및 추적입니다. UI/UX는 사용자가 최소한의 클릭으로 원하는 정보를 얻을 수 있도록 설계되었습니다.\",\n    \"technical_architecture\": \"기술 아키텍처는 클라우드 기반의 서버와 데이터베이스로 구성되며, 회의록 파싱을 위한 자연어 처리(NLP) 모듈이 포함됩니다. 데이터 모델은 회의록, 아이디어, 실행 계획, 목표 등의 엔티티로 구성됩니다. API는 외부 시스템과의 연동을 지원하며, 인프라 요구사항은 확장성을 고려한 클라우드 서비스 사용을 권장합니다.\",\n    \"development_roadmap\": \"개발 로드맵은 MVP 단계에서 회의록 자동 파싱 및 핵심 아이디어 추출 기능을 우선적으로 개발합니다. 이후 실행 계획 생성 및 목표 추적 기능을 추가하며, 최종적으로 사용자 피드백을 반영한 개선 사항을 구현합니다.\",\n    \"logical_dependency_chain\": \"논리적 의존성 체인은 회의록 파싱 기능을 먼저 개발한 후, 이를 기반으로 핵심 아이디어 추출 및 실행 계획 생성 기능을 개발합니다. 이후 목표 설정 및 추적 기능을 추가하는 방식으로 점진적으로 개발합니다.\",\n    \"risks_and_mitigations\": \"기술적 도전으로는 자연어 처리의 정확도 향상과 데이터 보안이 있으며, 이를 위해 최신 NLP 기술을 도입하고, 데이터 암호화 및 접근 제어를 강화합니다. MVP 정의는 회의록 자동 파싱과 핵심 아이디어 추출 기능을 포함하며, 자원 제약사항으로는 개발 인력과 시간 제한이 있습니다.\",\n    \"appendix\": \"추가 정보로는 자연어 처리 기술에 대한 연구 결과와 데이터 보안 관련 기술 사양이 포함됩니다.\"\n}\n```",
  "quality_metrics": {
    "final_score": 6.0,
    "is_production_ready": true,
    "iterations_used": 3,
    "is_high_quality": false
  },
  "metadata": {
    "source_file": "../batch_triplet_results\\result_제22대국회 제420회(임시회) 제1차 과학기술정보방송통신위원회(정보통신방송법안심사소위원회) (2024.12.26.)\\05_final_result.json",
    "utterance_count": 425,
    "transcript_length": 28121,
    "speakers": [
      "방송통신위원회부위원장 김태규",
      "소위원장 김현",
      "이훈기 위원",
      "노종면 위원",
      "한민수 위원",
      "이정헌 위원",
      "과학기술정보통신부전파정책국장 최병택",
      "최형두 위원",
      "이상휘 위원",
      "과학기술정보통신부제2차관 강도현",
      "이해민 위원",
      "방송통신위원회방송기반국장 박동주",
      "신성범 위원",
      "수석전문위원 김건오"
    ],
    "dataset_type": "train",
    "processing_date": "2025-07-31T15:53:04.987397"
  }
}