{
  "id": "train_038",
  "source_dir": "result_제22대국회 제427회(임시회) 제1차 국회운영위원회(전체회의) (2025.07.10.)",
  "notion_output": "```json\n{\n    \"project_name\": \"국회운영위원회 협치 및 효율성 강화 프로젝트\",\n    \"project_purpose\": \"국회운영위원회의 협치 정신을 강화하고 효율적인 운영을 통해 국민 신뢰를 회복하며, 구체적인 법안 처리 및 안건 논의를 통해 국정 운영의 안정성을 증대\",\n    \"project_period\": \"2023.11.01 ~ 2024.10.31\",\n    \"project_manager\": \"김병기 위원장\",\n    \"core_objectives\": [\n        \"목표 1: 국회운영위원회의 협치 정신 강화 및 각 정당 간의 원활한 소통\",\n        \"목표 2: 국회 운영의 효율성 증대 및 법안 처리 속도 향상\",\n        \"목표 3: 국민 신뢰 회복을 위한 국회 운영 개선 및 구체적인 안건 처리\"\n    ],\n    \"core_idea\": \"협치와 효율성을 기반으로 한 국회운영위원회의 운영 개선 및 구체적인 법안 처리\",\n    \"idea_description\": \"국회운영위원회가 여야 간 협의와 합의를 통해 국정 운영의 효율성을 높이고, 국민의 신뢰를 회복하기 위한 다양한 제도적 개선을 추진하며, 회의에서 논의된 구체적인 법안 및 안건을 처리\",\n    \"execution_plan\": [\n        \"1단계: 위원회 구성 및 역할 분담 (2023.11.01 ~ 2023.11.30)\",\n        \"2단계: 협치 강화 및 효율성 제고를 위한 제도 개선 논의 (2023.12.01 ~ 2024.03.31)\",\n        \"3단계: 개선안 시행 및 모니터링, 구체적인 법안 및 안건 처리 (2024.04.01 ~ 2024.10.31)\"\n    ],\n    \"expected_effects\": [\n        \"기대효과 1: 국회운영위원회의 협치 강화로 인한 국정 운영의 안정성 증가\",\n        \"기대효과 2: 효율적인 국회 운영을 통한 법안 처리 속도 향상 및 구체적인 안건 처리\",\n        \"기대효과 3: 국민 신뢰 회복을 통한 국회의 위상 강화\"\n    ],\n    \"key_discussions\": [\n        \"국회법 일부개정법률안 및 국민참여 헌법개정 절차에 관한 법률안 논의\",\n        \"상임위원장 직위 배분 방식의 제도화 필요성\",\n        \"국회운영개선소위원회 및 예산결산심사소위원회 구성 및 역할\",\n        \"청원심사소위원회의 활성화 및 국민청원 처리\"\n    ],\n    \"specific_actions\": [\n        \"각 위원의 발언을 반영하여 협치 및 효율성 강화를 위한 구체적인 실행 계획 수립\",\n        \"국회운영위원회 회의에서 논의된 법안 및 안건의 구체적인 처리 방안 마련\",\n        \"국민청원 처리 절차 개선 및 청원심사소위원회 활성화\"\n    ]\n}\n```",
  "prd_output": "```json\n{\n    \"overview\": \"파싱된 프로젝트는 회의 내용을 기반으로 프로젝트를 관리하고 실행하는 것을 목표로 합니다. 이 프로젝트는 회의에서 논의된 내용을 체계적으로 정리하고, 이를 바탕으로 프로젝트를 효율적으로 관리할 수 있도록 지원합니다. 타겟 사용자는 회의에서 나온 아이디어와 결정을 프로젝트로 전환하고자 하는 팀입니다. 이 프로젝트는 회의 내용을 자동으로 파싱하고, 이를 기반으로 프로젝트 계획을 생성함으로써 시간과 노력을 절약할 수 있는 가치를 제공합니다.\",\n    \"core_features\": \"1. 회의 내용 파싱 기능: 회의에서 논의된 내용을 자동으로 텍스트로 변환하고, 이를 분석하여 프로젝트 계획에 반영합니다. 2. 프로젝트 생성 및 관리 기능: 파싱된 내용을 바탕으로 프로젝트를 자동으로 생성하고, 이를 관리할 수 있는 인터페이스를 제공합니다. 3. 목표 설정 및 추적 기능: 프로젝트의 핵심 목표를 설정하고, 목표 달성 여부를 추적할 수 있습니다.\",\n    \"user_experience\": \"사용자는 회의가 끝난 후, 회의 내용을 시스템에 업로드합니다. 시스템은 이를 파싱하여 프로젝트 계획을 생성합니다. 사용자는 생성된 프로젝트 계획을 검토하고, 필요에 따라 수정합니다. 주요 페르소나는 프로젝트 매니저와 팀원들로, 이들은 직관적인 UI를 통해 프로젝트를 쉽게 관리할 수 있습니다.\",\n    \"technical_architecture\": \"시스템은 회의 내용을 텍스트로 변환하는 음성 인식 모듈, 텍스트를 분석하여 프로젝트 계획을 생성하는 NLP 모듈, 그리고 생성된 프로젝트를 관리하는 웹 애플리케이션으로 구성됩니다. 데이터는 클라우드 기반 데이터베이스에 저장되며, API를 통해 각 모듈이 상호작용합니다.\",\n    \"development_roadmap\": \"MVP 단계에서는 회의 내용을 텍스트로 변환하고, 이를 바탕으로 간단한 프로젝트 계획을 생성하는 기능을 구현합니다. 이후 단계에서는 프로젝트 관리 기능을 강화하고, 사용자 피드백을 반영하여 UI/UX를 개선합니다.\",\n    \"logical_dependency_chain\": \"초기 단계에서는 음성 인식 및 텍스트 변환 기능을 우선 개발합니다. 이후 NLP 모듈을 개발하여 텍스트를 분석하고, 마지막으로 프로젝트 관리 인터페이스를 구축합니다.\",\n    \"risks_and_mitigations\": \"기술적 도전으로는 음성 인식의 정확도와 NLP 분석의 정확성이 있습니다. 이를 위해 최신 기술을 도입하고, 지속적인 테스트와 개선을 통해 정확도를 높입니다. 자원 제약사항으로는 개발 인력과 시간의 제한이 있으며, 이를 해결하기 위해 외부 전문가와의 협업을 고려합니다.\",\n    \"appendix\": \"추가 정보로는 음성 인식 및 NLP 기술에 대한 최신 연구 결과와 기술 사양이 포함됩니다. 또한, 사용자 피드백을 수집하고 분석한 결과를 통해 프로젝트 개선 방향을 제시합니다.\"\n}\n```",
  "quality_metrics": {
    "final_score": 6.0,
    "is_production_ready": true,
    "iterations_used": 2,
    "is_high_quality": false
  },
  "metadata": {
    "source_file": "../batch_triplet_results\\result_제22대국회 제427회(임시회) 제1차 국회운영위원회(전체회의) (2025.07.10.)\\05_final_result.json",
    "utterance_count": 214,
    "transcript_length": 12841,
    "speakers": [
      "전진숙 위원",
      "문진석 위원",
      "곽규택 위원",
      "백승아 위원",
      "송언석 위원",
      "박성훈 위원",
      "박충권 위원",
      "채현일 위원",
      "문금주 위원",
      "이기헌 위원",
      "김은혜 위원",
      "조인철 위원",
      "허영 위원",
      "강선영 위원",
      "박상혁 위원",
      "김민전 의원",
      "김준혁 위원",
      "최수진 위원",
      "황운하 의원",
      "유상범 위원",
      "위원장 김병기",
      "김종민 의원",
      "신장식 위원",
      "오세희 위원",
      "박수민 위원",
      "서미화 위원",
      "이훈기 위원",
      "김남근 위원",
      "김영배 위원",
      "윤종오 위원",
      "조지연 위원"
    ],
    "dataset_type": "train",
    "processing_date": "2025-07-31T11:31:57.045865"
  }
}