{
  "id": "train_078",
  "source_dir": "result_ES2009d",
  "notion_output": "```json\n{\n    \"project_name\": \"지속 가능한 스마트 리모컨 개발 프로젝트\",\n    \"project_purpose\": \"사용자 편의성과 지속 가능성을 겸비한 스마트 리모컨 개발\",\n    \"project_period\": \"2024.01.01 ~ 2024.06.30\",\n    \"project_manager\": \"사라\",\n    \"core_objectives\": [\n        \"목표 1: 사용자 친화적인 음성 인식 기능 구현\",\n        \"목표 2: 친환경 소재를 활용한 리모컨 디자인\",\n        \"목표 3: 태양 전지 및 백업 배터리 시스템 통합\",\n        \"목표 4: 예산 초과 문제 해결 및 비용 효율성 확보\"\n    ],\n    \"core_idea\": \"리모컨의 사용자 경험을 혁신하고 환경에 미치는 영향을 최소화하며, 비용 효율성을 고려한 제품 개발\",\n    \"idea_description\": \"이 프로젝트는 음성 인식 기능을 통해 사용자 편의성을 높이고, 친환경 소재를 사용하여 지속 가능성을 고려한 리모컨을 개발하는 것을 목표로 합니다. 또한, 태양 전지를 활용하여 에너지 효율성을 극대화하고, 백업 배터리 시스템을 통해 안정성을 보장합니다. 예산 초과 문제를 해결하기 위한 비용 절감 전략도 포함됩니다.\",\n    \"execution_plan\": [\n        {\n            \"단계\": \"1단계: 프로토타입 설계 및 개발\",\n            \"기간\": \"2024.01.01 ~ 2024.02.28\",\n            \"책임자\": \"프로토타입 팀\"\n        },\n        {\n            \"단계\": \"2단계: 사용자 테스트 및 피드백 수집\",\n            \"기간\": \"2024.03.01 ~ 2024.03.31\",\n            \"책임자\": \"사용자 경험 팀\"\n        },\n        {\n            \"단계\": \"3단계: 최종 디자인 및 기능 개선\",\n            \"기간\": \"2024.04.01 ~ 2024.05.31\",\n            \"책임자\": \"디자인 및 개발 팀\"\n        },\n        {\n            \"단계\": \"4단계: 대량 생산 및 마케팅 준비\",\n            \"기간\": \"2024.06.01 ~ 2024.06.30\",\n            \"책임자\": \"생산 및 마케팅 팀\"\n        }\n    ],\n    \"budget_plan\": {\n        \"initial_budget\": \"500,000 USD\",\n        \"current_status\": \"예산 초과\",\n        \"adjustments\": \"비용 절감을 위한 대체 소재 사용 및 생산 공정 최적화\"\n    },\n    \"expected_effects\": [\n        \"기대효과 1: 사용자 편의성 향상으로 인한 고객 만족도 증가\",\n        \"기대효과 2: 친환경 소재 사용으로 인한 브랜드 이미지 개선\",\n        \"기대효과 3: 에너지 효율성 개선으로 인한 운영 비용 절감\",\n        \"기대효과 4: 비용 절감 전략으로 인한 예산 내 프로젝트 완료\"\n    ],\n    \"additional_considerations\": [\n        \"태양 전지와 백업 배터리의 최적화 방안 검토\",\n        \"콜센터 운영을 통한 고객 지원 강화\",\n        \"문화적 차이를 고려한 글로벌 시장 진출 전략\"\n    ]\n}\n```",
  "prd_output": "```json\n{\n    \"overview\": \"파싱된 프로젝트는 회의 내용을 기반으로 프로젝트를 관리하고 추적하는 도구입니다. 이 프로젝트는 회의에서 논의된 사항을 체계적으로 정리하고, 이를 통해 프로젝트의 진행 상황을 효율적으로 관리하려는 사용자들을 대상으로 합니다. 주요 가치 제안은 회의에서 나온 아이디어와 결정을 쉽게 파악하고 실행에 옮길 수 있도록 돕는 것입니다.\",\n    \"core_features\": \"1. 회의 내용 자동 파싱: 회의 녹음이나 메모를 자동으로 파싱하여 주요 내용을 추출합니다. 2. 프로젝트 생성 및 관리: 파싱된 내용을 기반으로 프로젝트를 생성하고, 관련 작업을 관리합니다. 3. 알림 및 업데이트: 프로젝트 진행 상황에 대한 알림을 사용자에게 제공합니다. 4. 협업 기능: 팀원들과의 실시간 협업 및 의견 교환을 지원합니다.\",\n    \"user_experience\": \"사용자는 회의가 끝난 후, 녹음 파일이나 메모를 업로드하여 자동으로 프로젝트를 생성할 수 있습니다. 페르소나는 프로젝트 매니저와 팀 리더로 설정되며, 주요 플로우는 회의 내용 업로드, 파싱 결과 확인, 프로젝트 생성 및 관리입니다. UI/UX는 직관적이고 사용하기 쉬운 인터페이스를 제공하여 사용자가 쉽게 적응할 수 있도록 설계됩니다.\",\n    \"technical_architecture\": \"시스템은 클라우드 기반으로 구성되며, 주요 구성 요소는 데이터 파싱 모듈, 프로젝트 관리 모듈, 알림 시스템입니다. 데이터 모델은 회의 내용, 프로젝트 정보, 사용자 데이터를 포함하며, API는 외부 서비스와의 연동을 지원합니다. 인프라 요구사항은 안정적인 클라우드 서비스와 데이터 보안을 포함합니다.\",\n    \"development_roadmap\": \"MVP 요구사항은 회의 내용 파싱 및 기본적인 프로젝트 관리 기능을 포함합니다. 향후 개선사항으로는 고급 분석 기능과 사용자 맞춤형 대시보드가 있습니다. 단계별 개발 범위는 초기 파싱 기능 개발, 프로젝트 관리 기능 추가, 협업 기능 확장 순으로 진행됩니다.\",\n    \"logical_dependency_chain\": \"개발 순서는 데이터 파싱 모듈을 먼저 개발하고, 이후 프로젝트 관리 모듈을 구축합니다. 기초 기능 우선순위는 파싱 정확도 개선과 사용자 인터페이스 최적화에 중점을 둡니다. 점진적 개발 방식으로 각 기능을 단계적으로 개선해 나갑니다.\",\n    \"risks_and_mitigations\": \"기술적 도전은 자연어 처리의 정확도와 데이터 보안입니다. MVP 정의는 기본적인 파싱 및 프로젝트 관리 기능을 포함하며, 자원 제약사항은 개발 인력과 클라우드 서비스 비용입니다. 이를 완화하기 위해 오픈 소스 라이브러리 활용과 클라우드 비용 최적화 방안을 검토합니다.\",\n    \"appendix\": \"추가 정보로는 자연어 처리 기술 연구 결과와 프로젝트 관리 도구 시장 분석 자료가 포함됩니다. 기술 사양으로는 사용된 프로그래밍 언어, 프레임워크, 데이터베이스 정보가 제공됩니다.\"\n}\n```",
  "quality_metrics": {
    "final_score": 6.0,
    "is_production_ready": true,
    "iterations_used": 2,
    "is_high_quality": false
  },
  "metadata": {
    "source_file": "../batch_triplet_results\\result_ES2009d\\05_final_result.json",
    "utterance_count": 318,
    "transcript_length": 10860,
    "speakers": [
      "Speaker_B",
      "Speaker_D",
      "Speaker_C",
      "Speaker_A"
    ],
    "dataset_type": "train",
    "processing_date": "2025-07-31T12:19:38.184867"
  }
}