{
  "id": "train_241",
  "source_dir": "result_TS3008b",
  "notion_output": "```json\n{\n    \"project_name\": \"차세대 TV 리모컨 개발 프로젝트\",\n    \"project_purpose\": \"사용자 친화적이고 트렌디한 디자인의 TV 리모컨을 개발하여 시장 점유율을 확대하고 새로운 고객층을 확보한다.\",\n    \"project_period\": \"2025.01.01 ~ 2025.03.31\",\n    \"project_manager\": \"Speaker_A\",\n    \"core_objectives\": [\n        \"목표 1: 사용자 인터페이스 개선을 통해 사용 편의성을 높인다.\",\n        \"목표 2: 기본 기능에 충실하면서도 트렌디한 디자인을 구현한다.\",\n        \"목표 3: 36세에서 65세 사이의 주요 고객층을 타겟으로 한 마케팅 전략을 수립한다.\",\n        \"목표 4: ZAP 버튼과 같은 새로운 기능을 통해 차별화된 사용자 경험을 제공한다.\"\n    ],\n    \"core_idea\": \"기본 기능에 충실하면서도 트렌디한 디자인의 리모컨 개발\",\n    \"idea_description\": \"리모컨은 기본적인 TV 제어 기능(재생, 정지, 되감기, 빨리 감기 등)을 제공하며, 사용자가 쉽게 조작할 수 있는 직관적인 인터페이스를 갖춘다. 또한, ZAP 버튼과 특정 채널로 이동하는 기능을 통해 사용자 편의성을 높인다. 트렌디한 디자인을 통해 젊은 고객층을 타겟으로 하며, 시장의 75%를 차지할 수 있는 기회를 노린다.\",\n    \"execution_plan\": [\n        {\n            \"phase\": \"1단계\",\n            \"description\": \"시장 조사 및 요구 사항 분석\",\n            \"period\": \"2025.01.01 ~ 2025.01.15\",\n            \"responsible_person\": \"Speaker_B\"\n        },\n        {\n            \"phase\": \"2단계\",\n            \"description\": \"디자인 및 기술 설계\",\n            \"period\": \"2025.01.16 ~ 2025.02.15\",\n            \"responsible_person\": \"Speaker_C\",\n            \"details\": \"ZAP 버튼 및 특정 채널 이동 기능 설계 포함\"\n        },\n        {\n            \"phase\": \"3단계\",\n            \"description\": \"프로토타입 개발 및 테스트\",\n            \"period\": \"2025.02.16 ~ 2025.03.15\",\n            \"responsible_person\": \"Speaker_D\",\n            \"details\": \"사용성 테스트 및 피드백 수집\"\n        },\n        {\n            \"phase\": \"4단계\",\n            \"description\": \"최종 제품 출시 준비 및 마케팅 전략 수립\",\n            \"period\": \"2025.03.16 ~ 2025.03.31\",\n            \"responsible_person\": \"Speaker_A\",\n            \"details\": \"마케팅 전략에 트렌디한 디자인 강조\"\n        }\n    ],\n    \"expected_effects\": [\n        \"기대효과 1: 사용자 만족도 향상으로 인한 브랜드 이미지 개선\",\n        \"기대효과 2: 새로운 고객층 확보로 인한 매출 증가\",\n        \"기대효과 3: 시장 점유율 75% 달성을 통한 경쟁력 강화\",\n        \"기대효과 4: ZAP 버튼과 같은 차별화된 기능을 통한 사용자 경험 개선\"\n    ]\n}\n```",
  "prd_output": "```json\n{\n    \"overview\": \"파싱된 프로젝트는 회의 내용을 기반으로 프로젝트를 관리하고 추적하는 시스템입니다. 이 프로젝트는 회의에서 논의된 사항을 체계적으로 정리하고, 이를 바탕으로 프로젝트를 생성 및 관리하는 문제를 해결합니다. 타겟 사용자는 주로 기업 내 프로젝트 관리자 및 팀원들로, 회의 내용을 효율적으로 관리하고 프로젝트 진행 상황을 명확히 파악할 수 있는 가치를 제공합니다.\",\n    \"core_features\": \"1. 회의 내용 파싱: 회의에서 논의된 내용을 자동으로 파싱하여 프로젝트의 주요 항목으로 변환합니다. 2. 프로젝트 생성: 파싱된 데이터를 바탕으로 새로운 프로젝트를 자동으로 생성합니다. 3. 진행 상황 추적: 프로젝트의 진행 상황을 실시간으로 추적하고 업데이트합니다. 4. 알림 및 리마인더: 중요한 마일스톤 및 일정에 대한 알림을 제공합니다.\",\n    \"user_experience\": \"사용자는 회의 후 시스템에 회의록을 업로드합니다. 시스템은 자동으로 내용을 분석하고 프로젝트를 생성합니다. 사용자는 생성된 프로젝트를 검토하고 필요한 수정 사항을 반영할 수 있습니다. 주요 플로우는 회의록 업로드, 프로젝트 생성, 진행 상황 확인, 알림 설정으로 구성됩니다. UI/UX는 직관적이며 사용자가 쉽게 접근할 수 있도록 설계됩니다.\",\n    \"technical_architecture\": \"시스템은 클라우드 기반의 서비스로, 데이터 파싱 엔진, 프로젝트 관리 모듈, 알림 모듈로 구성됩니다. 데이터 모델은 회의록, 프로젝트, 사용자 정보를 포함하며, API는 외부 시스템과의 연동을 지원합니다. 인프라는 AWS를 기반으로 하며, 확장성을 고려한 설계가 필요합니다.\",\n    \"development_roadmap\": \"MVP 단계에서는 회의 내용 파싱 및 기본적인 프로젝트 생성 기능을 구현합니다. 이후 단계에서는 진행 상황 추적 및 알림 기능을 추가하며, 사용자 피드백을 반영한 UI/UX 개선을 진행합니다.\",\n    \"logical_dependency_chain\": \"우선적으로 회의 내용 파싱 기능을 개발하고, 이를 바탕으로 프로젝트 생성 기능을 구현합니다. 이후 진행 상황 추적 기능을 추가하며, 마지막으로 알림 기능을 통합합니다.\",\n    \"risks_and_mitigations\": \"기술적 도전은 자연어 처리 기술의 정확성입니다. 이를 위해 다양한 데이터셋을 활용한 모델 학습이 필요합니다. MVP 정의는 회의 내용 파싱과 프로젝트 생성 기능으로, 초기 자원 제약사항은 클라우드 인프라 비용입니다.\",\n    \"appendix\": \"추가 정보로는 자연어 처리 기술에 대한 연구 결과와 시스템 설계에 사용된 기술 사양이 포함됩니다.\"\n}\n```",
  "quality_metrics": {
    "final_score": 6.0,
    "is_production_ready": true,
    "iterations_used": 2,
    "is_high_quality": false
  },
  "metadata": {
    "source_file": "../batch_triplet_results\\result_TS3008b\\05_final_result.json",
    "utterance_count": 280,
    "transcript_length": 9718,
    "speakers": [
      "Speaker_A",
      "Speaker_B",
      "Speaker_D",
      "Speaker_C"
    ],
    "dataset_type": "train",
    "processing_date": "2025-07-31T15:31:55.745132"
  }
}