{
  "id": "train_089",
  "source_dir": "result_EN2009c",
  "notion_output": "```json\n{\n    \"project_name\": \"GDF 포맷 최적화 및 NXT 변환과 시선 추적 데이터 분석 프로젝트\",\n    \"project_purpose\": \"GDF 포맷을 최적화하고 NXT로 변환하여 데이터 분석의 정확성과 효율성을 높이며, 시선 추적 데이터의 정밀한 분석을 통해 다양한 분석 요구에 대응\",\n    \"project_period\": \"2023.11.01 ~ 2024.01.31\",\n    \"project_manager\": \"엘렌\",\n    \"core_objectives\": [\n        \"목표 1: GDF 포맷의 출력 최적화 및 XML DTD 추가\",\n        \"목표 2: GDF 데이터를 NXT로 변환하는 프로세스 개발 및 기술적 도전 해결\",\n        \"목표 3: 시선 추적 데이터의 정밀한 분석을 위한 시스템 구축 및 Camtasia 관련 문제 해결\"\n    ],\n    \"core_idea\": \"GDF 포맷을 NXT로 변환하여 데이터 분석의 정확성과 효율성을 높이고, 시선 추적 데이터를 정밀하게 분석하여 실시간 처리와 다양한 분석 요구에 유연하게 대응하는 시스템 개발\",\n    \"idea_description\": \"기존 GDF 포맷의 데이터를 NXT로 변환하여 다양한 분석 요구에 맞게 데이터를 활용할 수 있도록 한다. 이를 통해 데이터의 정밀한 분석과 실시간 처리가 가능해진다. 또한, 시선 추적 데이터 분석의 구체적인 방법론을 개발하여 Camtasia와 관련된 문제를 해결한다.\",\n    \"execution_plan\": {\n        \"단계 1\": \"GDF 포맷의 XML DTD 추가 및 최적화 (2023.11.01 ~ 2023.11.30)\",\n        \"단계 2\": \"GDF 데이터를 NXT로 변환하는 알고리즘 개발 및 기술적 도전 해결 (2023.12.01 ~ 2023.12.31)\",\n        \"단계 3\": \"시선 추적 데이터 분석 시스템 구축 및 Camtasia 관련 문제 해결 (2024.01.01 ~ 2024.01.31)\"\n    },\n    \"expected_effects\": [\n        \"기대효과 1: 데이터 분석의 정확성 향상\",\n        \"기대효과 2: 실시간 데이터 처리 가능\",\n        \"기대효과 3: 다양한 분석 요구에 대한 유연한 대응\",\n        \"기대효과 4: Camtasia 관련 문제 해결로 인한 시스템 안정성 향상\"\n    ],\n    \"technical_details\": {\n        \"GDF to NXT Conversion\": \"GDF 데이터를 NXT로 변환하는 과정에서 발생할 수 있는 기술적 도전과 해결 방안을 포함하며, 이를 통해 변환 과정의 효율성을 높인다. 회의에서 논의된 바와 같이, 변환 과정에서의 작은 단계로 분리하여 이해를 돕고 효율성을 높인다.\",\n        \"Eye Tracking Data Analysis\": \"시선 추적 데이터를 정밀하게 분석하기 위한 구체적인 방법론을 개발하고, 이를 통해 Camtasia와 관련된 문제를 해결한다. 특히, 눈 깜빡임과 시선 고정 시간의 상호작용을 고려한 분석 방법을 포함한다.\",\n        \"Camtasia Issue Resolution\": \"회의에서 논의된 Camtasia 관련 문제를 해결하기 위한 구체적인 계획을 수립하고, 이를 실행에 옮긴다. Camtasia와 관련된 문제는 실험실 접근성과 관련된 부분을 포함하여 해결 방안을 마련한다.\"\n    },\n    \"additional_notes\": [\n        \"회의에서 논의된 GDF와 NXT 변환 관련 기술적 세부사항을 반영하여, 변환 과정에서의 효율성을 높이는 방법을 구체화한다.\",\n        \"시선 추적 데이터 분석에 있어 눈 깜빡임과 시선 고정 시간의 상호작용을 고려한 분석 방법을 개발한다.\",\n        \"Camtasia 관련 문제는 실험실 접근성과 관련된 부분을 포함하여, 구체적인 해결 방안을 마련한다.\"\n    ]\n}\n```",
  "prd_output": "```json\n{\n    \"overview\": \"파싱된 프로젝트는 회의 내용을 기반으로 한 프로젝트로, 회의 중 논의된 핵심 아이디어를 체계적으로 정리하고 실행 계획을 수립하는 것을 목표로 합니다. 이 프로젝트는 회의의 효율성을 높이고, 논의된 내용을 명확히 파악하여 실행 가능한 계획으로 전환하는 데 도움을 주고자 합니다. 타겟 사용자는 주로 기업의 프로젝트 매니저와 팀 리더들로, 회의 후 실행 계획을 신속하게 수립하고자 하는 사용자들입니다. 이 프로젝트는 회의 내용을 자동으로 파싱하여 실행 가능한 계획으로 변환하는 가치를 제공합니다.\",\n    \"core_features\": \"1. 회의 내용 자동 파싱: 회의 중 논의된 내용을 자동으로 텍스트로 변환하고, 핵심 아이디어를 추출합니다. 2. 실행 계획 생성: 파싱된 내용을 기반으로 실행 가능한 계획을 자동으로 생성합니다. 3. 목표 설정 및 추적: 설정된 목표를 기반으로 진행 상황을 추적할 수 있는 기능을 제공합니다.\",\n    \"user_experience\": \"사용자는 회의가 끝난 후, 파싱된 프로젝트에 회의 녹음을 업로드합니다. 시스템은 자동으로 내용을 파싱하고, 사용자는 추출된 핵심 아이디어와 실행 계획을 검토합니다. 주요 페르소나는 프로젝트 매니저이며, UI/UX는 직관적이고 사용하기 쉬운 인터페이스를 제공합니다.\",\n    \"technical_architecture\": \"시스템은 음성 인식 API를 사용하여 회의 내용을 텍스트로 변환합니다. 데이터 모델은 회의 내용, 핵심 아이디어, 실행 계획을 저장하고 관리합니다. 인프라는 클라우드 기반으로 구축되어 있으며, 확장 가능한 구조를 갖추고 있습니다.\",\n    \"development_roadmap\": \"MVP는 회의 내용 파싱 및 실행 계획 생성을 포함합니다. 향후 개선사항으로는 다국어 지원 및 목표 추적 기능의 고도화가 있습니다. 단계별 개발은 MVP 출시 후 사용자 피드백을 반영하여 진행됩니다.\",\n    \"logical_dependency_chain\": \"우선적으로 회의 내용 파싱 기능을 개발하고, 이후 실행 계획 생성 기능을 추가합니다. 기초 기능이 완성된 후, 목표 추적 기능을 개발합니다.\",\n    \"risks_and_mitigations\": \"기술적 도전으로는 음성 인식의 정확도가 있으며, 이를 위해 최신 음성 인식 기술을 도입합니다. 자원 제약사항으로는 개발 인력의 제한이 있으며, 외부 파트너와의 협력을 통해 이를 완화할 계획입니다.\",\n    \"appendix\": \"추가 정보로는 음성 인식 기술에 대한 연구 결과와 기술 사양이 포함됩니다.\"\n}\n```",
  "quality_metrics": {
    "final_score": 6.0,
    "is_production_ready": true,
    "iterations_used": 3,
    "is_high_quality": false
  },
  "metadata": {
    "source_file": "../batch_triplet_results\\result_EN2009c\\05_final_result.json",
    "utterance_count": 271,
    "transcript_length": 9901,
    "speakers": [
      "Speaker_B",
      "Speaker_C",
      "Speaker_A"
    ],
    "dataset_type": "train",
    "processing_date": "2025-07-31T12:32:22.001366"
  }
}