{
  "id": "train_191",
  "source_dir": "result_제22대국회 제424회(임시회) 제4차 과학기술정보방송통신위원회(전체회의) (2025.04.24.)",
  "notion_output": "```json\n{\n    \"project_name\": \"2025년도 AI 및 과학기술 예산 강화 프로젝트\",\n    \"project_purpose\": \"AI 및 과학기술 분야의 글로벌 경쟁력 강화를 위한 예산 증액 및 효율적 운용\",\n    \"project_period\": \"2025.01.01 ~ 2025.12.31\",\n    \"project_manager\": \"정동영 예산결산심사소위원장\",\n    \"core_objectives\": [\n        \"목표 1: AI 컴퓨팅 인프라 강화 및 글로벌 AI 3대 강국 도약\",\n        \"목표 2: 피지컬AI 제조특화 사업을 통한 제조업 혁신\",\n        \"목표 3: 정보통신 및 방송 분야의 불법 스팸 대응 및 인재 양성\"\n    ],\n    \"core_idea\": \"AI 및 과학기술 분야의 예산 증액을 통해 국가 경쟁력 강화\",\n    \"idea_description\": \"AI 인프라 및 피지컬AI 특화 사업에 대한 예산 증액을 통해 글로벌 경쟁력을 확보하고, 정보통신 및 방송 분야의 인재 양성과 불법 스팸 대응 체계를 강화하여 산업 전반의 혁신을 도모한다.\",\n    \"execution_plan\": \"1. AI 인프라 구축 및 피지컬AI 사업 추진 (2025년 1분기)\\n2. 정보통신 및 방송 분야 불법 스팸 대응 체계 강화 (2025년 2분기)\\n3. 인재 양성을 위한 교육 프로그램 개발 및 시행 (2025년 3분기)\\n4. 예산 집행 및 성과 평가 (2025년 4분기)\",\n    \"expected_effects\": [\n        \"기대효과 1: AI 인프라 강화로 인한 글로벌 AI 시장에서의 경쟁력 확보\",\n        \"기대효과 2: 피지컬AI 제조특화 사업을 통한 제조업 생산성 및 효율성 증대\",\n        \"기대효과 3: 정보통신 및 방송 분야의 불법 스팸 감소 및 인재 양성을 통한 산업 발전\"\n    ]\n}\n```",
  "prd_output": "```json\n{\n    \"overview\": \"파싱된 프로젝트는 회의 내용을 기반으로 프로젝트를 생성하는 것을 목표로 합니다. 이 프로젝트는 회의 중 논의된 내용을 자동으로 파싱하여 프로젝트로 변환함으로써 시간 절약과 효율성을 제공합니다. 타겟 사용자는 회의에서 많은 내용을 다루는 기업의 프로젝트 관리자들입니다. 이 프로젝트는 회의 후속 작업을 자동화하여 사용자의 생산성을 높이는 가치를 제공합니다.\",\n    \"core_features\": \"1. 자동 파싱 기능: 회의 내용을 텍스트로 입력하면 자동으로 프로젝트로 변환합니다. 2. 프로젝트 생성: 파싱된 내용을 기반으로 프로젝트의 목표, 실행 계획 등을 자동으로 설정합니다. 3. 사용자 맞춤화: 사용자가 원하는 방식으로 프로젝트를 수정 및 관리할 수 있는 기능을 제공합니다.\",\n    \"user_experience\": \"사용자는 회의가 끝난 후 회의록을 시스템에 입력합니다. 시스템은 이를 분석하여 자동으로 프로젝트를 생성합니다. 주요 사용자 페르소나는 프로젝트 관리자이며, 주요 플로우는 회의록 입력 -> 자동 파싱 -> 프로젝트 생성 -> 사용자 맞춤화입니다. UI/UX는 직관적이고 사용하기 쉬운 인터페이스를 제공하여 사용자가 쉽게 프로젝트를 관리할 수 있도록 설계됩니다.\",\n    \"technical_architecture\": \"시스템은 클라우드 기반으로 운영되며, 주요 구성 요소는 텍스트 파싱 엔진, 프로젝트 생성 모듈, 사용자 인터페이스입니다. 데이터 모델은 회의록, 프로젝트 목표, 실행 계획 등의 데이터를 포함합니다. API는 외부 회의록 입력 및 프로젝트 관리 시스템과의 통합을 지원합니다. 인프라는 AWS를 기반으로 하여 확장성과 안정성을 보장합니다.\",\n    \"development_roadmap\": \"MVP 요구사항은 기본적인 회의록 파싱 및 프로젝트 생성 기능입니다. 향후 개선사항으로는 다국어 지원, AI 기반의 더 정교한 파싱 기능 추가가 포함됩니다. 단계별 개발 범위는 초기 파싱 기능 개발 -> 프로젝트 생성 기능 개발 -> 사용자 맞춤화 기능 개발로 진행됩니다.\",\n    \"logical_dependency_chain\": \"기초 기능으로는 텍스트 파싱 엔진 개발이 우선이며, 이후 프로젝트 생성 모듈과 사용자 인터페이스 개발이 진행됩니다. 점진적 개발 방식으로 각 기능을 독립적으로 테스트하고 통합합니다.\",\n    \"risks_and_mitigations\": \"기술적 도전으로는 정확한 텍스트 파싱 알고리즘 개발이 있으며, 이를 위해 머신러닝 모델을 활용합니다. MVP 정의는 기본 파싱 및 프로젝트 생성 기능으로 설정하며, 자원 제약사항은 개발 인력과 시간입니다.\",\n    \"appendix\": \"추가 정보로는 관련 연구 결과와 기술 사양 문서가 포함됩니다. 이 문서들은 프로젝트의 기술적 기반을 제공하며, 개발팀의 이해를 돕습니다.\"\n}\n```",
  "quality_metrics": {
    "final_score": 6.0,
    "is_production_ready": true,
    "iterations_used": 1,
    "is_high_quality": false
  },
  "metadata": {
    "source_file": "../batch_triplet_results\\result_제22대국회 제424회(임시회) 제4차 과학기술정보방송통신위원회(전체회의) (2025.04.24.)\\05_final_result.json",
    "utterance_count": 246,
    "transcript_length": 17736,
    "speakers": [
      "김현 위원",
      "소위원장 정동영",
      "정동영 위원",
      "과학기술정보통신부장관 유상임",
      "박충권 위원",
      "노종면 위원",
      "이정헌 위원",
      "최형두 위원",
      "참고인 김정호",
      "우주항공청장 윤영빈",
      "방송통신위원장 이진숙",
      "위원장 최민희",
      "황정아 위원"
    ],
    "dataset_type": "train",
    "processing_date": "2025-07-31T14:45:18.619528"
  }
}