{
  "id": "train_233",
  "source_dir": "result_ES2015c",
  "notion_output": "```json\n{\n    \"project_name\": \"에코 프렌들리 리모컨 디자인 프로젝트\",\n    \"project_purpose\": \"환경 친화적이고 사용자 친화적인 리모컨을 디자인하여 시장의 요구를 충족시키고, 지속 가능한 에너지 사용을 촉진합니다.\",\n    \"project_period\": \"2025.01.01 ~ 2025.03.31\",\n    \"project_manager\": \"Poppy\",\n    \"core_objectives\": [\n        \"목표 1: 운동 에너지를 활용한 친환경 리모컨 개발\",\n        \"목표 2: 사용자 인터페이스의 직관성과 편리성 향상\",\n        \"목표 3: 트렌디한 디자인을 통해 시장 경쟁력 확보\"\n    ],\n    \"core_idea\": \"운동 에너지를 활용한 친환경 리모컨\",\n    \"idea_description\": \"리모컨의 에너지원으로 운동 에너지를 활용하여 외부 배터리나 태양광 패널 없이도 지속 가능한 에너지를 제공하며, 다양한 색상과 디자인 옵션을 통해 사용자 경험을 향상시킵니다.\",\n    \"execution_plan\": \"1단계: 시장 조사 및 디자인 컨셉 확립 (2025.01.01 ~ 2025.01.31)\\n2단계: 프로토타입 개발 및 테스트 (2025.02.01 ~ 2025.02.28)\\n3단계: 최종 디자인 확정 및 생산 준비 (2025.03.01 ~ 2025.03.31)\",\n    \"expected_effects\": [\n        \"기대효과 1: 환경 보호에 기여하는 지속 가능한 제품 개발\",\n        \"기대효과 2: 사용자 편의성을 높여 고객 만족도 향상\",\n        \"기대효과 3: 혁신적인 디자인으로 시장 점유율 확대\"\n    ]\n}\n```",
  "prd_output": "```json\n{\n    \"overview\": \"파싱된 프로젝트는 회의 내용을 기반으로 프로젝트를 생성하는 도구입니다. 이 프로젝트는 회의 중 논의된 내용을 효과적으로 파악하고 이를 바탕으로 프로젝트를 자동으로 생성하여 사용자에게 제공하는 것을 목표로 합니다. 주 타겟 사용자는 프로젝트 매니저, 팀 리더, 그리고 회의 내용을 기반으로 빠르게 프로젝트를 구성해야 하는 전문가들입니다. 이 도구는 시간 절약과 효율적인 프로젝트 관리라는 가치를 제공합니다.\",\n    \"core_features\": \"1. 회의 내용 파싱: 회의 중 기록된 내용을 자동으로 분석하여 주요 정보를 추출합니다.\\n2. 프로젝트 생성: 추출된 정보를 바탕으로 프로젝트 구조를 자동으로 생성합니다.\\n3. 사용자 맞춤 설정: 사용자가 원하는 대로 프로젝트 구조를 수정할 수 있는 기능을 제공합니다.\\n4. 실시간 협업: 여러 사용자가 동시에 프로젝트에 접근하고 수정할 수 있는 기능을 지원합니다.\",\n    \"user_experience\": \"사용자는 회의가 끝난 후 회의록을 업로드하거나 실시간으로 회의 내용을 입력합니다. 시스템은 이를 분석하여 프로젝트의 기본 구조를 제안합니다. 사용자는 제안된 프로젝트를 검토하고 필요에 따라 수정할 수 있습니다. 주요 페르소나는 프로젝트 매니저와 팀 리더로, 이들은 직관적인 UI를 통해 빠르게 프로젝트를 구성할 수 있습니다.\",\n    \"technical_architecture\": \"시스템은 자연어 처리(NLP) 모듈을 사용하여 회의 내용을 분석합니다. 데이터베이스는 프로젝트 정보를 저장하며, API를 통해 사용자 인터페이스와 통신합니다. 클라우드 기반 인프라를 통해 실시간 협업 기능을 지원합니다.\",\n    \"development_roadmap\": \"MVP 단계에서는 회의 내용 파싱과 기본 프로젝트 생성 기능을 구현합니다. 이후 사용자 맞춤 설정 기능과 실시간 협업 기능을 추가할 예정입니다. 각 단계별로 사용자 피드백을 반영하여 지속적으로 개선할 계획입니다.\",\n    \"logical_dependency_chain\": \"먼저 NLP 모듈을 개발하여 회의 내용을 파싱하는 기능을 구현합니다. 이후 프로젝트 생성 기능을 개발하고, 사용자 맞춤 설정 기능을 추가합니다. 마지막으로 실시간 협업 기능을 구현하여 전체 시스템을 완성합니다.\",\n    \"risks_and_mitigations\": \"자연어 처리의 정확도가 낮을 경우 프로젝트 생성의 품질이 떨어질 수 있습니다. 이를 위해 지속적인 모델 학습과 사용자 피드백을 통해 정확도를 개선할 계획입니다. 또한, 실시간 협업 기능 구현 시 서버 부하가 증가할 수 있으므로 클라우드 인프라를 확장할 준비가 필요합니다.\",\n    \"appendix\": \"추가 정보로는 자연어 처리 기술에 대한 연구 자료와 클라우드 인프라 구성에 대한 기술 사양이 포함됩니다.\"\n}\n```",
  "quality_metrics": {
    "final_score": 6.0,
    "is_production_ready": true,
    "iterations_used": 1,
    "is_high_quality": false
  },
  "metadata": {
    "source_file": "../batch_triplet_results\\result_ES2015c\\05_final_result.json",
    "utterance_count": 358,
    "transcript_length": 11804,
    "speakers": [
      "Speaker_B",
      "Speaker_D",
      "Speaker_C",
      "Speaker_A"
    ],
    "dataset_type": "train",
    "processing_date": "2025-07-31T15:22:15.344532"
  }
}