{
  "id": "train_188",
  "source_dir": "result_ES2014c",
  "notion_output": "```json\n{\n    \"project_name\": \"스마트 리모컨 혁신 프로젝트\",\n    \"project_purpose\": \"사용자 경험을 극대화하고 비용 효율성을 고려한 스마트 리모컨 개발\",\n    \"project_period\": \"2024.01.01 ~ 2024.06.30\",\n    \"project_manager\": \"Speaker_A\",\n    \"core_objectives\": [\n        \"목표 1: 사용자 인터페이스 개선 및 버튼 통합\",\n        \"목표 2: 고무 케이스와 버튼을 통한 제품 디자인 향상\",\n        \"목표 3: 비용 효율적인 회로 기판 설계 및 선택\",\n        \"목표 4: 운동 에너지 공급 기능을 통한 친환경적 전원 공급\"\n    ],\n    \"core_idea\": \"사용자 친화적이고 혁신적인 디자인의 스마트 리모컨 개발\",\n    \"idea_description\": \"고무 케이스와 버튼을 사용하여 세련된 디자인을 구현하고, 통합 푸시 버튼과 운동 에너지 공급 기능을 통해 사용자 경험을 향상시킵니다. 다양한 회로 기판 옵션을 고려하여 비용 효율성을 극대화합니다.\",\n    \"execution_plan\": [\n        \"단계 1: 시장 조사 및 요구사항 분석 (2024.01.01 ~ 2024.02.15)\",\n        \"단계 2: 디자인 및 프로토타입 개발 (2024.02.16 ~ 2024.03.31)\",\n        \"단계 3: 회로 기판 및 버튼 통합 테스트 (2024.04.01 ~ 2024.05.15)\",\n        \"단계 4: 최종 제품 검토 및 수정 (2024.05.16 ~ 2024.06.15)\",\n        \"단계 5: 제품 출시 준비 및 마케팅 계획 수립 (2024.06.16 ~ 2024.06.30)\"\n    ],\n    \"cost_considerations\": {\n        \"circuit_board_options\": [\n            \"기본 회로 기판: 저비용, 표준 기능\",\n            \"고급 회로 기판: 고비용, 추가 기능 지원 (예: 스크롤 휠)\"\n        ],\n        \"button_integration\": \"통합 푸시 버튼 사용 시 비용 증가 가능성\",\n        \"energy_supply\": \"운동 에너지 공급 기능 추가 시 비용 절감 가능성\",\n        \"additional_costs\": \"리모컨 크기에 큰 영향을 미치지 않는 작은 장치 구매 시 추가 비용 발생 가능성\"\n    },\n    \"expected_effects\": [\n        \"기대효과 1: 사용자 편의성 향상으로 인한 고객 만족도 증가\",\n        \"기대효과 2: 혁신적인 디자인을 통한 시장 경쟁력 강화\",\n        \"기대효과 3: 비용 절감을 통한 수익성 개선\"\n    ],\n    \"additional_notes\": [\n        \"회의에서 논의된 고무 케이스와 버튼의 디자인을 최종 결정할 때, 사용자 피드백을 반영할 예정\",\n        \"회로 기판 선택 시, 각 옵션의 장단점을 분석하여 최적의 선택을 할 것\",\n        \"제품 출시 전, 마케팅 전략을 통해 혁신적 디자인과 기능성을 강조할 계획\",\n        \"회의에서 논의된 대기 버튼과 스크롤 휠의 기능성을 고려하여 디자인을 최적화할 것\"\n    ]\n}\n```",
  "prd_output": "```json\n{\n    \"overview\": \"파싱된 프로젝트는 회의 내용을 기반으로 한 프로젝트로, 회의 중 논의된 사항을 체계적으로 정리하고 관리할 수 있는 솔루션을 제공합니다. 이 프로젝트는 회의 참가자 및 관리자들이 회의 내용을 효율적으로 파악하고 실행 계획을 수립하는 데 도움을 주는 것을 목표로 합니다. 타겟 사용자는 주로 기업의 회의 관리자 및 팀 리더들로, 이들에게 회의 효율성을 높이는 가치를 제공합니다.\",\n    \"core_features\": \"주요 기능으로는 회의 내용 자동 파싱, 핵심 아이디어 추출, 실행 계획 생성, 목표 설정 및 관리 등이 있습니다. 회의 내용 자동 파싱 기능은 음성 인식 및 자연어 처리 기술을 활용하여 회의 내용을 텍스트로 변환하고, 핵심 아이디어를 추출하여 사용자에게 제공합니다. 실행 계획 생성 기능은 추출된 아이디어를 바탕으로 구체적인 실행 계획을 제안합니다. 목표 설정 및 관리 기능은 사용자가 설정한 목표를 지속적으로 추적하고 관리할 수 있도록 지원합니다.\",\n    \"user_experience\": \"사용자 경험 설계는 회의 관리자 및 팀 리더 페르소나를 중심으로 구성됩니다. 주요 사용자 여정은 회의 시작, 내용 파싱, 아이디어 검토, 실행 계획 수립, 목표 설정 및 관리로 이어집니다. UI/UX는 직관적이고 사용자가 쉽게 접근할 수 있도록 설계되며, 모바일 및 웹 플랫폼에서 일관된 경험을 제공합니다.\",\n    \"technical_architecture\": \"기술 아키텍처는 음성 인식 모듈, 자연어 처리 엔진, 데이터 저장소, 사용자 인터페이스로 구성됩니다. 데이터 모델은 회의 내용, 아이디어, 실행 계획, 목표 등을 포함하며, RESTful API를 통해 각 모듈 간 데이터를 주고받습니다. 인프라 요구사항으로는 클라우드 기반 서버와 데이터베이스가 필요합니다.\",\n    \"development_roadmap\": \"개발 로드맵은 MVP 단계에서 회의 내용 파싱 및 핵심 아이디어 추출 기능을 우선 구현하고, 이후 실행 계획 생성 및 목표 관리 기능을 추가합니다. 향후 개선사항으로는 사용자 피드백을 반영한 기능 개선 및 추가 기능 개발이 포함됩니다.\",\n    \"logical_dependency_chain\": \"논리적 의존성 체인은 음성 인식 및 자연어 처리 기능을 먼저 개발하고, 이를 기반으로 아이디어 추출 및 실행 계획 생성 기능을 구현하는 순서로 진행됩니다. 기초 기능 우선순위는 데이터 수집 및 처리, 사용자 인터페이스 개발, 기능 통합 순으로 설정됩니다.\",\n    \"risks_and_mitigations\": \"위험 요소로는 음성 인식 및 자연어 처리의 정확도, 데이터 보안 및 프라이버시 이슈, MVP 정의의 명확성 등이 있습니다. 이를 완화하기 위해 최신 기술을 활용한 정확도 개선, 데이터 암호화 및 접근 제어 강화, MVP 범위 명확화를 통해 리스크를 줄입니다.\",\n    \"appendix\": \"추가 정보로는 음성 인식 및 자연어 처리 기술에 대한 연구 결과, 관련 기술 사양 및 구현 사례 등이 포함됩니다.\"\n}\n```",
  "quality_metrics": {
    "final_score": 6.0,
    "is_production_ready": true,
    "iterations_used": 3,
    "is_high_quality": false
  },
  "metadata": {
    "source_file": "../batch_triplet_results\\result_ES2014c\\05_final_result.json",
    "utterance_count": 257,
    "transcript_length": 9098,
    "speakers": [
      "Speaker_B",
      "Speaker_D",
      "Speaker_C",
      "Speaker_A"
    ],
    "dataset_type": "train",
    "processing_date": "2025-07-31T14:41:54.417346"
  }
}