{
  "id": "train_219",
  "source_dir": "result_TS3003b",
  "notion_output": "```json\n{\n    \"project_name\": \"스마트 리모컨 혁신 프로젝트\",\n    \"project_purpose\": \"사용자 친화적이고 혁신적인 리모컨 개발을 통해 시장 점유율 확대 및 사용자 경험 개선\",\n    \"project_period\": \"2025.01.01 ~ 2025.06.30\",\n    \"project_manager\": \"Speaker_A\",\n    \"core_objectives\": [\n        \"목표 1: 사용자 요구 사항에 부합하는 간단하고 직관적인 리모컨 디자인 개발\",\n        \"목표 2: 불필요한 기능 제거 및 핵심 기능 최적화로 사용자 편의성 증대\",\n        \"목표 3: 젊은층을 타겟으로 한 혁신적인 디자인과 기능 구현\"\n    ],\n    \"core_idea\": \"사용자 중심의 간단한 버튼 구성과 도킹 스테이션을 통한 리모컨의 혁신적 디자인\",\n    \"idea_description\": \"리모컨의 버튼 수를 최소화하여 사용성을 높이고, 도킹 스테이션을 통해 리모컨 분실 문제를 해결하며, LCD 화면과 터치스크린을 도입하여 젊은층의 요구를 반영\",\n    \"execution_plan\": \"1단계: 사용자 요구 분석 및 기능 정의 (2025.01.01 ~ 2025.02.15)\\n2단계: 디자인 및 프로토타입 개발 (2025.02.16 ~ 2025.04.15)\\n3단계: 사용자 테스트 및 피드백 반영 (2025.04.16 ~ 2025.05.15)\\n4단계: 최종 제품 개발 및 출시 준비 (2025.05.16 ~ 2025.06.30)\",\n    \"expected_effects\": [\n        \"기대효과 1: 사용자 편의성 증대로 인한 고객 만족도 향상\",\n        \"기대효과 2: 혁신적 디자인으로 젊은층 시장 점유율 확대\",\n        \"기대효과 3: 도킹 스테이션 도입으로 리모컨 분실 문제 해결 및 사용자 경험 개선\"\n    ]\n}\n```",
  "prd_output": "```json\n{\n    \"overview\": \"프로젝트명 '파싱된 프로젝트'는 회의 내용을 기반으로 한 프로젝트로, 사용자에게 회의의 핵심 아이디어와 실행 계획을 효과적으로 전달하는 것을 목표로 합니다. 이 프로젝트는 회의에서 논의된 내용을 체계적으로 정리하고, 이를 통해 사용자들이 회의의 핵심 목표를 쉽게 이해하고 실행할 수 있도록 지원합니다. 주요 타겟 사용자는 회의 내용을 정리하고 실행 계획을 수립해야 하는 비즈니스 전문가들입니다. 이 프로젝트는 사용자가 회의의 핵심 내용을 빠르게 파악하고, 실행 가능한 계획을 수립하는 데 가치를 제공합니다.\",\n    \"core_features\": \"1. 회의 내용 파싱: 회의 내용을 자동으로 분석하여 핵심 아이디어와 실행 계획을 추출합니다. 2. 목표 설정: 추출된 내용을 바탕으로 명확한 목표를 설정할 수 있습니다. 3. 실행 계획 생성: 목표에 따른 구체적인 실행 계획을 자동으로 생성합니다. 각 기능은 사용자가 회의 내용을 보다 효율적으로 관리하고 실행할 수 있도록 지원합니다.\",\n    \"user_experience\": \"사용자는 회의 내용을 입력하면, 시스템이 자동으로 내용을 분석하여 핵심 아이디어와 실행 계획을 제시합니다. 사용자 페르소나는 비즈니스 전문가로, 주요 플로우는 회의 내용 입력 -> 분석 결과 확인 -> 목표 및 실행 계획 설정입니다. UI/UX는 직관적이고 사용자가 쉽게 이해할 수 있도록 설계됩니다.\",\n    \"technical_architecture\": \"시스템은 자연어 처리(NLP) 모듈을 통해 회의 내용을 분석합니다. 데이터 모델은 회의 내용, 핵심 아이디어, 실행 계획으로 구성됩니다. API는 외부 시스템과의 연동을 지원하며, 인프라는 클라우드 기반으로 확장성을 고려합니다.\",\n    \"development_roadmap\": \"MVP 요구사항은 회의 내용 파싱 및 목표 설정 기능입니다. 향후 개선사항으로는 사용자 피드백 기반의 실행 계획 최적화가 포함됩니다. 단계별 개발 범위는 초기 파싱 기능 구현, 목표 설정 기능 추가, 실행 계획 생성 기능 확장입니다.\",\n    \"logical_dependency_chain\": \"1. 회의 내용 파싱 기능 개발 2. 목표 설정 기능 개발 3. 실행 계획 생성 기능 개발. 기초 기능은 회의 내용 파싱으로, 이를 기반으로 목표 설정 및 실행 계획 생성 기능이 점진적으로 개발됩니다.\",\n    \"risks_and_mitigations\": \"기술적 도전은 자연어 처리의 정확성입니다. 이를 위해 MVP 단계에서 제한된 도메인에 집중하여 정확도를 높입니다. 자원 제약사항은 개발 인력 및 시간이며, 이를 위해 우선순위가 높은 기능부터 개발합니다.\",\n    \"appendix\": \"추가 정보로는 자연어 처리 기술 연구 결과 및 관련 기술 사양이 포함됩니다. 이를 통해 프로젝트의 기술적 기반을 강화합니다.\"\n}\n```",
  "quality_metrics": {
    "final_score": 6.0,
    "is_production_ready": true,
    "iterations_used": 1,
    "is_high_quality": false
  },
  "metadata": {
    "source_file": "../batch_triplet_results\\result_TS3003b\\05_final_result.json",
    "utterance_count": 259,
    "transcript_length": 9419,
    "speakers": [
      "Speaker_B",
      "Speaker_D",
      "Speaker_C",
      "Speaker_A"
    ],
    "dataset_type": "train",
    "processing_date": "2025-07-31T15:11:08.157607"
  }
}