{
  "id": "train_121",
  "source_dir": "result_제22대국회 제418회(정기회) 제7차 과학기술정보방송통신위원회(전체회의) (2024.10.14.)",
  "notion_output": "```json\n{\n    \"project_name\": \"2024년도 국정감사 증인 출석 보장 및 동행명령장 발부 프로젝트\",\n    \"project_purpose\": \"국정감사 증인 출석을 보장하기 위한 동행명령장 발부 및 집행 절차를 체계화하여 국정감사의 효율성과 공정성을 강화\",\n    \"project_period\": \"2024.01.01 ~ 2024.12.31\",\n    \"project_manager\": \"위원장 최민희\",\n    \"core_objectives\": [\n        \"목표 1: 국정감사 증인 출석을 위한 동행명령장 발부 절차의 법적 검토 및 확립\",\n        \"목표 2: 동행명령장 집행을 위한 행정적 지원 체계 구축 및 운영\",\n        \"목표 3: 국정감사 과정의 투명성과 공정성을 확보하고 국민 신뢰도 향상\"\n    ],\n    \"core_idea\": \"국정감사 증인 출석을 보장하기 위한 제도적 장치 마련 및 실행\",\n    \"idea_description\": \"국정감사 증인 출석의 중요성을 인식하고, 이를 보장하기 위해 동행명령장 발부 및 집행 절차를 체계화하여 국정감사의 효율성을 높인다. 특히, 법적 검토를 통해 절차의 적법성을 확보하고, 행정적 지원 체계를 강화한다.\",\n    \"execution_plan\": [\n        {\n            \"단계\": \"1단계\",\n            \"내용\": \"동행명령장 발부 절차 수립 및 관련 법령 검토\",\n            \"기간\": \"2024.01.01 ~ 2024.03.31\",\n            \"세부사항\": [\n                \"관련 법령 및 규정 검토\",\n                \"법적 자문을 통한 절차의 적법성 확보\",\n                \"동행명령장 발부 절차 초안 작성\"\n            ]\n        },\n        {\n            \"단계\": \"2단계\",\n            \"내용\": \"동행명령장 발부 및 집행을 위한 행정적 지원 체계 구축\",\n            \"기간\": \"2024.04.01 ~ 2024.06.30\",\n            \"세부사항\": [\n                \"행정 지원 인력 및 시스템 마련\",\n                \"동행명령장 발부 및 집행 절차 교육\",\n                \"관련 부서 및 기관과의 협력 체계 구축\"\n            ]\n        },\n        {\n            \"단계\": \"3단계\",\n            \"내용\": \"국정감사 증인 출석 관리 및 모니터링 시스템 도입\",\n            \"기간\": \"2024.07.01 ~ 2024.09.30\",\n            \"세부사항\": [\n                \"출석 관리 시스템 개발 및 도입\",\n                \"모니터링 및 피드백 체계 구축\",\n                \"출석률 및 절차 이행 상황 정기 보고\"\n            ]\n        },\n        {\n            \"단계\": \"4단계\",\n            \"내용\": \"프로젝트 결과 평가 및 개선안 도출\",\n            \"기간\": \"2024.10.01 ~ 2024.12.31\",\n            \"세부사항\": [\n                \"프로젝트 성과 평가\",\n                \"개선점 도출 및 차기년도 계획 수립\",\n                \"성과 보고서 작성 및 발표\"\n            ]\n        }\n    ],\n    \"expected_effects\": [\n        \"기대효과 1: 국정감사 증인 출석률 향상으로 인한 감사의 질적 향상\",\n        \"기대효과 2: 동행명령장 발부 및 집행 절차의 체계화로 인한 행정 효율성 증대\",\n        \"기대효과 3: 국정감사 과정의 투명성과 공정성 강화로 인한 국민 신뢰도 향상\"\n    ]\n}\n```",
  "prd_output": "```json\n{\n    \"overview\": \"파싱된 프로젝트는 회의 내용을 기반으로 한 프로젝트로, 회의에서 논의된 사항들을 체계적으로 관리하고 실행 가능한 계획으로 전환하는 것을 목표로 합니다. 이 프로젝트는 회의 참석자, 프로젝트 관리자, 팀 리더 등 회의 결과를 효과적으로 활용하고자 하는 사용자들을 대상으로 합니다. 주요 가치 제안은 회의의 효율성을 높이고, 실행 가능한 계획으로 전환하여 프로젝트 성공률을 높이는 것입니다.\",\n    \"core_features\": \"1. 회의 내용 자동 파싱: 회의 내용을 자동으로 파싱하여 주요 논의 사항을 추출합니다. 2. 실행 계획 생성: 파싱된 내용을 바탕으로 실행 가능한 계획을 자동으로 생성합니다. 3. 목표 설정 및 추적: 프로젝트의 핵심 목표를 설정하고, 진행 상황을 추적할 수 있는 기능을 제공합니다.\",\n    \"user_experience\": \"사용자는 회의가 끝난 후, 자동으로 생성된 실행 계획을 확인하고 수정할 수 있습니다. 페르소나는 프로젝트 관리자와 팀 리더로, 이들은 회의 결과를 기반으로 팀의 업무를 조정하고 목표를 설정합니다. 주요 플로우는 회의 내용 입력 -> 자동 파싱 -> 실행 계획 검토 및 수정 -> 목표 설정 및 추적입니다. UI/UX는 직관적이고 사용자가 쉽게 접근할 수 있도록 설계됩니다.\",\n    \"technical_architecture\": \"시스템은 클라우드 기반으로 구축되며, 데이터 모델은 회의 내용, 실행 계획, 목표 등의 정보를 저장합니다. API는 외부 회의 도구와의 통합을 지원하며, 인프라 요구사항은 안정적인 데이터 처리와 저장을 위한 클라우드 서비스가 필요합니다.\",\n    \"development_roadmap\": \"MVP 요구사항은 회의 내용 파싱 및 실행 계획 생성 기능입니다. 향후 개선사항으로는 사용자 맞춤형 목표 설정 및 추적 기능, 다양한 회의 도구와의 통합 기능이 있습니다. 단계별 개발 범위는 초기 MVP 개발, 사용자 피드백 수집 및 개선, 추가 기능 개발로 나뉩니다.\",\n    \"logical_dependency_chain\": \"개발 순서는 회의 내용 파싱 기능을 먼저 개발하고, 그 후 실행 계획 생성 기능을 개발합니다. 기초 기능 우선순위는 파싱 기능이며, 점진적으로 목표 설정 및 추적 기능을 추가합니다.\",\n    \"risks_and_mitigations\": \"기술적 도전은 다양한 회의 형식의 파싱 정확도를 높이는 것입니다. MVP 정의는 파싱 기능과 실행 계획 생성 기능으로, 자원 제약사항으로는 개발 인력과 시간입니다. 이를 완화하기 위해 초기 MVP에 집중하고, 사용자 피드백을 통해 개선 방향을 설정합니다.\",\n    \"appendix\": \"추가 정보로는 회의 내용 자동 파싱을 위한 자연어 처리 기술 연구 결과와, 다양한 회의 도구와의 통합을 위한 API 사양이 포함됩니다.\"\n}\n```",
  "quality_metrics": {
    "final_score": 6.0,
    "is_production_ready": true,
    "iterations_used": 2,
    "is_high_quality": false
  },
  "metadata": {
    "source_file": "../batch_triplet_results\\result_제22대국회 제418회(정기회) 제7차 과학기술정보방송통신위원회(전체회의) (2024.10.14.)\\05_final_result.json",
    "utterance_count": 40,
    "transcript_length": 2009,
    "speakers": [
      "위원장 최민희",
      "노종면 위원",
      "최형두 위원"
    ],
    "dataset_type": "train",
    "processing_date": "2025-07-31T13:15:37.260952"
  }
}