{
  "id": "train_232",
  "source_dir": "result_TS3011d",
  "notion_output": "```json\n{\n    \"project_name\": \"고급 사용자 친화적 리모컨 개발 프로젝트\",\n    \"project_purpose\": \"모든 연령대의 사용자가 쉽게 사용할 수 있는 고급 리모컨을 개발하여 시장에서의 경쟁력을 강화하고 브랜드 이미지를 혁신적으로 개선\",\n    \"project_period\": \"2024.01.01 ~ 2024.03.31\",\n    \"project_manager\": \"Speaker_A\",\n    \"core_objectives\": [\n        \"목표 1: 노인층을 포함한 모든 사용자에게 사용하기 쉬운 리모컨 개발\",\n        \"목표 2: 고급스러운 디자인과 품질을 유지하면서도 경제적인 가격 책정\",\n        \"목표 3: 시장의 기존 제품과 차별화된 혁신적인 기능 제공\",\n        \"목표 4: 사용자 피드백을 반영하여 제품의 완성도를 높임\"\n    ],\n    \"core_idea\": \"사용자 친화적인 인터페이스와 고급 디자인을 결합한 리모컨 개발\",\n    \"idea_description\": \"리모컨은 적외선 신호를 재생하며, 사용하기 쉬운 인터페이스와 고급스러운 외관을 특징으로 합니다. 또한, 경제적이고 생태학적인 인체공학적 설계를 통해 사용자 경험을 극대화합니다. 특히, 사용자 피드백을 반영하여 기능을 개선하고, 가격 모델을 최적화합니다.\",\n    \"execution_plan\": [\n        {\n            \"step\": \"1단계\",\n            \"description\": \"시장 조사 및 요구사항 분석\",\n            \"duration\": \"2024.01.01 ~ 2024.01.15\",\n            \"responsible_person\": \"Speaker_B\",\n            \"details\": \"시장 내 유사 제품과의 비교를 통해 차별화된 기능 강조 및 사용자 피드백 수집\"\n        },\n        {\n            \"step\": \"2단계\",\n            \"description\": \"프로토타입 설계 및 개발\",\n            \"duration\": \"2024.01.16 ~ 2024.02.15\",\n            \"responsible_person\": \"Speaker_C\",\n            \"details\": \"사용자 피드백을 반영한 프로토타입 개발 및 고급 소재 사용 검토\"\n        },\n        {\n            \"step\": \"3단계\",\n            \"description\": \"사용자 테스트 및 피드백 수집\",\n            \"duration\": \"2024.02.16 ~ 2024.02.28\",\n            \"responsible_person\": \"Speaker_D\",\n            \"details\": \"노인층을 포함한 다양한 사용자 그룹을 대상으로 테스트 진행 및 피드백 수집\"\n        },\n        {\n            \"step\": \"4단계\",\n            \"description\": \"최종 제품 개선 및 출시 준비\",\n            \"duration\": \"2024.03.01 ~ 2024.03.31\",\n            \"responsible_person\": \"Speaker_A\",\n            \"details\": \"수집된 피드백을 반영하여 최종 제품 개선 및 출시 전략 수립\"\n        }\n    ],\n    \"expected_effects\": [\n        \"기대효과 1: 사용자 만족도 향상으로 인한 시장 점유율 증가\",\n        \"기대효과 2: 혁신적인 기능을 통한 브랜드 이미지 강화\",\n        \"기대효과 3: 경제적 가격 책정을 통한 매출 증대\",\n        \"기대효과 4: 사용자 피드백 반영으로 제품의 완성도 및 신뢰도 향상\"\n    ],\n    \"additional_information\": {\n        \"price_model\": \"25유로로 설정, 제작비는 1250달러로 예상\",\n        \"user_feedback\": \"고급스러운 디자인에 대한 긍정적인 반응, 가격에 대한 우려\",\n        \"market_comparison\": \"시장 내 유사 제품과의 비교를 통해 차별화된 기능 강조\",\n        \"discussion_points\": \"회의에서 논의된 가격 모델 및 비용 관련 정보, 사용자 피드백 및 테스트 결과 포함\"\n    }\n}\n```",
  "prd_output": "```json\n{\n    \"overview\": \"파싱된 프로젝트는 회의 내용을 기반으로 한 프로젝트로, 회의에서 논의된 사항을 체계적으로 정리하고 관리하는 것을 목표로 합니다. 이 프로젝트는 회의 후속 조치를 효율적으로 관리하고자 하는 팀과 조직을 타겟으로 하며, 회의의 핵심 아이디어와 실행 계획을 명확히 파악하고 추적할 수 있는 가치를 제공합니다.\",\n    \"core_features\": \"주요 기능으로는 회의 내용 자동 파싱, 핵심 아이디어 추출, 실행 계획 생성, 목표 설정 및 추적 기능이 포함됩니다. 각 기능은 사용자가 회의 내용을 쉽게 입력하고, 자동으로 중요한 정보를 추출하여 실행 가능한 계획으로 변환하는 방식으로 작동합니다.\",\n    \"user_experience\": \"사용자 경험은 회의 참석자 페르소나를 기반으로 설계되며, 회의 후 간단한 입력만으로도 자동으로 프로젝트가 생성되는 흐름을 제공합니다. UI/UX는 직관적이고 사용하기 쉬운 인터페이스를 제공하여 사용자가 최소한의 노력으로 최대의 효율을 얻을 수 있도록 고려되었습니다.\",\n    \"technical_architecture\": \"시스템은 클라이언트-서버 아키텍처로 구성되며, 데이터 모델은 회의 내용, 아이디어, 실행 계획, 목표 등의 엔티티로 구성됩니다. API는 RESTful 방식으로 설계되며, 인프라는 클라우드 기반으로 확장성과 안정성을 보장합니다.\",\n    \"development_roadmap\": \"MVP는 회의 내용 파싱 및 핵심 아이디어 추출 기능을 포함하며, 이후 실행 계획 생성 및 목표 추적 기능이 추가될 예정입니다. 단계별로 기능을 확장하여 최종적으로 완전한 프로젝트 관리 솔루션을 제공합니다.\",\n    \"logical_dependency_chain\": \"개발 순서는 회의 내용 파싱 기능을 우선으로 하며, 그 다음으로 핵심 아이디어 추출, 실행 계획 생성, 목표 설정 및 추적 기능 순으로 진행됩니다. 각 단계는 이전 단계의 기능을 기반으로 점진적으로 개발됩니다.\",\n    \"risks_and_mitigations\": \"기술적 도전으로는 자연어 처리의 정확도가 있으며, 이를 위해 최신 NLP 기술을 도입하여 해결합니다. MVP는 회의 내용 파싱과 아이디어 추출 기능으로 정의되며, 자원 제약사항은 클라우드 인프라를 통해 완화합니다.\",\n    \"appendix\": \"추가 정보로는 자연어 처리 기술 연구 결과와 클라우드 인프라 사양이 포함됩니다. 또한, 유사 프로젝트 사례 연구와 기술 사양 문서가 참고 자료로 제공됩니다.\"\n}\n```",
  "quality_metrics": {
    "final_score": 6.0,
    "is_production_ready": true,
    "iterations_used": 3,
    "is_high_quality": false
  },
  "metadata": {
    "source_file": "../batch_triplet_results\\result_TS3011d\\05_final_result.json",
    "utterance_count": 266,
    "transcript_length": 8064,
    "speakers": [
      "Speaker_B",
      "Speaker_D",
      "Speaker_C",
      "Speaker_A"
    ],
    "dataset_type": "train",
    "processing_date": "2025-07-31T15:21:29.181458"
  }
}