{
  "id": "train_239",
  "source_dir": "result_TS3007b",
  "notion_output": "```json\n{\n    \"project_name\": \"다양한 사용자층을 위한 스마트 리모컨 최적화 프로젝트\",\n    \"project_purpose\": \"사용자 친화적인 스마트 리모컨을 개발하여 TV 사용 경험을 개선하고, 고령층을 포함한 다양한 사용자층의 요구를 반영하여 시장 경쟁력을 강화한다.\",\n    \"project_period\": \"2025.01.01 ~ 2025.03.31\",\n    \"project_manager\": \"야누스\",\n    \"core_objectives\": [\n        \"목표 1: 사용자 인터페이스를 단순화하여 사용 편의성을 높인다.\",\n        \"목표 2: 터치스크린과 물리 버튼의 조화를 통해 다양한 기능을 제공한다.\",\n        \"목표 3: 고령층을 포함한 다양한 사용자층의 요구를 반영한 리모컨 설계를 완성한다.\",\n        \"목표 4: 버튼의 크기와 위치를 최적화하여 사용자의 직관적인 조작을 지원한다.\"\n    ],\n    \"core_idea\": \"사용자 친화적인 인터페이스와 다양한 기능을 제공하는 스마트 리모컨 개발\",\n    \"idea_description\": \"리모컨의 버튼을 최소화하고 터치스크린을 활용하여 다양한 기능을 제공하며, 사용자가 직관적으로 조작할 수 있도록 설계한다. 특히, 고령층 사용자를 위한 큰 버튼과 명확한 피드백을 제공하여 사용 편의성을 높인다. 또한, 다양한 사용자층의 피드백을 반영하여 최적화된 사용자 경험을 제공한다.\",\n    \"execution_plan\": {\n        \"1단계\": {\n            \"기간\": \"2025.01.01 ~ 2025.01.31\",\n            \"활동\": \"사용자 요구 분석 및 설계\",\n            \"책임자\": \"사용자 경험 팀\"\n        },\n        \"2단계\": {\n            \"기간\": \"2025.02.01 ~ 2025.02.28\",\n            \"활동\": \"프로토타입 개발 및 테스트\",\n            \"책임자\": \"개발 팀\"\n        },\n        \"3단계\": {\n            \"기간\": \"2025.03.01 ~ 2025.03.31\",\n            \"활동\": \"최종 제품 개발 및 출시 준비\",\n            \"책임자\": \"프로젝트 매니저\"\n        }\n    },\n    \"expected_effects\": [\n        \"기대효과 1: 사용자 만족도 향상 및 브랜드 이미지 강화\",\n        \"기대효과 2: 시장 점유율 증가 및 매출 증대\",\n        \"기대효과 3: 기술 혁신을 통한 경쟁사 대비 우위 확보\"\n    ],\n    \"technical_details\": {\n        \"터치스크린과 물리 버튼의 조화\": \"터치스크린을 통해 특수 옵션을 제공하고, 자주 사용하는 기능은 물리 버튼으로 제공하여 직관적인 사용을 지원한다.\",\n        \"고령층 사용자 고려\": \"큰 버튼과 명확한 시각적 피드백을 제공하여 고령층 사용자의 접근성을 향상시킨다.\",\n        \"다양한 사용자층의 피드백 반영\": \"설문조사와 사용자 테스트를 통해 수집된 피드백을 기반으로 리모컨의 기능과 디자인을 최적화한다.\"\n    }\n}\n```",
  "prd_output": "```json\n{\n    \"overview\": \"파싱된 프로젝트는 회의 내용을 기반으로 프로젝트를 관리하고 실행할 수 있는 시스템입니다. 이 프로젝트는 회의에서 논의된 내용을 체계적으로 정리하고, 이를 바탕으로 프로젝트를 계획하고 실행하는 데 도움을 줍니다. 타겟 사용자는 프로젝트 관리자 및 팀원들로, 회의 내용을 효과적으로 활용하여 프로젝트의 효율성을 높이고자 하는 사용자들입니다. 이 프로젝트의 가치 제안은 회의 내용을 자동으로 파싱하고, 이를 기반으로 프로젝트 계획을 수립하여 시간과 노력을 절감하는 것입니다.\",\n    \"core_features\": \"1. 회의 내용 파싱: 회의 내용을 자동으로 텍스트로 변환하고, 주요 내용을 추출합니다.\\n2. 프로젝트 계획 생성: 파싱된 내용을 바탕으로 프로젝트 계획을 자동으로 생성합니다.\\n3. 목표 설정 및 추적: 프로젝트의 핵심 목표를 설정하고, 진행 상황을 추적할 수 있습니다.\\n4. 협업 도구 통합: 다양한 협업 도구와 통합하여 팀원 간의 소통을 원활하게 합니다.\",\n    \"user_experience\": \"사용자는 회의 내용을 업로드하고, 자동으로 생성된 프로젝트 계획을 검토합니다. 주요 페르소나는 프로젝트 관리자이며, 이들은 회의 후 빠르게 프로젝트를 설정하고 팀원들과 공유합니다. UI/UX는 직관적이고 사용하기 쉬운 인터페이스를 제공하여 사용자가 쉽게 접근할 수 있도록 설계됩니다.\",\n    \"technical_architecture\": \"시스템은 클라우드 기반으로 구축되며, 주요 구성 요소로는 데이터 파싱 모듈, 프로젝트 관리 모듈, 사용자 인터페이스가 포함됩니다. 데이터 모델은 회의 내용, 프로젝트 계획, 목표 및 진행 상황을 저장합니다. API는 외부 협업 도구와의 통합을 지원합니다.\",\n    \"development_roadmap\": \"MVP 요구사항에는 회의 내용 파싱 및 프로젝트 계획 생성 기능이 포함됩니다. 향후 개선사항으로는 AI 기반의 자동 목표 설정 및 진행 상황 예측 기능이 있습니다. 개발은 초기 MVP 단계, 기능 확장 단계, 최적화 단계로 나누어 진행됩니다.\",\n    \"logical_dependency_chain\": \"개발 순서는 회의 내용 파싱 기능을 먼저 구현한 후, 프로젝트 계획 생성 기능을 개발합니다. 이후 목표 설정 및 추적 기능을 추가하고, 마지막으로 협업 도구 통합을 진행합니다.\",\n    \"risks_and_mitigations\": \"기술적 도전은 자연어 처리 기술의 정확성 확보입니다. 이를 위해 MVP 정의 시 최소 기능을 명확히 하고, 자원 제약사항으로는 데이터 처리 속도 및 정확성을 개선하기 위한 인프라 확장이 필요합니다.\",\n    \"appendix\": \"추가 정보로는 자연어 처리 기술 연구 자료 및 관련 기술 사양이 포함됩니다.\"\n}\n```",
  "quality_metrics": {
    "final_score": 6.0,
    "is_production_ready": true,
    "iterations_used": 2,
    "is_high_quality": false
  },
  "metadata": {
    "source_file": "../batch_triplet_results\\result_TS3007b\\05_final_result.json",
    "utterance_count": 282,
    "transcript_length": 10037,
    "speakers": [
      "Speaker_A",
      "Speaker_B",
      "Speaker_D",
      "Speaker_C"
    ],
    "dataset_type": "train",
    "processing_date": "2025-07-31T15:29:02.139668"
  }
}