{
  "id": "train_247",
  "source_dir": "result_제22대국회 제420회(임시회) 제2차 과학기술정보방송통신위원회(전체회의) (2025.01.06.)",
  "notion_output": "```json\n{\n    \"project_name\": \"국회 과학기술정보방송통신위원회 현안 및 법안 심사 강화 프로젝트\",\n    \"project_purpose\": \"국회 과학기술정보방송통신위원회의 주요 현안 해결 및 법안 심사를 통해 국가의 법적, 정치적 안정성을 확보하고, 관련 법안의 체계적 운영을 도모\",\n    \"project_period\": \"2025.01.01 ~ 2025.03.31\",\n    \"project_manager\": \"최민희 위원장\",\n    \"core_objectives\": [\n        \"목표 1: 청원 심사기간 연장 및 관련 법적 절차의 효율적 관리\",\n        \"목표 2: 방통위 직무대행 사퇴와 방심위 예산편성 등 현안질의 해결\",\n        \"목표 3: 전기통신사업법 및 방송통신위원회 설치 및 운영에 관한 법률 개정안 심사 및 통과\",\n        \"목표 4: 내란죄 관련 정치적 쟁점 및 법적 절차에 대한 명확한 대응 방안 마련\"\n    ],\n    \"core_idea\": \"국회 과학기술정보방송통신위원회가 직면한 주요 정치적, 법적 쟁점을 해결하고, 관련 법안을 심사 및 통과시킴으로써 국가의 법적, 정치적 안정성을 확보\",\n    \"idea_description\": \"회의에서 다룬 청원 심사기간 연장, 방통위 및 방심위 관련 현안질의, 법안 심사, 내란죄 관련 쟁점 등을 통해 국회의 효율성을 높이고, 관련 법안의 체계적 운영을 도모\",\n    \"execution_plan\": [\n        {\n            \"task\": \"청원 심사기간 연장 및 관련 법적 절차 검토\",\n            \"timeline\": \"2025.01.01 ~ 2025.01.15\",\n            \"details\": \"국회법 제125조제6항에 따라 청원 심사기간 연장 절차를 검토하고, 효율적 관리 방안을 마련\"\n        },\n        {\n            \"task\": \"방통위 및 방심위 관련 현안질의 해결을 위한 회의 및 협의\",\n            \"timeline\": \"2025.01.16 ~ 2025.02.15\",\n            \"details\": \"방통위 직무대행 사퇴, 방심위 예산편성 및 보직사퇴 등 구체적 현안 질의 내용을 바탕으로 해결 방안 마련\"\n        },\n        {\n            \"task\": \"전기통신사업법 및 방송통신위원회 설치 및 운영에 관한 법률 개정안 심사 및 통과\",\n            \"timeline\": \"2025.02.16 ~ 2025.03.31\",\n            \"details\": \"불법스팸 방지 및 방송통신위원회 운영 효율성을 위한 법안 심사 및 통과 절차 진행\"\n        },\n        {\n            \"task\": \"내란죄 관련 정치적 쟁점 및 법적 절차에 대한 대응 방안 마련\",\n            \"timeline\": \"2025.01.01 ~ 2025.03.31\",\n            \"details\": \"내란죄 관련 정치적 쟁점 및 법적 절차에 대한 명확한 대응 방안을 마련하여 정치적 안정성 확보\"\n        }\n    ],\n    \"expected_effects\": [\n        \"기대효과 1: 청원 심사기간 연장 및 관련 법적 절차의 효율적 관리로 인한 법적 안정성 확보\",\n        \"기대효과 2: 방통위 및 방심위 관련 현안질의 해결을 통한 국회의 신뢰성 및 효율성 증대\",\n        \"기대효과 3: 전기통신사업법 및 방송통신위원회 설치 및 운영에 관한 법률 개정안의 통과로 관련 산업의 법적 기반 강화\",\n        \"기대효과 4: 내란죄 관련 정치적 쟁점 및 법적 절차에 대한 명확한 대응 방안 마련으로 인한 정치적 안정성 확보\"\n    ]\n}\n```",
  "prd_output": "```json\n{\n    \"overview\": \"파싱된 프로젝트는 회의 내용을 기반으로 프로젝트를 생성하고 관리하는 도구입니다. 이 프로젝트는 회의 중에 논의된 내용을 자동으로 파싱하여 프로젝트로 전환함으로써 사용자의 생산성을 높이고, 회의 후 작업을 체계적으로 관리할 수 있도록 돕습니다. 주 타겟 사용자는 프로젝트 매니저, 팀 리더, 그리고 조직 내에서 협업이 필요한 모든 사람들입니다. 이 도구는 회의 후의 작업 흐름을 간소화하고, 중요한 정보를 놓치지 않도록 보장합니다.\",\n    \"core_features\": \"1. 자동 파싱 기능: 회의 내용을 실시간으로 파싱하여 프로젝트로 전환합니다. 2. 프로젝트 생성 및 관리: 파싱된 내용을 기반으로 프로젝트를 자동 생성하고, 관리할 수 있는 기능을 제공합니다. 3. 협업 도구 통합: 다양한 협업 도구와의 통합을 통해 사용자가 익숙한 환경에서 작업을 이어갈 수 있도록 지원합니다.\",\n    \"user_experience\": \"사용자는 회의가 끝난 후, 자동으로 생성된 프로젝트를 확인하고 필요한 수정 사항을 반영할 수 있습니다. 페르소나는 프로젝트 매니저로, 주요 플로우는 회의 내용 확인 -> 자동 파싱 -> 프로젝트 생성 -> 수정 및 관리입니다. UI/UX는 직관적이고 사용자가 쉽게 접근할 수 있도록 설계됩니다.\",\n    \"technical_architecture\": \"시스템은 클라우드 기반으로 구축되며, 데이터 모델은 회의 내용과 프로젝트 데이터를 구조화하여 저장합니다. API는 외부 협업 도구와의 통합을 지원하며, 인프라는 확장 가능하고 안정적인 서비스를 제공하기 위해 설계됩니다.\",\n    \"development_roadmap\": \"MVP 요구사항은 자동 파싱 및 프로젝트 생성 기능입니다. 향후 개선사항으로는 다양한 협업 도구와의 통합, 사용자 맞춤형 기능 추가가 포함됩니다. 단계별 개발 범위는 초기 파싱 기능 개발 -> 프로젝트 관리 기능 추가 -> 협업 도구 통합 순으로 진행됩니다.\",\n    \"logical_dependency_chain\": \"개발 순서는 자동 파싱 기능을 먼저 구현한 후, 프로젝트 생성 및 관리 기능을 개발합니다. 이후 협업 도구와의 통합을 통해 기능을 확장합니다. 기초 기능은 자동 파싱이며, 이를 기반으로 점진적으로 기능을 추가합니다.\",\n    \"risks_and_mitigations\": \"기술적 도전으로는 자연어 처리 기술의 정확성이 있으며, 이를 위해 최신 NLP 기술을 활용합니다. MVP 정의는 자동 파싱 및 프로젝트 생성 기능으로, 자원 제약사항은 클라우드 인프라 비용과 개발 인력입니다.\",\n    \"appendix\": \"추가 정보로는 최신 NLP 기술 연구 결과 및 관련 기술 사양이 포함됩니다.\"\n}\n```",
  "quality_metrics": {
    "final_score": 6.0,
    "is_production_ready": true,
    "iterations_used": 3,
    "is_high_quality": false
  },
  "metadata": {
    "source_file": "../batch_triplet_results\\result_제22대국회 제420회(임시회) 제2차 과학기술정보방송통신위원회(전체회의) (2025.01.06.)\\05_final_result.json",
    "utterance_count": 823,
    "transcript_length": 44148,
    "speakers": [
      "과학기술정보통신부과학기술혁신본부장 류광준",
      "과학기술정보통신부장관 유상임",
      "소위원장 김현",
      "이준석 위원",
      "방송통신심의위원회사무총장 이현주",
      "최형두 위원",
      "과학기술정보통신부제2차관 강도현",
      "김현 위원",
      "노종면 위원",
      "한민수 위원",
      "조인철 위원",
      "김우영 위원",
      "이해민 위원",
      "박민규 위원",
      "위원장 최민희",
      "수석전문위원 이복우",
      "황정아 위원",
      "이훈기 위원",
      "이정헌 위원",
      "방송통신위원회사무처장 조성은",
      "신성범 위원"
    ],
    "dataset_type": "train",
    "processing_date": "2025-07-31T15:45:17.587929"
  }
}