{
  "id": "train_169",
  "source_dir": "result_ES2011c",
  "notion_output": "```json\n{\n    \"project_name\": \"과일과 채소 모티브 패션 전자제품 개발 프로젝트\",\n    \"project_purpose\": \"과일과 채소의 디자인과 질감을 활용한 혁신적인 패션 전자제품 개발\",\n    \"project_period\": \"2024.01.01 ~ 2024.06.30\",\n    \"project_manager\": \"Speaker_D\",\n    \"core_objectives\": [\n        \"목표 1: 과일과 채소 디자인을 활용한 사용자 친화적 인터페이스 개발\",\n        \"목표 2: 고급 칩을 활용한 고성능 회로 기판 설계 및 제작\",\n        \"목표 3: 스펀지 같은 질감을 구현한 제품 케이스 디자인\",\n        \"목표 4: 적외선 LED를 포함한 회로 기판 통합\"\n    ],\n    \"core_idea\": \"과일과 채소를 모티브로 한 패션 전자제품 디자인\",\n    \"idea_description\": \"과일과 채소의 색상과 질감을 활용하여 시각적이고 촉각적인 매력을 가진 전자제품을 개발하고, 사용자 인터페이스는 직관적이고 간편한 조작이 가능하도록 설계\",\n    \"execution_plan\": [\n        {\n            \"단계\": \"1단계\",\n            \"활동\": \"시장 조사 및 디자인 컨셉 확립\",\n            \"기간\": \"2024.01.01 ~ 2024.02.28\",\n            \"책임자\": \"Speaker_A\",\n            \"세부사항\": [\n                \"과일과 채소를 모티브로 한 디자인 트렌드 조사\",\n                \"사용자 인터페이스 초기 컨셉 개발\"\n            ]\n        },\n        {\n            \"단계\": \"2단계\",\n            \"활동\": \"회로 기판 및 케이스 설계\",\n            \"기간\": \"2024.03.01 ~ 2024.04.15\",\n            \"책임자\": \"Speaker_B\",\n            \"세부사항\": [\n                \"적외선 LED 통합\",\n                \"소재 옵션 검토: 고무, 플라스틱, 나무, 티타늄\",\n                \"회로 기판 맞춤 설계 및 인쇄 준비\"\n            ]\n        },\n        {\n            \"단계\": \"3단계\",\n            \"활동\": \"프로토타입 제작 및 테스트\",\n            \"기간\": \"2024.04.16 ~ 2024.05.31\",\n            \"책임자\": \"Speaker_C\",\n            \"세부사항\": [\n                \"사용자 인터페이스 테스트\",\n                \"스펀지 질감 구현 테스트\",\n                \"소재별 내구성 및 사용자 피드백 수집\"\n            ]\n        },\n        {\n            \"단계\": \"4단계\",\n            \"활동\": \"최종 제품 출시 준비\",\n            \"기간\": \"2024.06.01 ~ 2024.06.30\",\n            \"책임자\": \"Speaker_D\",\n            \"세부사항\": [\n                \"최종 디자인 검토 및 수정\",\n                \"마케팅 전략 수립 및 실행\"\n            ]\n        }\n    ],\n    \"expected_effects\": [\n        \"기대효과 1: 혁신적인 디자인으로 인한 시장 점유율 10% 확대\",\n        \"기대효과 2: 사용자 경험 개선을 통한 브랜드 이미지 15% 강화\",\n        \"기대효과 3: 새로운 소재 및 디자인 기술 도입으로 인한 기술적 우위 확보\"\n    ],\n    \"additional_notes\": [\n        \"회의록에서 논의된 다양한 소재 옵션을 적극 반영하여 디자인에 활용\",\n        \"회로 설계 관련 세부사항을 명확히 하여 실행 계획에 포함\",\n        \"각 단계의 구체적인 활동과 책임자를 명시하여 실무 활용성 강화\"\n    ]\n}\n```",
  "prd_output": "```json\n{\n    \"overview\": \"파싱된 프로젝트는 회의 내용을 기반으로 프로젝트를 관리하는 시스템입니다. 이 프로젝트는 회의에서 논의된 사항을 체계적으로 정리하여 프로젝트 관리에 활용할 수 있도록 돕습니다. 타겟 사용자는 프로젝트 매니저, 팀 리더, 그리고 회의에서 나온 아이디어를 체계적으로 관리하고자 하는 모든 사람들입니다. 이 시스템은 회의 내용을 자동으로 파싱하여 프로젝트의 핵심 아이디어와 실행 계획을 명확히 하여 사용자들이 더 효율적으로 프로젝트를 관리할 수 있도록 합니다.\",\n    \"core_features\": \"1. 회의 내용 자동 파싱: 회의 기록을 자동으로 분석하여 핵심 아이디어와 실행 계획을 추출합니다.\\n2. 프로젝트 생성 및 관리: 파싱된 데이터를 기반으로 프로젝트를 생성하고 관리할 수 있는 기능을 제공합니다.\\n3. 목표 설정 및 추적: 사용자가 설정한 목표를 추적하고 진행 상황을 시각적으로 보여줍니다.\",\n    \"user_experience\": \"사용자는 회의 내용을 업로드하면 시스템이 자동으로 파싱하여 프로젝트를 생성합니다. 주요 페르소나는 프로젝트 매니저로, 이들은 직관적인 UI를 통해 프로젝트의 진행 상황을 쉽게 파악할 수 있습니다. 주요 플로우는 회의 내용 업로드 -> 자동 파싱 -> 프로젝트 생성 및 관리입니다.\",\n    \"technical_architecture\": \"시스템은 클라우드 기반의 서버에서 운영되며, 데이터 모델은 회의 내용, 프로젝트, 목표 등의 엔티티로 구성됩니다. API는 데이터 파싱 및 프로젝트 관리 기능을 제공합니다. 인프라 요구사항으로는 안정적인 클라우드 서버와 데이터베이스가 필요합니다.\",\n    \"development_roadmap\": \"MVP 요구사항은 회의 내용 파싱 및 기본적인 프로젝트 관리 기능입니다. 향후 개선사항으로는 AI 기반의 파싱 정확도 향상 및 사용자 맞춤형 대시보드 제공이 있습니다. 단계별 개발 범위는 초기 파싱 기능 개발 -> 프로젝트 관리 기능 추가 -> 사용자 경험 개선입니다.\",\n    \"logical_dependency_chain\": \"초기에는 회의 내용 파싱 기능을 개발하고, 그 후 프로젝트 관리 기능을 추가합니다. 이후 사용자 경험을 개선하는 방식으로 점진적으로 개발합니다.\",\n    \"risks_and_mitigations\": \"기술적 도전으로는 파싱 정확도 향상이 있으며, 이를 위해 AI 알고리즘을 지속적으로 개선할 계획입니다. MVP 정의는 기본적인 파싱 및 프로젝트 생성 기능으로, 자원 제약사항은 개발 인력과 클라우드 비용입니다.\",\n    \"appendix\": \"추가 정보로는 회의 내용 파싱을 위한 자연어 처리 기술 연구 결과 및 기술 사양이 포함됩니다.\"\n}\n```",
  "quality_metrics": {
    "final_score": 6.0,
    "is_production_ready": true,
    "iterations_used": 3,
    "is_high_quality": false
  },
  "metadata": {
    "source_file": "../batch_triplet_results\\result_ES2011c\\05_final_result.json",
    "utterance_count": 190,
    "transcript_length": 6247,
    "speakers": [
      "Speaker_B",
      "Speaker_D",
      "Speaker_C",
      "Speaker_A"
    ],
    "dataset_type": "train",
    "processing_date": "2025-07-31T14:17:04.036887"
  }
}