{
  "id": "train_027",
  "source_dir": "result_TS3010b",
  "notion_output": "```json\n{\n    \"project_name\": \"차세대 리모컨 개발 프로젝트\",\n    \"project_purpose\": \"모든 TV에서 작동 가능한 사용자 친화적인 리모컨 개발\",\n    \"project_period\": \"2024.01.01 ~ 2024.06.30\",\n    \"project_manager\": \"Speaker_C\",\n    \"core_objectives\": [\n        \"목표 1: 모든 TV에서 호환 가능한 리모컨 설계\",\n        \"목표 2: 사용자 경험을 고려한 직관적 디자인 구현\",\n        \"목표 3: 비용 효율적인 배터리 및 부품 사용\"\n    ],\n    \"core_idea\": \"모든 연령대가 쉽게 사용할 수 있는 리모컨 개발\",\n    \"idea_description\": \"기술적으로는 적외선 송수신을 통해 TV와의 호환성을 높이고, 비즈니스적으로는 젊은층과 중장년층 모두를 타겟으로 하여 시장 점유율을 확대\",\n    \"execution_plan\": \"1단계: 시장 조사 및 요구 사항 분석 (2024.01.01 ~ 2024.02.15)\\n2단계: 개념 설계 및 프로토타입 개발 (2024.02.16 ~ 2024.03.31)\\n3단계: 사용자 테스트 및 피드백 반영 (2024.04.01 ~ 2024.05.15)\\n4단계: 최종 제품 개발 및 출시 준비 (2024.05.16 ~ 2024.06.30)\",\n    \"expected_effects\": [\n        \"기대효과 1: 다양한 TV와의 호환성으로 인한 시장 점유율 증가\",\n        \"기대효과 2: 사용자 친화적인 디자인으로 인한 고객 만족도 향상\",\n        \"기대효과 3: 비용 효율적인 부품 사용으로 인한 제조 비용 절감\"\n    ]\n}\n```",
  "prd_output": "```json\n{\n    \"overview\": \"파싱된 프로젝트는 회의 내용을 기반으로 프로젝트를 생성하고 관리하는 도구입니다. 이 도구는 회의에서 논의된 사항을 자동으로 파싱하여 프로젝트로 변환함으로써 사용자의 업무 효율성을 높입니다. 타겟 사용자는 프로젝트 매니저, 팀 리더 및 회의 참석자이며, 이 도구는 회의 후속 작업을 자동화하여 시간 절약과 생산성 향상을 제공합니다.\",\n    \"core_features\": \"1. 회의 내용 파싱: 회의 기록을 분석하여 주요 의제와 할 일을 자동으로 추출합니다. 2. 프로젝트 생성: 파싱된 내용을 기반으로 자동으로 프로젝트를 생성하고 할 일을 할당합니다. 3. 알림 및 추적: 프로젝트 진행 상황을 추적하고 사용자에게 알림을 제공합니다.\",\n    \"user_experience\": \"사용자는 회의가 끝난 후 회의 기록을 업로드하고, 시스템은 자동으로 프로젝트를 생성합니다. 주요 페르소나는 프로젝트 매니저이며, 주요 플로우는 회의 기록 업로드 -> 프로젝트 생성 -> 할 일 검토 및 조정입니다. UI/UX는 직관적이고 사용자가 쉽게 접근할 수 있도록 설계됩니다.\",\n    \"technical_architecture\": \"시스템은 클라우드 기반으로 설계되며, 데이터 모델은 회의 기록, 프로젝트, 할 일 등으로 구성됩니다. API는 외부 회의 기록 서비스와의 통합을 지원하며, 인프라는 AWS를 기반으로 구축됩니다.\",\n    \"development_roadmap\": \"MVP는 회의 내용 파싱 및 프로젝트 생성 기능을 포함합니다. 향후 개선사항으로는 AI 기반의 파싱 정확도 향상 및 다양한 회의 기록 형식 지원이 있습니다. 단계별 개발 범위는 초기 파싱 기능 개발 -> 프로젝트 생성 기능 개발 -> 알림 및 추적 기능 개발입니다.\",\n    \"logical_dependency_chain\": \"개발 순서는 회의 내용 파싱 기능을 먼저 개발하고, 그 다음 프로젝트 생성 기능을 개발합니다. 이후 알림 및 추적 기능을 추가합니다. 기초 기능 우선순위는 파싱 정확도와 프로젝트 생성 자동화입니다.\",\n    \"risks_and_mitigations\": \"기술적 도전은 회의 내용의 정확한 파싱이며, 이를 위해 자연어 처리 기술을 활용합니다. MVP 정의는 파싱 및 프로젝트 생성 기능에 중점을 둡니다. 자원 제약사항은 개발 인력과 클라우드 자원입니다.\",\n    \"appendix\": \"추가 정보로는 자연어 처리 기술 연구 결과와 AWS 인프라 사양이 포함됩니다.\"\n}\n```",
  "quality_metrics": {
    "final_score": 6.0,
    "is_production_ready": true,
    "iterations_used": 1,
    "is_high_quality": false
  },
  "metadata": {
    "source_file": "../batch_triplet_results\\result_TS3010b\\05_final_result.json",
    "utterance_count": 218,
    "transcript_length": 7554,
    "speakers": [
      "Speaker_B",
      "Speaker_D",
      "Speaker_C",
      "Speaker_A"
    ],
    "dataset_type": "train",
    "processing_date": "2025-07-31T11:20:19.728286"
  }
}