{
  "id": "train_060",
  "source_dir": "result_IS1001b",
  "notion_output": "```json\n{\n    \"project_name\": \"차세대 인체공학적 사용자 친화적 리모컨 개발 프로젝트\",\n    \"project_purpose\": \"사용자 경험을 혁신하고 시장에서 경쟁 우위를 확보하기 위한 직관적이고 인체공학적인 리모컨 개발\",\n    \"project_period\": \"2025.01.01 ~ 2025.03.31\",\n    \"project_manager\": \"Speaker_A\",\n    \"team_members\": {\n        \"Speaker_B\": \"기술 설계 및 프로토타입 개발\",\n        \"Speaker_C\": \"사용자 인터페이스 및 디자인\",\n        \"Speaker_D\": \"사용성 테스트 및 피드백 분석\"\n    },\n    \"core_objectives\": [\n        \"목표 1: 사용자 친화적인 인터페이스를 가진 리모컨 설계\",\n        \"목표 2: 시장에 빠르게 진입하여 초기 점유율 확보\",\n        \"목표 3: 젊은 고객층을 타겟으로 한 마케팅 전략 수립\",\n        \"목표 4: 리모컨의 버튼 수를 최소화하고 자주 사용되는 기능에 집중\",\n        \"목표 5: 손목 통증을 줄이는 인체공학적 디자인 구현\"\n    ],\n    \"core_idea\": \"간단하고 직관적이며 인체공학적인 리모컨 디자인\",\n    \"idea_description\": \"리모컨의 버튼 수를 최소화하고, 자주 사용되는 기능에 집중하여 사용자들이 쉽게 사용할 수 있도록 설계. 특히 젊은 고객층이 선호할 만한 디자인과 기능을 포함. 피드백을 반영하여 손목 통증을 줄이는 인체공학적 디자인을 고려.\",\n    \"execution_plan\": {\n        \"1단계\": {\n            \"기간\": \"2025.01.01 ~ 2025.01.31\",\n            \"활동\": [\n                \"사용자 요구사항 분석 및 피드백 수집\",\n                \"기술적 기능 설계 및 사용자 인터페이스 디자인\",\n                \"작업 설계 및 초기 프로토타입 개발\"\n            ]\n        },\n        \"2단계\": {\n            \"기간\": \"2025.02.01 ~ 2025.02.28\",\n            \"활동\": [\n                \"프로토타입 개발 및 테스트\",\n                \"사용성 테스트 및 피드백 수집\",\n                \"디자인 수정 및 최적화\"\n            ]\n        },\n        \"3단계\": {\n            \"기간\": \"2025.03.01 ~ 2025.03.31\",\n            \"활동\": [\n                \"생산 준비 및 품질 검증\",\n                \"시장 출시 전략 수립 및 마케팅 캠페인 실행\",\n                \"초기 시장 반응 분석 및 개선 계획 수립\"\n            ]\n        }\n    },\n    \"expected_effects\": [\n        \"기대효과 1: 사용자 만족도 증가로 인한 브랜드 이미지 개선\",\n        \"기대효과 2: 시장 점유율 증가로 인한 매출 증대\",\n        \"기대효과 3: 젊은 고객층의 관심을 끌어 장기적인 고객 기반 확보\",\n        \"기대효과 4: 사용성 개선으로 인한 사용자 피드백 긍정적 변화\"\n    ],\n    \"technical_details\": {\n        \"주요 기능\": [\n            \"볼륨 및 채널 조절 버튼 최소화\",\n            \"이전 채널 버튼 및 LED 백라이트 기능 포함\",\n            \"인체공학적 디자인으로 손목 통증 감소\"\n        ],\n        \"디자인 요소\": [\n            \"젊은 층을 겨냥한 현대적 디자인\",\n            \"피드백을 반영한 사용자 친화적 인터페이스\"\n        ]\n    }\n}\n```",
  "prd_output": "```json\n{\n    \"overview\": \"파싱된 프로젝트는 회의 내용을 기반으로 한 프로젝트로, 사용자들이 회의에서 논의된 내용을 효율적으로 관리하고 실행할 수 있도록 지원합니다. 이 프로젝트는 회의 후속 작업을 체계적으로 정리하고 추적하는 데 어려움을 겪는 사용자들을 대상으로 하며, 회의에서 나온 아이디어와 결정을 명확하게 파악하고 실행 가능한 작업으로 전환하는 가치를 제공합니다.\",\n    \"core_features\": \"1. 회의 내용 자동 파싱: 회의 녹음 파일이나 텍스트를 기반으로 주요 논의 사항과 결정을 자동으로 추출합니다. 2. 작업 생성 및 할당: 파싱된 내용을 바탕으로 실행 가능한 작업을 생성하고 팀원들에게 할당합니다. 3. 진행 상황 추적: 생성된 작업의 진행 상황을 실시간으로 추적하고 업데이트합니다.\",\n    \"user_experience\": \"사용자는 회의 후 녹음 파일을 업로드하거나 텍스트를 입력하여 시스템이 자동으로 내용을 파싱합니다. 이후 생성된 작업을 검토하고 필요한 경우 수정한 후 팀원들에게 할당합니다. 주요 페르소나는 프로젝트 매니저와 팀 리더로, UI는 직관적이고 사용하기 쉽게 설계되어야 합니다.\",\n    \"technical_architecture\": \"시스템은 클라우드 기반으로 구축되며, 음성 인식 API와 자연어 처리(NLP) 엔진을 활용하여 회의 내용을 파싱합니다. 데이터베이스는 작업 관리와 사용자 정보를 저장하며, 프론트엔드는 React.js를, 백엔드는 Node.js를 사용하여 구현됩니다.\",\n    \"development_roadmap\": \"MVP 요구사항은 회의 내용 파싱 및 작업 생성 기능을 포함하며, 이후 사용자 피드백을 반영하여 작업 추적 및 보고 기능을 개선할 예정입니다. 단계별로 UI 개선 및 추가 기능을 개발할 계획입니다.\",\n    \"logical_dependency_chain\": \"1. 음성 인식 및 NLP 엔진 통합 2. 회의 내용 파싱 기능 개발 3. 작업 생성 및 할당 기능 구현 4. 사용자 인터페이스 개발 5. 진행 상황 추적 기능 추가\",\n    \"risks_and_mitigations\": \"기술적 도전은 음성 인식 정확도와 NLP 처리 성능이며, 이를 위해 최신 기술과 API를 활용합니다. 자원 제약사항으로는 개발 인력과 시간이며, MVP를 명확히 정의하여 우선순위를 설정하고 점진적으로 개발합니다.\",\n    \"appendix\": \"추가 정보로는 사용된 음성 인식 API의 사양과 NLP 엔진의 성능 테스트 결과가 포함됩니다. 또한, 유사한 프로젝트 사례 연구와 시장 분석 자료가 첨부됩니다.\"\n}\n```",
  "quality_metrics": {
    "final_score": 6.0,
    "is_production_ready": true,
    "iterations_used": 3,
    "is_high_quality": false
  },
  "metadata": {
    "source_file": "../batch_triplet_results\\result_IS1001b\\05_final_result.json",
    "utterance_count": 276,
    "transcript_length": 9188,
    "speakers": [
      "Speaker_A",
      "Speaker_B",
      "Speaker_D",
      "Speaker_C"
    ],
    "dataset_type": "train",
    "processing_date": "2025-07-31T11:59:56.010934"
  }
}