{
  "id": "train_131",
  "source_dir": "result_제22대국회 제418회(정기회) 제3차 과학기술정보방송통신위원회(과학기술원자력법안심사소위원회) (2024.11.20.)",
  "notion_output": "```json\n{\n    \"project_name\": \"과학기술 및 원자력 법안 심사 및 개선 프로젝트\",\n    \"project_purpose\": \"과학기술 및 원자력 관련 법안의 심사와 개정을 통해 국가 과학기술 발전과 안전한 원자력 활용을 도모하고, 관련 산업의 효율적 발전을 지원함\",\n    \"project_period\": \"2023.12.01 ~ 2024.03.31\",\n    \"project_manager\": \"최수진 소위원장\",\n    \"core_objectives\": [\n        \"목표 1: 우주개발 진흥법 및 관련 법안의 신속한 심사 및 통과\",\n        \"목표 2: 원자력 진흥법 개정안의 평화적 목적 명시 및 국제 신뢰 구축\",\n        \"목표 3: 합성생물학 육성법안 및 기업부설연구소 지원 법안의 조속한 처리\",\n        \"목표 4: 특구의 육성에 관한 특별법 개정안의 신속한 처리\",\n        \"목표 5: 우주항공청 관련 법안의 규제 일원화 및 효율적 시행\",\n        \"목표 6: 정부 부처 및 전문가 의견 수렴을 통한 법안의 실효성 강화\"\n    ],\n    \"core_idea\": \"과학기술 및 원자력 관련 법안의 심사 및 개정을 통해 국가 과학기술 역량을 강화하고 안전한 원자력 활용을 보장하며, 관련 산업의 발전을 촉진함\",\n    \"idea_description\": \"우주개발, 원자력, 합성생물학 등 다양한 과학기술 분야의 법안을 심사하고 개정하여, 법적 기반을 강화하고 관련 산업의 발전을 촉진함. 특히, 각 법안에 대한 정부 부처의 구체적인 입장을 반영하여 실효성을 높임.\",\n    \"execution_plan\": [\n        {\n            \"단계\": \"1단계\",\n            \"내용\": \"관계 부처 및 전문가 의견 수렴\",\n            \"기간\": \"2023.12.01 ~ 2023.12.31\",\n            \"책임자\": \"과학기술정보통신부제1차관 이창윤\",\n            \"세부사항\": \"정부 부처 및 전문가로부터 각 법안에 대한 의견을 수렴하고, 이를 토대로 법안의 실효성을 높이는 방안을 모색함\"\n        },\n        {\n            \"단계\": \"2단계\",\n            \"내용\": \"법안 심사 및 수정안 작성\",\n            \"기간\": \"2024.01.01 ~ 2024.02.15\",\n            \"책임자\": \"전문위원 임명현\",\n            \"세부사항\": \"수렴된 의견을 반영하여 법안 심사를 진행하고, 필요한 경우 수정안을 작성함\"\n        },\n        {\n            \"단계\": \"3단계\",\n            \"내용\": \"법안 통과 및 시행 준비\",\n            \"기간\": \"2024.02.16 ~ 2024.03.31\",\n            \"책임자\": \"최수진 소위원장\",\n            \"세부사항\": \"법안 통과를 위한 절차를 완료하고, 시행을 위한 준비를 마무리함\"\n        }\n    ],\n    \"expected_effects\": [\n        \"기대효과 1: 우주개발 및 원자력 분야의 법적 안정성 확보로 인한 국제적 신뢰 증대\",\n        \"기대효과 2: 합성생물학 및 기업부설연구소 지원을 통한 과학기술 혁신 촉진\",\n        \"기대효과 3: 관련 법안의 신속한 처리로 인한 산업계의 긍정적 반응 및 경제적 효과\",\n        \"기대효과 4: 특구의 육성에 관한 특별법 개정으로 인한 행정 절차의 효율성 증대\",\n        \"기대효과 5: 우주항공청 관련 법안의 규제 일원화로 인한 민간 우주 산업의 활성화\",\n        \"기대효과 6: 정부 부처 및 전문가 의견 반영으로 인한 법안의 실효성 및 실행 가능성 증대\"\n    ]\n}\n```",
  "prd_output": "```json\n{\n    \"overview\": \"파싱된 프로젝트는 회의 내용을 기반으로 프로젝트를 관리하는 시스템입니다. 이 프로젝트는 회의에서 논의된 내용을 자동으로 파싱하여 프로젝트의 핵심 아이디어와 실행 계획을 도출합니다. 타겟 사용자는 프로젝트 매니저와 팀 리더로, 이 시스템을 통해 회의 후속 작업을 효율적으로 관리할 수 있습니다. 가치는 회의 후속 작업의 자동화와 효율성 향상에 있습니다.\",\n    \"core_features\": \"주요 기능으로는 회의 내용 자동 파싱, 핵심 아이디어 도출, 실행 계획 생성, 목표 설정 및 관리가 있습니다. 회의 내용 자동 파싱 기능은 음성 인식 및 자연어 처리 기술을 활용하여 회의 내용을 텍스트로 변환하고, 핵심 아이디어를 추출합니다. 실행 계획 생성 기능은 도출된 아이디어를 기반으로 구체적인 실행 계획을 제안합니다. 목표 설정 및 관리 기능은 프로젝트의 핵심 목표를 설정하고 진행 상황을 추적합니다.\",\n    \"user_experience\": \"사용자 여정은 회의 후 시스템에 접속하여 회의 내용을 업로드하고, 자동으로 생성된 실행 계획과 목표를 확인하는 흐름으로 구성됩니다. 페르소나는 프로젝트 매니저로, 주요 플로우는 회의 내용 업로드, 자동 파싱 결과 확인, 실행 계획 승인 및 수정입니다. UI/UX 고려사항으로는 직관적인 인터페이스와 빠른 응답 속도를 중시합니다.\",\n    \"technical_architecture\": \"시스템 구성요소는 음성 인식 모듈, 자연어 처리 엔진, 데이터 저장소, 웹 인터페이스로 이루어져 있습니다. 데이터 모델은 회의 내용, 아이디어, 실행 계획, 목표를 포함하며, API는 외부 시스템과의 연동을 지원합니다. 인프라 요구사항은 클라우드 기반의 확장 가능한 서버 환경입니다.\",\n    \"development_roadmap\": \"MVP 요구사항은 회의 내용 자동 파싱 및 실행 계획 생성 기능입니다. 향후 개선사항으로는 사용자 피드백 기반의 기능 개선과 추가 기능 개발이 있으며, 단계별 개발 범위는 초기 파싱 기능 개발, 실행 계획 생성 기능 개발, 목표 관리 기능 개발 순입니다.\",\n    \"logical_dependency_chain\": \"개발 순서는 음성 인식 모듈 개발, 자연어 처리 엔진 통합, 데이터 저장소 구축, 웹 인터페이스 개발 순으로 진행됩니다. 기초 기능 우선순위는 자동 파싱 기능이며, 점진적 개발 방식으로 각 기능을 순차적으로 통합합니다.\",\n    \"risks_and_mitigations\": \"기술적 도전으로는 자연어 처리의 정확도 향상과 음성 인식의 정확성 확보가 있으며, MVP 정의는 자동 파싱 및 실행 계획 생성 기능입니다. 자원 제약사항으로는 개발 인력과 시간 제한이 있습니다.\",\n    \"appendix\": \"추가 정보로는 자연어 처리 기술 연구 결과와 음성 인식 기술 사양이 포함됩니다.\"\n}\n```",
  "quality_metrics": {
    "final_score": 6.0,
    "is_production_ready": true,
    "iterations_used": 3,
    "is_high_quality": false
  },
  "metadata": {
    "source_file": "../batch_triplet_results\\result_제22대국회 제418회(정기회) 제3차 과학기술정보방송통신위원회(과학기술원자력법안심사소위원회) (2024.11.20.)\\05_final_result.json",
    "utterance_count": 170,
    "transcript_length": 9320,
    "speakers": [
      "최형두 의원",
      "박충권 위원",
      "박민규 위원",
      "이준석 위원",
      "우주항공청차장 노경원",
      "전문위원 임명현",
      "김우영 위원",
      "박정훈 위원",
      "조인철 위원",
      "과학기술정보통신부제1차관 이창윤",
      "원자력안전위원회사무처장 임승철",
      "소위원장 최수진"
    ],
    "dataset_type": "train",
    "processing_date": "2025-07-31T13:26:14.774140"
  }
}