{
  "id": "train_225",
  "source_dir": "result_IS1003c",
  "notion_output": "```json\n{\n    \"project_name\": \"차세대 지능형 리모컨 개발 프로젝트\",\n    \"project_purpose\": \"사용자에게 유연성과 편리함을 제공하며, 기술적으로 혁신적이고 친환경적인 리모컨 개발\",\n    \"project_period\": \"2025.01.01 ~ 2025.06.30\",\n    \"project_manager\": \"데이비드 조던\",\n    \"core_objectives\": [\n        \"목표 1: 사용자 친화적인 인터페이스 설계 및 다양한 컨트롤러 개념 반영\",\n        \"목표 2: 음성 및 제스처 인식 기능 구현과 안전성 확보\",\n        \"목표 3: 친환경적이고 에너지 효율적인 제품 개발 및 생산 비용 최적화\",\n        \"목표 4: 국제적으로 통용되는 제품 설계 및 생산\"\n    ],\n    \"core_idea\": \"다양한 컨트롤러 개념을 통합한 지능형 리모컨 설계 및 개발\",\n    \"idea_description\": \"사용자의 명령을 음성 및 제스처로 인식하여 다양한 기능을 수행할 수 있는 리모컨을 개발합니다. 이 리모컨은 사용하기 쉬운 인터페이스와 함께 친환경적인 디자인을 갖추고 있으며, 태양열 배터리를 포함하여 에너지 효율성을 높입니다. Google 컨트롤러, 고급 컨트롤러, 지능형 컨트롤러의 개념을 통합하여 다양한 사용자 요구를 충족합니다. 또한, 각국의 언어와 문화에 맞춘 인터페이스를 제공하여 국제 시장에서도 경쟁력을 갖춥니다.\",\n    \"execution_plan\": [\n        {\n            \"step\": \"1단계: 사용자 인터페이스 디자인 및 다양한 컨트롤러 개념 통합\",\n            \"duration\": \"2025.01.01 ~ 2025.02.15\",\n            \"responsible_person\": \"데이비드 조던\",\n            \"resources_needed\": [\"UI/UX 디자이너\", \"컨셉 디자이너\", \"국제화 전문가\"]\n        },\n        {\n            \"step\": \"2단계: 음성 및 제스처 인식 기술 개발 및 안전성 테스트\",\n            \"duration\": \"2025.02.16 ~ 2025.04.15\",\n            \"responsible_person\": \"데이비드 조던\",\n            \"resources_needed\": [\"AI 엔지니어\", \"테스트 엔지니어\", \"안전성 전문가\"]\n        },\n        {\n            \"step\": \"3단계: 프로토타입 제작 및 다양한 사용자 테스트\",\n            \"duration\": \"2025.04.16 ~ 2025.05.31\",\n            \"responsible_person\": \"바바\",\n            \"resources_needed\": [\"프로토타입 엔지니어\", \"테스트 사용자 그룹\", \"국제 사용자 피드백 팀\"]\n        },\n        {\n            \"step\": \"4단계: 최종 제품 생산 및 출시 준비\",\n            \"duration\": \"2025.06.01 ~ 2025.06.30\",\n            \"responsible_person\": \"데이비드 조던\",\n            \"resources_needed\": [\"생산 엔지니어\", \"마케팅 팀\", \"국제 판매 팀\"]\n        }\n    ],\n    \"expected_effects\": [\n        \"기대효과 1: 사용자 경험 향상으로 인한 고객 만족도 증가\",\n        \"기대효과 2: 친환경 제품으로 인한 브랜드 이미지 개선\",\n        \"기대효과 3: 혁신적인 기능을 통한 시장 점유율 확대\",\n        \"기대효과 4: 다양한 컨트롤러 개념 통합으로 인한 사용자 선택 폭 확대\",\n        \"기대효과 5: 국제 시장에서의 경쟁력 강화\"\n    ]\n}\n```",
  "prd_output": "```json\n{\n    \"overview\": \"파싱된 프로젝트는 회의 내용을 기반으로 한 프로젝트입니다. 이 프로젝트는 회의에서 논의된 내용을 효율적으로 정리하고 관리할 수 있는 솔루션을 제공합니다. 타겟 사용자는 회의 주최자, 참가자 및 프로젝트 관리자이며, 이 솔루션은 회의 후속 조치를 체계적으로 관리하고 추적할 수 있는 가치를 제공합니다.\",\n    \"core_features\": \"1. 회의 내용 자동 파싱: 회의 녹음을 텍스트로 변환하고 주요 내용을 자동으로 추출합니다. 2. 할 일 생성 및 관리: 파싱된 내용을 기반으로 할 일을 생성하고 관리할 수 있습니다. 3. 알림 및 리마인더: 할 일의 마감일에 맞춰 알림을 발송하여 사용자가 잊지 않도록 합니다.\",\n    \"user_experience\": \"사용자는 회의 후 녹음을 업로드하고, 시스템은 자동으로 내용을 파싱하여 할 일을 생성합니다. 페르소나는 주로 프로젝트 관리자이며, 주요 플로우는 회의 녹음 업로드 -> 파싱 결과 확인 -> 할 일 생성 및 관리입니다. UI/UX는 직관적이고 사용하기 쉽게 설계됩니다.\",\n    \"technical_architecture\": \"시스템은 클라우드 기반으로 구성되며, 음성 인식 API를 통해 회의 녹음을 텍스트로 변환합니다. 데이터 모델은 회의, 할 일, 사용자 정보를 포함하며, RESTful API를 통해 프론트엔드와 백엔드를 연결합니다. 인프라는 AWS를 기반으로 구축됩니다.\",\n    \"development_roadmap\": \"MVP에서는 회의 녹음 파싱과 할 일 생성 기능을 포함합니다. 향후 개선사항으로는 다국어 지원 및 통합 캘린더 기능이 있습니다. 단계별로 기능을 확장하며 사용자 피드백을 반영합니다.\",\n    \"logical_dependency_chain\": \"1. 음성 인식 기능 개발 2. 파싱 알고리즘 구현 3. 할 일 관리 시스템 구축 4. 사용자 인터페이스 디자인 및 개발. 기초 기능을 우선 개발하고, 이후 점진적으로 기능을 확장합니다.\",\n    \"risks_and_mitigations\": \"기술적 도전은 음성 인식 정확도이며, 이를 위해 최신 음성 인식 기술을 활용합니다. MVP 정의는 핵심 기능에 집중하며, 자원 제약사항은 클라우드 비용 관리가 포함됩니다.\",\n    \"appendix\": \"추가 정보로는 음성 인식 기술 연구 결과와 데이터 보안 관련 기술 사양이 포함됩니다.\"\n}\n```",
  "quality_metrics": {
    "final_score": 6.0,
    "is_production_ready": true,
    "iterations_used": 3,
    "is_high_quality": false
  },
  "metadata": {
    "source_file": "../batch_triplet_results\\result_IS1003c\\05_final_result.json",
    "utterance_count": 234,
    "transcript_length": 7877,
    "speakers": [
      "Speaker_A",
      "Speaker_B",
      "Speaker_D",
      "Speaker_C"
    ],
    "dataset_type": "train",
    "processing_date": "2025-07-31T15:16:01.035415"
  }
}