{
  "id": "train_020",
  "source_dir": "result_IS1002d",
  "notion_output": "```json\n{\n    \"project_name\": \"스마트 리모컨 개발 프로젝트\",\n    \"project_purpose\": \"스마트 리모컨을 통해 사용자 경험을 향상시키고 시장 경쟁력을 확보\",\n    \"project_period\": \"2024.01.01 ~ 2024.06.30\",\n    \"project_manager\": \"Speaker_A\",\n    \"core_objectives\": [\n        \"목표 1: 로케이터 기능을 포함한 스마트 리모컨 개발\",\n        \"목표 2: 생산 단가를 15.8유로로 유지하며 고품질 제품 제공\",\n        \"목표 3: 시장에서 35유로에서 50유로 사이의 가격으로 경쟁력 있는 제품 출시\"\n    ],\n    \"core_idea\": \"스마트 리모컨의 혁신적인 기능 개발\",\n    \"idea_description\": \"로케이터, 스크롤 휠, 즐겨찾기 기능 등을 포함하여 사용자의 편의성을 극대화하는 리모컨을 개발. 이를 통해 TV 시청 경험을 혁신하고, 틈새시장을 공략하여 시장 점유율을 확대.\",\n    \"execution_plan\": \"1단계: 시장 조사 및 요구사항 분석 (2024.01.01 ~ 2024.01.31)\\n2단계: 제품 설계 및 프로토타입 개발 (2024.02.01 ~ 2024.03.31)\\n3단계: 제품 테스트 및 품질 개선 (2024.04.01 ~ 2024.05.31)\\n4단계: 제품 출시 및 마케팅 (2024.06.01 ~ 2024.06.30)\",\n    \"expected_effects\": [\n        \"기대효과 1: 사용자 편의성 증대로 인한 고객 만족도 향상\",\n        \"기대효과 2: 혁신적인 기능을 통한 브랜드 이미지 강화\",\n        \"기대효과 3: 틈새시장 공략으로 인한 매출 증대 및 시장 점유율 확대\"\n    ]\n}\n```",
  "prd_output": "```json\n{\n    \"overview\": \"파싱된 프로젝트는 회의 내용을 기반으로 프로젝트를 생성하는 도구입니다. 이 프로젝트는 회의 중 논의된 내용을 효과적으로 파악하고 이를 기반으로 프로젝트를 자동으로 생성하여 시간과 노력을 절감하는 것을 목표로 합니다. 주로 프로젝트 매니저, 팀 리더, 그리고 회의 주최자를 타겟으로 하며, 회의 후속 작업의 효율성을 크게 향상시킵니다.\",\n    \"core_features\": \"1. 회의 내용 자동 파싱: 회의에서 논의된 내용을 자동으로 인식하고 파싱하여 프로젝트의 기본 구조를 생성합니다. 2. 프로젝트 자동 생성: 파싱된 데이터를 기반으로 프로젝트의 목표, 실행 계획 등을 자동으로 설정합니다. 3. 사용자 맞춤 설정: 사용자가 원하는 대로 프로젝트의 세부 사항을 수정할 수 있는 기능을 제공합니다.\",\n    \"user_experience\": \"사용자는 회의가 끝난 후, 회의 내용을 업로드하거나 실시간으로 입력할 수 있습니다. 시스템은 이를 분석하여 프로젝트를 생성하며, 사용자는 생성된 프로젝트를 검토하고 수정할 수 있습니다. 주요 페르소나는 프로젝트 매니저이며, 직관적이고 간단한 UI를 통해 빠르게 프로젝트를 생성할 수 있도록 설계되었습니다.\",\n    \"technical_architecture\": \"시스템은 자연어 처리(NLP) 모듈을 통해 회의 내용을 파싱하고, 데이터베이스에 저장된 템플릿을 활용하여 프로젝트를 생성합니다. API는 외부 회의 도구와의 통합을 지원하며, 클라우드 기반 인프라를 통해 확장성을 제공합니다.\",\n    \"development_roadmap\": \"1단계: 회의 내용 파싱 및 기본 프로젝트 생성 기능 개발. 2단계: 사용자 맞춤 설정 기능 추가. 3단계: 외부 도구와의 통합 및 확장 기능 개발. 향후 개선사항으로는 AI 기반의 자동화 수준 향상 및 사용자 피드백을 반영한 UI 개선이 있습니다.\",\n    \"logical_dependency_chain\": \"1. NLP 모듈 개발 및 테스트. 2. 프로젝트 생성 로직 구현. 3. 사용자 인터페이스 설계 및 개발. 4. 외부 API 통합. 5. 사용자 피드백을 기반으로 기능 개선.\",\n    \"risks_and_mitigations\": \"기술적 도전으로는 NLP의 정확도 향상과 외부 도구와의 통합이 있으며, 이를 위해 전문 인력을 확보하고 지속적인 테스트를 진행할 예정입니다. 자원 제약사항으로는 초기 개발 인력의 부족이 있을 수 있으며, 이를 해결하기 위해 외부 컨설팅을 고려하고 있습니다.\",\n    \"appendix\": \"추가 정보로는 NLP 기술에 대한 최신 연구 결과와 프로젝트 관리 도구 시장 분석 자료가 포함됩니다.\"\n}\n```",
  "quality_metrics": {
    "final_score": 6.0,
    "is_production_ready": true,
    "iterations_used": 1,
    "is_high_quality": false
  },
  "metadata": {
    "source_file": "../batch_triplet_results\\result_IS1002d\\05_final_result.json",
    "utterance_count": 161,
    "transcript_length": 5846,
    "speakers": [
      "Speaker_B",
      "Speaker_D",
      "Speaker_C",
      "Speaker_A"
    ],
    "dataset_type": "train",
    "processing_date": "2025-07-31T11:10:58.493692"
  }
}