{
  "id": "train_228",
  "source_dir": "result_IS1004b",
  "notion_output": "```json\n{\n    \"project_name\": \"Mando 리모컨 혁신 프로젝트\",\n    \"project_purpose\": \"사용자 경험을 혁신하고 다양한 가전기기와의 호환성을 강화한 차세대 리모컨 개발\",\n    \"project_period\": \"2024.01.01 ~ 2024.06.30\",\n    \"project_manager\": \"Speaker_D\",\n    \"core_objectives\": [\n        \"목표 1: 사용자 인터페이스를 개선하여 사용 편의성 극대화\",\n        \"목표 2: 인터넷 연결을 통해 다양한 가전기기와의 호환성 강화\",\n        \"목표 3: 젊은 층을 타겟으로 한 마케팅 전략 수립 및 실행\",\n        \"목표 4: 리모컨의 디자인을 혁신하여 사용자의 관심을 끌기\"\n    ],\n    \"core_idea\": \"LCD 및 음성 인식 시스템을 통합한 리모컨 개발로 사용자 경험 혁신\",\n    \"idea_description\": \"리모컨에 LCD 화면과 음성 인식 시스템을 통합하여 사용자가 직관적으로 조작할 수 있도록 하며, 인터넷 연결을 통해 다양한 가전기기와의 호환성을 높여 사용자의 편의성을 극대화합니다. 특히 젊은 층의 관심을 끌기 위한 혁신적인 디자인과 기능을 제공합니다.\",\n    \"execution_plan\": [\n        {\n            \"단계\": \"1단계\",\n            \"활동\": \"시장 조사 및 사용자 요구 분석\",\n            \"기간\": \"2024.01.01 ~ 2024.02.28\",\n            \"책임자\": \"Speaker_B\",\n            \"세부사항\": \"미국 시장 진출을 고려한 사용자 요구 조사 및 리모컨 디자인 요소 분석. 특히 젊은 층의 기술 수용도를 고려한 조사 실시.\"\n        },\n        {\n            \"단계\": \"2단계\",\n            \"활동\": \"제품 디자인 및 프로토타입 개발\",\n            \"기간\": \"2024.03.01 ~ 2024.04.30\",\n            \"책임자\": \"Speaker_C\",\n            \"세부사항\": \"LCD 및 음성 인식 시스템 통합을 고려한 디자인 및 프로토타입 제작. 손에 잡기 쉬운 크기와 모양을 고려하여 설계.\"\n        },\n        {\n            \"단계\": \"3단계\",\n            \"활동\": \"제품 테스트 및 피드백 수집\",\n            \"기간\": \"2024.05.01 ~ 2024.05.31\",\n            \"책임자\": \"Speaker_D\",\n            \"세부사항\": \"사용자 테스트를 통해 피드백 수집 및 개선 사항 반영. 특히 젊은 층의 피드백을 중점적으로 반영.\"\n        },\n        {\n            \"단계\": \"4단계\",\n            \"활동\": \"최종 제품 출시 및 마케팅\",\n            \"기간\": \"2024.06.01 ~ 2024.06.30\",\n            \"책임자\": \"Speaker_A\",\n            \"세부사항\": \"젊은 층을 대상으로 한 마케팅 캠페인 실행 및 제품 출시. 인터넷과 연계한 마케팅 전략 수립.\"\n        }\n    ],\n    \"expected_effects\": [\n        \"기대효과 1: 사용자 인터페이스 개선으로 인한 고객 만족도 25% 증가\",\n        \"기대효과 2: 인터넷 연결을 통한 기능 확장으로 인한 시장 점유율 20% 증가\",\n        \"기대효과 3: 젊은 층을 타겟으로 한 마케팅을 통한 브랜드 이미지 35% 강화\"\n    ],\n    \"design_elements\": [\n        \"리모컨의 크기와 모양은 손에 잡기 쉬운 디자인으로 설계\",\n        \"LCD 화면을 통해 프로그램 정보 및 채널 정보를 직관적으로 제공\",\n        \"음성 인식 시스템을 통해 사용자의 명령을 빠르게 처리\",\n        \"스크롤 휠을 통한 직관적인 채널 변경 기능 제공\"\n    ],\n    \"technical_details\": [\n        \"LCD 및 음성 인식 시스템 통합을 위한 기술적 요구 사항 분석\",\n        \"인터넷 연결을 통한 가전기기 제어 기능 구현\",\n        \"비트 코딩 및 적외선 통신 기술 활용\",\n        \"ASR 디코더 및 스크롤 버튼 인터페이스 통합\"\n    ]\n}\n```",
  "prd_output": "```json\n{\n    \"overview\": \"파싱된 프로젝트는 회의 내용을 기반으로 프로젝트를 생성하고 관리하는 도구입니다. 이 프로젝트는 회의에서 논의된 내용을 체계적으로 정리하여 프로젝트로 변환함으로써, 팀의 생산성을 높이고 의사소통의 효율성을 증대시키는 것을 목표로 합니다. 타겟 사용자는 주로 프로젝트 매니저와 팀 리더이며, 이 도구를 통해 회의 후속 작업을 자동화하여 시간과 노력을 절감할 수 있습니다.\",\n    \"core_features\": \"1. 회의 내용 파싱: 회의 기록을 자동으로 분석하여 주요 항목을 추출합니다.\\n2. 프로젝트 생성: 추출된 항목을 기반으로 프로젝트를 자동 생성합니다.\\n3. 할당 및 추적: 각 작업을 팀원에게 할당하고 진행 상황을 추적합니다.\\n4. 통합 캘린더: 프로젝트 일정을 캘린더와 통합하여 관리합니다.\",\n    \"user_experience\": \"사용자는 회의 후 회의록을 업로드하고, 자동으로 생성된 프로젝트를 검토 및 수정할 수 있습니다. 페르소나는 프로젝트 매니저로, 주요 플로우는 회의록 업로드, 프로젝트 생성, 작업 할당 및 추적입니다. UI/UX는 직관적이고 사용하기 쉬운 인터페이스를 제공하여 사용자가 최소한의 노력으로 최대한의 효율을 얻을 수 있도록 설계됩니다.\",\n    \"technical_architecture\": \"시스템은 클라우드 기반으로 설계되며, 주요 구성 요소는 데이터 파싱 엔진, 프로젝트 관리 모듈, 사용자 인터페이스입니다. 데이터 모델은 회의록 데이터, 프로젝트 데이터, 사용자 데이터로 구성됩니다. API는 외부 캘린더 및 프로젝트 관리 도구와의 통합을 지원합니다. 인프라 요구사항으로는 안정적인 클라우드 서버와 데이터베이스가 필요합니다.\",\n    \"development_roadmap\": \"MVP 단계에서는 기본적인 회의 내용 파싱 및 프로젝트 생성 기능을 구현합니다. 이후 단계에서는 통합 캘린더 기능과 고급 분석 기능을 추가할 예정입니다. 각 단계는 3개월 단위로 계획되어 있으며, 사용자 피드백을 반영하여 개선합니다.\",\n    \"logical_dependency_chain\": \"개발은 회의 내용 파싱 기능을 먼저 구현한 후, 프로젝트 생성 기능을 개발합니다. 이후 할당 및 추적 기능을 추가하고, 마지막으로 통합 캘린더 기능을 구현합니다. 각 기능은 이전 기능의 안정성을 바탕으로 점진적으로 개발됩니다.\",\n    \"risks_and_mitigations\": \"기술적 도전으로는 자연어 처리의 정확도가 있으며, 이를 위해 최신 NLP 기술을 활용합니다. MVP 정의는 핵심 기능에 집중하여 초기 사용자 피드백을 빠르게 받을 수 있도록 합니다. 자원 제약사항으로는 개발 인력과 시간 관리가 있으며, 이를 위해 효율적인 프로젝트 관리 기법을 적용합니다.\",\n    \"appendix\": \"추가 정보로는 최신 NLP 기술 연구 결과와 관련 기술 사양이 포함됩니다. 또한, 초기 사용자 테스트 결과와 피드백도 참고 자료로 제공됩니다.\"\n}\n```",
  "quality_metrics": {
    "final_score": 6.0,
    "is_production_ready": true,
    "iterations_used": 3,
    "is_high_quality": false
  },
  "metadata": {
    "source_file": "../batch_triplet_results\\result_IS1004b\\05_final_result.json",
    "utterance_count": 217,
    "transcript_length": 8825,
    "speakers": [
      "Speaker_B",
      "Speaker_D",
      "Speaker_C",
      "Speaker_A"
    ],
    "dataset_type": "train",
    "processing_date": "2025-07-31T15:17:59.143113"
  }
}