{
  "id": "train_237",
  "source_dir": "result_ES2004d",
  "notion_output": "```json\n{\n    \"project_name\": \"운동 에너지 충전기 개발 프로젝트\",\n    \"project_purpose\": \"운동 에너지를 활용한 혁신적인 충전기 개발을 통해 시장의 요구를 충족하고, 트렌디한 디자인으로 소비자의 관심을 끌어내는 것\",\n    \"project_period\": \"2024.01.01 ~ 2024.06.30\",\n    \"project_manager\": \"윌리엄\",\n    \"core_objectives\": [\n        \"목표 1: 운동 에너지를 활용한 충전기 프로토타입 개발\",\n        \"목표 2: 사용자 맞춤형 디자인 제공을 위한 다양한 케이스 옵션 개발\",\n        \"목표 3: 시장 조사 결과를 바탕으로 한 제품 평가 및 개선\"\n    ],\n    \"core_idea\": \"운동 에너지를 활용하여 충전할 수 있는 휴대용 충전기 개발\",\n    \"idea_description\": \"이 프로젝트는 운동 에너지를 전력으로 변환하여 충전할 수 있는 휴대용 충전기를 개발하는 것을 목표로 합니다. 이 충전기는 다양한 크기의 표준 칩을 사용하며, 부드럽고 고무 같은 재질의 교체 가능한 케이스를 특징으로 합니다. 디자인은 과일에서 영감을 받은 밝고 펑키한 스타일로, 트렌디한 느낌을 유지합니다.\",\n    \"execution_plan\": \"1단계: 시장 조사 및 사용자 요구 분석 (2024.01.01 ~ 2024.02.15)\\n2단계: 프로토타입 디자인 및 개발 (2024.02.16 ~ 2024.04.15)\\n3단계: 제품 평가 및 피드백 수집 (2024.04.16 ~ 2024.05.15)\\n4단계: 최종 디자인 수정 및 생산 준비 (2024.05.16 ~ 2024.06.30)\",\n    \"expected_effects\": [\n        \"기대효과 1: 혁신적인 충전 방식으로 인한 소비자 만족도 향상\",\n        \"기대효과 2: 트렌디한 디자인으로 인한 브랜드 이미지 개선\",\n        \"기대효과 3: 사용자 맞춤형 옵션 제공으로 인한 시장 점유율 확대\"\n    ]\n}\n```",
  "prd_output": "```json\n{\n    \"overview\": \"파싱된 프로젝트는 회의 내용을 기반으로 프로젝트를 생성하는 것을 목적으로 합니다. 이 프로젝트는 회의에서 논의된 내용을 효과적으로 파악하고 이를 기반으로 프로젝트를 관리하려는 사용자들을 대상으로 합니다. 주요 가치 제안은 회의 내용을 자동으로 파싱하여 프로젝트 관리에 필요한 정보를 제공함으로써 시간과 노력을 절감하는 것입니다.\",\n    \"core_features\": \"1. 회의 내용 파싱 기능: 회의 녹음 파일이나 텍스트를 입력하면 자동으로 주요 내용을 파싱하여 프로젝트의 핵심 정보로 변환합니다. 2. 프로젝트 생성 및 관리: 파싱된 정보를 바탕으로 프로젝트를 자동 생성하고 관리할 수 있는 기능을 제공합니다. 3. 실시간 업데이트: 회의가 진행되는 동안 실시간으로 정보를 업데이트하고 프로젝트에 반영합니다.\",\n    \"user_experience\": \"사용자는 회의 내용을 입력하면 자동으로 프로젝트가 생성되는 경험을 하게 됩니다. 주요 페르소나는 프로젝트 매니저와 팀 리더이며, 이들은 회의 후 빠르게 프로젝트를 설정하고 관리할 수 있습니다. UI/UX는 직관적이고 사용하기 쉽게 설계되어야 하며, 주요 플로우는 회의 내용 입력 -> 파싱 -> 프로젝트 생성의 순서로 진행됩니다.\",\n    \"technical_architecture\": \"시스템은 클라우드 기반으로 설계되며, 주요 구성 요소는 데이터 파싱 모듈, 프로젝트 관리 모듈, 사용자 인터페이스입니다. 데이터 모델은 회의 내용과 프로젝트 정보를 저장할 수 있도록 설계되며, API는 외부 회의 도구와의 통합을 지원합니다. 인프라 요구사항은 안정적인 클라우드 서비스와 데이터 보안을 포함합니다.\",\n    \"development_roadmap\": \"MVP 요구사항은 회의 내용 파싱 및 프로젝트 생성 기능을 포함합니다. 향후 개선사항으로는 다양한 회의 도구와의 통합, 사용자 피드백 기반 기능 개선이 있습니다. 단계별 개발 범위는 초기 파싱 기능 개발, 프로젝트 생성 기능 추가, 통합 기능 개발 순으로 진행됩니다.\",\n    \"logical_dependency_chain\": \"개발 순서는 먼저 데이터 파싱 기능을 구현하고, 그 다음 프로젝트 생성 기능을 개발합니다. 이후 통합 기능을 추가하여 점진적으로 시스템을 확장합니다. 기초 기능은 파싱 기능이 우선이며, 이를 기반으로 다른 기능들이 개발됩니다.\",\n    \"risks_and_mitigations\": \"기술적 도전으로는 정확한 데이터 파싱 알고리즘 개발이 있으며, 이를 위해 머신러닝 기술을 활용합니다. MVP 정의는 핵심 기능인 파싱과 프로젝트 생성에 집중하며, 자원 제약사항으로는 초기 데이터 수집과 처리에 필요한 인프라가 있습니다.\",\n    \"appendix\": \"추가 정보로는 회의 도구와의 통합 연구 결과, 데이터 파싱 알고리즘의 기술 사양이 포함됩니다.\"\n}\n```",
  "quality_metrics": {
    "final_score": 6.0,
    "is_production_ready": true,
    "iterations_used": 1,
    "is_high_quality": false
  },
  "metadata": {
    "source_file": "../batch_triplet_results\\result_ES2004d\\05_final_result.json",
    "utterance_count": 366,
    "transcript_length": 11904,
    "speakers": [
      "Speaker_B",
      "Speaker_D",
      "Speaker_C",
      "Speaker_A"
    ],
    "dataset_type": "train",
    "processing_date": "2025-07-31T15:26:49.489101"
  }
}