{
  "id": "train_160",
  "source_dir": "result_ES2003a",
  "notion_output": "```json\n{\n    \"project_name\": \"인체공학적 터치스크린 리모컨 개발 프로젝트\",\n    \"project_purpose\": \"사용자 친화적이고 혁신적인 터치스크린 리모컨을 개발하여 고가 시장에 진출\",\n    \"project_period\": \"2025.01.01 ~ 2025.03.31\",\n    \"project_manager\": \"Speaker_C (마케팅 전문가)\",\n    \"core_objectives\": [\n        \"목표 1: 사용자 요구 사항을 반영한 리모컨 설계\",\n        \"목표 2: 터치스크린 LCD 기술을 활용한 고급 리모컨 개발\",\n        \"목표 3: 인체공학적 디자인을 통해 사용자 편의성 극대화\"\n    ],\n    \"core_idea\": \"사용자 인터페이스와 인체공학적 디자인을 결합한 고급 터치스크린 리모컨\",\n    \"idea_description\": \"터치스크린 LCD를 장착한 리모컨을 통해 사용자 경험을 향상시키고, 인체공학적 디자인으로 손에 편안하게 맞는 제품을 개발하여 고가 시장을 타겟으로 함.\",\n    \"execution_plan\": \"1단계: 사용자 요구 사항 분석 (2025.01.01 ~ 2025.01.15)\\n2단계: 기술적 기능 및 작동 설계 (2025.01.16 ~ 2025.02.15)\\n3단계: 프로토타입 제작 및 테스트 (2025.02.16 ~ 2025.03.15)\\n4단계: 최종 제품 개발 및 출시 준비 (2025.03.16 ~ 2025.03.31)\",\n    \"expected_effects\": [\n        \"기대효과 1: 고가 시장에서의 점유율 확대\",\n        \"기대효과 2: 사용자 만족도 향상 및 브랜드 이미지 강화\",\n        \"기대효과 3: 혁신적인 디자인을 통한 시장 차별화\"\n    ]\n}\n```",
  "prd_output": "```json\n{\n    \"overview\": \"파싱된 프로젝트는 회의 내용을 기반으로 프로젝트를 관리하고 추적할 수 있는 솔루션입니다. 이 프로젝트는 회의에서 논의된 내용을 체계적으로 정리하고, 이를 기반으로 프로젝트를 생성하여 관리할 수 있도록 합니다. 타겟 사용자는 회의에서 나온 아이디어와 결정을 효과적으로 관리하고자 하는 기업 및 팀입니다. 이 솔루션은 회의 후속 작업을 자동화하여 시간 절약과 효율성을 제공합니다.\",\n    \"core_features\": \"1. 회의 내용 파싱: 회의 기록을 자동으로 분석하여 주요 아이디어와 결정을 추출합니다. 2. 프로젝트 생성: 파싱된 내용을 기반으로 프로젝트와 관련된 작업 항목을 자동으로 생성합니다. 3. 작업 추적: 생성된 프로젝트의 진행 상황을 실시간으로 추적하고 관리할 수 있습니다. 4. 통합 기능: 다양한 협업 도구와의 통합을 통해 사용자 편의성을 높입니다.\",\n    \"user_experience\": \"사용자는 회의 후 기록을 업로드하면 자동으로 프로젝트가 생성됩니다. 페르소나는 프로젝트 매니저와 팀 리더로, 이들이 쉽게 프로젝트를 관리할 수 있도록 직관적인 UI/UX를 제공합니다. 주요 플로우는 회의 기록 업로드, 파싱 결과 확인, 프로젝트 생성 및 관리입니다.\",\n    \"technical_architecture\": \"시스템은 클라우드 기반으로 운영되며, 주요 구성 요소는 데이터 파싱 엔진, 프로젝트 관리 모듈, 사용자 인터페이스입니다. 데이터 모델은 회의 기록과 프로젝트 데이터를 저장하고 관리합니다. API는 외부 협업 도구와의 통합을 지원합니다. 인프라 요구사항은 확장성을 고려하여 설계되었습니다.\",\n    \"development_roadmap\": \"MVP 요구사항은 회의 내용 파싱 및 프로젝트 생성 기능입니다. 향후 개선사항으로는 고급 분석 기능과 추가 통합 옵션이 포함됩니다. 단계별 개발 범위는 초기 파싱 기능 개발, 프로젝트 관리 모듈 추가, 통합 기능 확장으로 나뉩니다.\",\n    \"logical_dependency_chain\": \"개발 순서는 데이터 파싱 엔진 개발, 프로젝트 생성 모듈 구현, 사용자 인터페이스 디자인 순으로 진행됩니다. 기초 기능인 파싱 엔진이 우선 개발되며, 이후 점진적으로 프로젝트 관리 기능이 추가됩니다.\",\n    \"risks_and_mitigations\": \"기술적 도전은 정확한 파싱 알고리즘 개발이며, 이를 위해 머신러닝 기술을 활용합니다. MVP 정의는 핵심 기능인 파싱과 프로젝트 생성에 집중합니다. 자원 제약사항은 인력과 시간으로, 이를 해결하기 위해 외부 전문가와의 협업을 고려합니다.\",\n    \"appendix\": \"추가 정보로는 회의 내용 파싱을 위한 최신 연구 결과와 기술 사양이 포함됩니다. 또한, 유사 프로젝트 사례 연구와 시장 분석 자료가 제공됩니다.\"\n}\n```",
  "quality_metrics": {
    "final_score": 6.0,
    "is_production_ready": true,
    "iterations_used": 1,
    "is_high_quality": false
  },
  "metadata": {
    "source_file": "../batch_triplet_results\\result_ES2003a\\05_final_result.json",
    "utterance_count": 74,
    "transcript_length": 2727,
    "speakers": [
      "Speaker_A",
      "Speaker_B",
      "Speaker_D",
      "Speaker_C"
    ],
    "dataset_type": "train",
    "processing_date": "2025-07-31T14:04:29.716319"
  }
}