{
  "id": "train_179",
  "source_dir": "result_제22대국회 제422회(임시회) 제1차 과학기술정보방송통신위원회(과학기술원자력법안심사소위원회) (2025.02.26.)",
  "notion_output": "```json\n{\n    \"project_name\": \"합성생물학 육성 및 과학기술기본법 개정 프로젝트\",\n    \"project_purpose\": \"합성생물학 분야의 육성을 통해 국가 전략기술로서의 경쟁력 강화 및 과학기술기본법 개정을 통한 연구개발 체계의 효율성 제고\",\n    \"project_period\": \"2024.01.01 ~ 2024.12.31\",\n    \"project_manager\": \"과학기술정보통신부제1차관 이창윤\",\n    \"core_objectives\": [\n        \"목표 1: 합성생물학 육성을 위한 기본계획 및 시행계획 수립\",\n        \"목표 2: 과학기술기본법 개정을 통한 연구개발사업의 신속한 추진 체계 마련\",\n        \"목표 3: 연구개발사업의 안전성 및 윤리적 기준 강화\"\n    ],\n    \"core_idea\": \"합성생물학의 전략적 육성과 연구개발 체계의 효율적 개편\",\n    \"idea_description\": \"합성생물학 분야를 독립적으로 육성하기 위한 법률 제정과 과학기술기본법 개정을 통해 연구개발의 신속성과 효율성을 높이고, 안전성과 윤리적 기준을 강화하여 국가 경쟁력을 강화한다.\",\n    \"execution_plan\": \"1. 합성생물학 육성법 제정 및 기본계획 수립 (2024년 1분기)\\n2. 과학기술기본법 개정안 마련 및 공청회 개최 (2024년 2분기)\\n3. 연구개발사업 추진 체계 개편 및 시행 (2024년 3분기)\\n4. 연구 안전성 및 윤리 기준 강화 방안 마련 (2024년 4분기)\",\n    \"expected_effects\": [\n        \"기대효과 1: 합성생물학 분야의 독립적 육성을 통해 국가 바이오 제조 역량 강화\",\n        \"기대효과 2: 연구개발사업의 신속한 추진으로 글로벌 경쟁력 제고\",\n        \"기대효과 3: 연구 안전성 및 윤리적 기준 강화로 사회적 수용성 증대\"\n    ]\n}\n```",
  "prd_output": "```json\n{\n    \"overview\": \"파싱된 프로젝트는 회의 내용을 기반으로 프로젝트를 생성하고 관리하는 도구입니다. 이 프로젝트는 회의에서 논의된 내용을 효율적으로 파악하고, 이를 바탕으로 프로젝트를 자동으로 생성하여 관리의 효율성을 높이는 것을 목표로 합니다. 타겟 사용자는 프로젝트 관리자와 팀원들로, 이 도구를 통해 회의 후속 작업을 자동화하고, 프로젝트 진행 상황을 명확하게 파악할 수 있습니다. 이를 통해 시간 절약과 프로젝트 관리의 정확성을 높이는 가치를 제공합니다.\",\n    \"core_features\": \"1. 회의 내용 파싱: 회의 녹음 파일이나 텍스트를 분석하여 주요 내용을 추출합니다. 2. 자동 프로젝트 생성: 파싱된 내용을 바탕으로 프로젝트를 자동으로 생성하고, 관련된 태스크를 할당합니다. 3. 실시간 업데이트: 프로젝트 진행 상황을 실시간으로 업데이트하고, 팀원들에게 알림을 제공합니다.\",\n    \"user_experience\": \"사용자는 회의가 끝난 후 녹음 파일이나 텍스트를 업로드합니다. 시스템은 이를 분석하여 주요 내용을 파악하고, 자동으로 프로젝트를 생성합니다. 생성된 프로젝트는 대시보드에서 확인할 수 있으며, 각 태스크의 진행 상황을 실시간으로 업데이트합니다. 사용자 페르소나는 프로젝트 관리자와 팀원으로, 간단한 UI를 통해 손쉽게 프로젝트를 관리할 수 있습니다.\",\n    \"technical_architecture\": \"시스템은 음성 인식 및 자연어 처리(NLP) 기술을 활용하여 회의 내용을 파싱합니다. 데이터 모델은 프로젝트, 태스크, 사용자 정보를 포함하며, API를 통해 외부 시스템과 연동할 수 있습니다. 인프라는 클라우드 기반으로 구축되어 확장성과 안정성을 보장합니다.\",\n    \"development_roadmap\": \"MVP 요구사항은 회의 내용 파싱 및 자동 프로젝트 생성 기능입니다. 향후 개선사항으로는 다국어 지원, 사용자 맞춤형 알림 기능 등이 있으며, 단계별로 기능을 확장해 나갈 예정입니다.\",\n    \"logical_dependency_chain\": \"1. 회의 내용 파싱 기능 개발 2. 자동 프로젝트 생성 기능 개발 3. 실시간 업데이트 및 알림 기능 개발. 기초 기능인 파싱과 프로젝트 생성이 우선적으로 개발되어야 하며, 이후 점진적으로 기능을 확장합니다.\",\n    \"risks_and_mitigations\": \"기술적 도전은 음성 인식 및 NLP의 정확도 향상입니다. MVP 정의는 회의 내용 파싱 및 자동 프로젝트 생성이며, 자원 제약사항은 개발 인력과 시간입니다. 이를 위해 초기에는 간단한 기능부터 구현하고, 사용자 피드백을 통해 개선해 나갈 계획입니다.\",\n    \"appendix\": \"추가 정보로는 음성 인식 및 NLP 기술에 대한 연구 결과와 기술 사양이 포함됩니다. 이를 통해 프로젝트의 기술적 기반을 명확히 하고, 향후 개발 방향을 설정할 수 있습니다.\"\n}\n```",
  "quality_metrics": {
    "final_score": 6.0,
    "is_production_ready": true,
    "iterations_used": 1,
    "is_high_quality": false
  },
  "metadata": {
    "source_file": "../batch_triplet_results\\result_제22대국회 제422회(임시회) 제1차 과학기술정보방송통신위원회(과학기술원자력법안심사소위원회) (2025.02.26.)\\05_final_result.json",
    "utterance_count": 328,
    "transcript_length": 21530,
    "speakers": [
      "과학기술정보통신부과학기술혁신본부장 류광준",
      "박충권 위원",
      "김우영 위원",
      "전문위원 임명현",
      "과학기술정보통신부성과평가정책국장 이상윤",
      "박정훈 위원",
      "조인철 위원",
      "과학기술정보통신부제1차관 이창윤",
      "소위원장 최형두",
      "황정아 위원"
    ],
    "dataset_type": "train",
    "processing_date": "2025-07-31T14:28:14.809237"
  }
}