{
  "id": "train_128",
  "source_dir": "result_ES2008a",
  "notion_output": "```json\n{\n    \"project_name\": \"스마트 리모컨 디자인 프로젝트\",\n    \"project_purpose\": \"사용자 친화적이고 트렌디한 스마트 리모컨을 개발하여 다양한 기기를 효율적으로 제어할 수 있도록 지원\",\n    \"project_period\": \"2024.01.01 ~ 2024.03.31\",\n    \"project_manager\": \"로즈 린드그렌\",\n    \"core_objectives\": [\n        \"목표 1: 독창적이고 트렌디한 디자인 개발\",\n        \"목표 2: 사용자 편의성을 극대화한 인터페이스 구현\",\n        \"목표 3: 다기능 리모컨으로 여러 기기를 통합 제어\"\n    ],\n    \"core_idea\": \"다양한 기기를 하나의 리모컨으로 제어할 수 있는 스마트 리모컨 개발\",\n    \"idea_description\": \"스마트 리모컨은 TV, 디지털 박스, 비디오 레코더 등 여러 기기를 하나의 리모컨으로 제어할 수 있도록 설계되며, 사용자가 쉽게 사용할 수 있는 직관적인 인터페이스를 제공합니다.\",\n    \"execution_plan\": \"1단계: 개념 설계 및 개별 작업 (2024.01.01 ~ 2024.01.31)\\n2단계: 세부 설계 및 개별 작업 (2024.02.01 ~ 2024.02.28)\\n3단계: 프로토타입 개발 및 테스트 (2024.03.01 ~ 2024.03.15)\\n4단계: 최종 디자인 확정 및 생산 준비 (2024.03.16 ~ 2024.03.31)\",\n    \"expected_effects\": [\n        \"기대효과 1: 사용자 경험 개선을 통한 고객 만족도 향상\",\n        \"기대효과 2: 리모컨 통합으로 인한 비용 절감 및 효율성 증대\",\n        \"기대효과 3: 혁신적인 제품 디자인으로 시장 경쟁력 강화\"\n    ]\n}\n```",
  "prd_output": "```json\n{\n    \"overview\": \"파싱된 프로젝트는 회의 내용을 기반으로 프로젝트를 관리하는 시스템입니다. 이 프로젝트는 회의에서 논의된 내용을 효율적으로 정리하고, 이를 기반으로 프로젝트를 계획하고 실행하는 데 도움을 줍니다. 주요 타겟 사용자는 프로젝트 관리자와 팀원들로, 이 시스템을 통해 회의에서 나온 아이디어와 결정을 체계적으로 관리할 수 있습니다. 이를 통해 프로젝트 관리의 효율성을 높이고, 의사소통의 명확성을 증대시키는 것이 주요 가치 제안입니다.\",\n    \"core_features\": \"1. 회의 내용 자동 파싱: 회의 중 논의된 내용을 자동으로 파싱하여 프로젝트 관리에 필요한 정보로 변환합니다. 2. 프로젝트 계획 생성: 파싱된 데이터를 기반으로 프로젝트 계획을 자동으로 생성합니다. 3. 목표 추적: 설정된 목표를 추적하고, 진행 상황을 시각적으로 표시합니다. 4. 협업 도구 통합: 다양한 협업 도구와 통합하여 팀원 간의 의사소통을 원활하게 합니다.\",\n    \"user_experience\": \"사용자 여정은 회의 참석 후 시스템에 접속하여 자동으로 파싱된 회의 내용을 확인하고, 이를 기반으로 프로젝트 계획을 검토 및 수정하는 과정으로 구성됩니다. 주요 페르소나는 프로젝트 관리자와 팀원으로, 이들은 직관적인 UI를 통해 쉽게 시스템을 사용할 수 있습니다. UI/UX는 사용자의 편의성을 최우선으로 고려하여 설계됩니다.\",\n    \"technical_architecture\": \"시스템은 클라우드 기반으로 구성되며, 주요 구성 요소로는 데이터 파싱 모듈, 프로젝트 관리 모듈, 협업 도구 API 통합 모듈이 있습니다. 데이터 모델은 회의 내용, 프로젝트 계획, 목표 등을 포함하며, API를 통해 외부 협업 도구와의 통신을 지원합니다. 인프라 요구사항으로는 안정적인 클라우드 서버와 데이터베이스가 필요합니다.\",\n    \"development_roadmap\": \"MVP 요구사항은 회의 내용 파싱 및 프로젝트 계획 생성 기능을 포함합니다. 이후 단계에서는 목표 추적 기능과 협업 도구 통합 기능을 추가할 예정입니다. 각 단계별로 사용자 피드백을 반영하여 점진적으로 개선해 나갈 계획입니다.\",\n    \"logical_dependency_chain\": \"개발 순서는 회의 내용 파싱 기능을 먼저 구현하고, 이를 기반으로 프로젝트 계획 생성 기능을 개발합니다. 이후 목표 추적 기능과 협업 도구 통합 기능을 순차적으로 개발하여 시스템의 완성도를 높입니다.\",\n    \"risks_and_mitigations\": \"기술적 도전으로는 회의 내용의 정확한 파싱과 다양한 협업 도구와의 통합이 있으며, 이를 위해 정교한 알고리즘과 API 통합 기술이 필요합니다. MVP는 핵심 기능인 회의 내용 파싱과 프로젝트 계획 생성에 집중합니다. 자원 제약사항으로는 개발 인력과 시간 관리가 있으며, 이를 위해 철저한 계획과 우선순위 설정이 필요합니다.\",\n    \"appendix\": \"추가 정보로는 회의 내용 파싱에 사용된 알고리즘 연구 자료와 협업 도구 API 사양서가 포함됩니다. 또한, 유사 프로젝트 사례 연구 결과도 참고 자료로 제공됩니다.\"\n}\n```",
  "quality_metrics": {
    "final_score": 6.0,
    "is_production_ready": true,
    "iterations_used": 1,
    "is_high_quality": false
  },
  "metadata": {
    "source_file": "../batch_triplet_results\\result_ES2008a\\05_final_result.json",
    "utterance_count": 133,
    "transcript_length": 4667,
    "speakers": [
      "Speaker_B",
      "Speaker_D",
      "Speaker_C",
      "Speaker_A"
    ],
    "dataset_type": "train",
    "processing_date": "2025-07-31T13:23:08.698900"
  }
}