{
  "id": "train_044",
  "source_dir": "result_제22대국회 제427회(임시회) 제3차 보건복지위원회(전체회의) (2025.07.21.)",
  "notion_output": "```json\n{\n    \"project_name\": \"보건복지부장관 인사청문경과보고서 채택 프로젝트\",\n    \"project_purpose\": \"보건복지부장관 후보자에 대한 인사청문경과보고서를 채택하여 보건복지부의 원활한 운영을 지원\",\n    \"project_period\": \"2023.07.18 ~ 2023.07.24\",\n    \"project_manager\": \"박주민 위원장\",\n    \"core_objectives\": [\n        \"목표 1: 정은경 보건복지부장관 후보자에 대한 인사청문경과보고서 채택\",\n        \"목표 2: 보건복지부장관의 신속한 임명을 통해 보건의료 및 복지 정책의 공백 최소화\",\n        \"목표 3: 여야 간 합의를 통해 국정 운영의 원활한 진행\"\n    ],\n    \"core_idea\": \"인사청문경과보고서의 신속한 채택을 통해 보건복지부의 리더십 공백을 최소화하고, 국민의 건강과 복지를 위한 정책 추진을 가속화\",\n    \"idea_description\": \"인사청문회에서 논의된 후보자의 역량과 자질을 바탕으로 경과보고서를 작성하고, 여야 간 협의를 통해 신속한 채택을 추진\",\n    \"execution_plan\": \"1. 인사청문회 진행 및 후보자 검증 (2023.07.18)\\n2. 인사청문경과보고서 작성 및 배포 (2023.07.19 ~ 2023.07.23)\\n3. 여야 간 협의를 통한 보고서 채택 (2023.07.24)\",\n    \"expected_effects\": [\n        \"기대효과 1: 보건복지부장관의 신속한 임명으로 보건의료 및 복지 정책의 연속성 확보\",\n        \"기대효과 2: 국민의 건강과 복지를 위한 정책 추진의 가속화\",\n        \"기대효과 3: 여야 간 협력 증진을 통한 국정 운영의 원활화\"\n    ]\n}\n```",
  "prd_output": "```json\n{\n    \"overview\": \"파싱된 프로젝트는 회의 내용을 기반으로 프로젝트를 관리하고 추적하는 시스템입니다. 이 프로젝트는 회의에서 논의된 사항을 효율적으로 파악하고 실행 가능한 작업으로 변환하는 데 중점을 둡니다. 타겟 사용자는 프로젝트 관리자와 팀원들로, 이 시스템을 통해 회의 후속 작업을 체계적으로 관리할 수 있습니다. 주요 가치 제안은 회의 후속 작업의 명확성 향상과 효율적인 프로젝트 진행입니다.\",\n    \"core_features\": \"1. 회의 내용 파싱: 회의 기록을 자동으로 분석하여 주요 작업 항목을 추출합니다. 2. 작업 항목 관리: 파싱된 작업 항목을 프로젝트 보드에 추가하고, 우선순위를 설정할 수 있습니다. 3. 알림 및 리마인더: 작업 마감일 및 중요 업데이트에 대한 알림을 제공합니다.\",\n    \"user_experience\": \"사용자는 회의가 끝난 후 시스템에 회의 기록을 업로드합니다. 시스템은 자동으로 내용을 분석하고 작업 항목을 생성합니다. 사용자는 생성된 작업을 검토하고 필요에 따라 수정한 후 팀원들에게 할당합니다. UI/UX는 직관적이고 사용자가 쉽게 내비게이션할 수 있도록 설계됩니다.\",\n    \"technical_architecture\": \"시스템은 클라이언트-서버 아키텍처로 구성되며, 클라이언트는 웹 애플리케이션 형태로 제공됩니다. 데이터 모델은 회의 기록, 작업 항목, 사용자 정보 등을 포함하며, RESTful API를 통해 클라이언트와 서버 간의 통신이 이루어집니다. 인프라는 클라우드 기반으로 확장성을 고려하여 설계됩니다.\",\n    \"development_roadmap\": \"MVP는 회의 내용 파싱 기능과 기본적인 작업 관리 기능을 포함합니다. 이후 단계에서는 고급 분석 기능과 통합 알림 시스템을 추가할 예정입니다. 단계별로 사용자 피드백을 반영하여 기능을 개선해 나갑니다.\",\n    \"logical_dependency_chain\": \"1. 회의 내용 파싱 기능 개발 2. 작업 관리 기능 개발 3. 알림 시스템 개발 4. UI/UX 개선 및 사용자 피드백 반영 5. 고급 분석 기능 추가\",\n    \"risks_and_mitigations\": \"기술적 도전은 자연어 처리 기술의 정확성과 관련이 있으며, 이를 위해 최신 NLP 알고리즘을 연구하고 적용합니다. MVP 정의는 최소 기능 세트를 명확히 하여 개발 범위를 제한합니다. 자원 제약사항은 클라우드 인프라를 활용하여 초기 비용을 절감합니다.\",\n    \"appendix\": \"추가 정보로는 최신 NLP 기술 연구 결과와 시스템 요구사항 사양서가 포함됩니다.\"\n}\n```",
  "quality_metrics": {
    "final_score": 6.0,
    "is_production_ready": true,
    "iterations_used": 1,
    "is_high_quality": false
  },
  "metadata": {
    "source_file": "../batch_triplet_results\\result_제22대국회 제427회(임시회) 제3차 보건복지위원회(전체회의) (2025.07.21.)\\05_final_result.json",
    "utterance_count": 43,
    "transcript_length": 2812,
    "speakers": [
      "위원장 박주민",
      "이주영 위원",
      "이수진 위원"
    ],
    "dataset_type": "train",
    "processing_date": "2025-07-31T11:37:18.107463"
  }
}