{
  "id": "train_148",
  "source_dir": "result_Bro018_processed",
  "notion_output": "```json\n{\n    \"project_name\": \"다중 환경 적응형 신경망 기반 음성 인식 최적화 및 검증 프로젝트\",\n    \"project_purpose\": \"다양한 환경에서의 음성 인식 성능을 최적화하고, 신경망을 활용하여 음성 인식의 정확도를 향상시키며, 실시간 적용 가능성을 검증하는 것\",\n    \"project_period\": \"2025.01.01 ~ 2025.03.31\",\n    \"project_manager\": \"카르멘\",\n    \"team_members\": [\n        \"Speaker_A\",\n        \"Speaker_B\",\n        \"Speaker_C\",\n        \"Speaker_D\",\n        \"Speaker_E\"\n    ],\n    \"core_objectives\": [\n        \"목표 1: 로그 크기 스펙트럼과 필터 뱅크를 활용한 음성 신호 분석 및 신경망 입력 데이터 생성\",\n        \"목표 2: 다양한 환경에서의 음성 인식 성능 테스트 및 최적화\",\n        \"목표 3: 신경망 모델의 학습 및 검증을 통한 음성 인식 정확도 향상\",\n        \"목표 4: 실시간 음성 인식 적용 가능성 검증\"\n    ],\n    \"core_idea\": \"신경망을 활용하여 다양한 환경에서의 음성 인식 성능을 최적화하고, 로그 크기 스펙트럼과 필터 뱅크를 통해 음성 신호를 분석하여 인식 정확도를 높인다.\",\n    \"idea_description\": \"로그 크기 스펙트럼과 필터 뱅크를 활용하여 음성 신호를 분석하고, 이를 신경망에 입력하여 음성 인식의 정확도를 높인다. 다양한 환경에서의 성능을 테스트하고 최적화하여 실용성을 높인다.\",\n    \"execution_plan\": [\n        {\n            \"phase\": \"1단계\",\n            \"description\": \"로그 크기 스펙트럼 및 필터 뱅크 설계 및 구현\",\n            \"duration\": \"2025.01.01 ~ 2025.01.31\",\n            \"tasks\": [\n                \"로그 크기 스펙트럼 및 필터 뱅크의 설계\",\n                \"필터 뱅크의 피치 효과 통합 및 차이 분산 계산\",\n                \"신경망 입력 데이터 생성\",\n                \"R-1/R-0 스펙트럼 차이 분석\"\n            ]\n        },\n        {\n            \"phase\": \"2단계\",\n            \"description\": \"신경망 모델 개발 및 학습\",\n            \"duration\": \"2025.02.01 ~ 2025.02.28\",\n            \"tasks\": [\n                \"신경망 모델 설계 및 구현\",\n                \"다양한 환경에서의 데이터 수집 및 전처리\",\n                \"신경망 학습 및 검증\",\n                \"TIMIT 및 시끄러운 TIMIT 데이터셋을 활용한 성능 테스트\"\n            ]\n        },\n        {\n            \"phase\": \"3단계\",\n            \"description\": \"다양한 환경에서의 성능 테스트 및 최적화\",\n            \"duration\": \"2025.03.01 ~ 2025.03.31\",\n            \"tasks\": [\n                \"다양한 환경에서의 성능 테스트 계획 수립\",\n                \"테스트 결과 분석 및 최적화\",\n                \"최적화된 모델의 실시간 적용 가능성 평가\",\n                \"ICASSP 및 HLT와 같은 학회에서의 발표 준비\"\n            ]\n        }\n    ],\n    \"expected_effects\": [\n        \"기대효과 1: 음성 인식 정확도가 5% 이상 향상됨\",\n        \"기대효과 2: 다양한 환경에서도 안정적인 음성 인식 성능을 보임\",\n        \"기대효과 3: 신경망 기반 음성 인식 기술의 상용화 가능성 증대\",\n        \"기대효과 4: 실시간 음성 인식 시스템의 구현 가능성 검증\"\n    ],\n    \"technical_details\": [\n        \"로그 FFT 및 로그 전력 스펙트럼 사용\",\n        \"필터 뱅크의 피치 효과 통합\",\n        \"신경망을 통한 R-1/R-0 스펙트럼 차이 분석\",\n        \"TIMIT 및 시끄러운 TIMIT 데이터셋을 활용한 성능 테스트\",\n        \"실시간 적용을 위한 시스템 최적화\"\n    ]\n}\n```",
  "prd_output": "```json\n{\n    \"overview\": \"파싱된 프로젝트는 회의 내용을 기반으로 한 프로젝트로, 회의 중 논의된 내용을 체계적으로 정리하고 관리하는 것을 목표로 합니다. 이 프로젝트는 회의 주최자와 참가자들이 회의 후에도 중요한 정보를 쉽게 접근하고 활용할 수 있도록 돕습니다. 주요 타겟 사용자는 기업 내 회의 주최자 및 참가자이며, 회의 후속 작업의 효율성을 높이는 가치를 제공합니다.\",\n    \"core_features\": \"1. 회의 내용 자동 파싱: 회의 중 기록된 내용을 자동으로 파싱하여 요약 및 정리합니다. 2. 프로젝트 생성 및 관리: 파싱된 내용을 기반으로 프로젝트를 자동 생성하고 관리할 수 있습니다. 3. 알림 및 리마인더: 프로젝트 진행 상황에 대한 알림 및 리마인더 기능을 제공합니다.\",\n    \"user_experience\": \"사용자 여정은 회의 주최자가 회의 내용을 입력하면 시스템이 자동으로 파싱하여 프로젝트를 생성하는 흐름으로 구성됩니다. 페르소나는 기업 내 회의 주최자 및 참가자이며, 주요 플로우는 회의 내용 입력, 자동 파싱, 프로젝트 생성 및 관리입니다. UI/UX는 직관적이고 사용자가 쉽게 접근할 수 있도록 설계됩니다.\",\n    \"technical_architecture\": \"시스템은 클라우드 기반으로 구성되며, 데이터 모델은 회의 내용 및 프로젝트 데이터를 포함합니다. API는 외부 회의 기록 시스템과의 연동을 지원하며, 인프라 요구사항은 안정적인 클라우드 서버와 데이터 저장소를 포함합니다.\",\n    \"development_roadmap\": \"MVP 요구사항은 회의 내용 자동 파싱 및 프로젝트 생성 기능입니다. 향후 개선사항으로는 사용자 맞춤형 알림 기능 및 외부 시스템과의 연동 강화가 포함됩니다. 단계별 개발 범위는 초기 파싱 기능 개발, 프로젝트 관리 기능 추가, 알림 시스템 통합 순으로 진행됩니다.\",\n    \"logical_dependency_chain\": \"개발 순서는 회의 내용 파싱 기능을 먼저 개발하고, 이후 프로젝트 생성 및 관리 기능을 추가합니다. 기초 기능 우선순위는 파싱 기능이며, 점진적 개발 방식으로 각 기능을 순차적으로 통합합니다.\",\n    \"risks_and_mitigations\": \"기술적 도전은 자연어 처리 기술의 정확도 향상이며, MVP 정의는 핵심 파싱 및 프로젝트 생성 기능으로 설정합니다. 자원 제약사항은 개발 인력 및 클라우드 인프라 비용입니다.\",\n    \"appendix\": \"추가 정보로는 자연어 처리 기술 연구 자료 및 관련 기술 사양이 포함됩니다.\"\n}\n```",
  "quality_metrics": {
    "final_score": 6.0,
    "is_production_ready": true,
    "iterations_used": 3,
    "is_high_quality": false
  },
  "metadata": {
    "source_file": "../batch_triplet_results\\result_Bro018_processed\\05_final_result.json",
    "utterance_count": 703,
    "transcript_length": 24118,
    "speakers": [
      "Speaker_A",
      "Speaker_B",
      "Speaker_E",
      "Speaker_D",
      "Speaker_C"
    ],
    "dataset_type": "train",
    "processing_date": "2025-07-31T13:50:15.696448"
  }
}