{
  "id": "train_208",
  "source_dir": "result_TS3010d",
  "notion_output": "```json\n{\n    \"project_name\": \"젊은 세대를 위한 패션과 기술 융합 전자제품 개발\",\n    \"project_purpose\": \"패션과 기술이 결합된 혁신적인 전자제품을 통해 젊은 세대의 관심을 끌고 시장 경쟁력을 강화한다.\",\n    \"project_period\": \"2024.01.01 ~ 2024.06.30\",\n    \"project_manager\": \"Speaker_A\",\n    \"core_objectives\": [\n        \"목표 1: 패션과 기술이 결합된 혁신적인 전자제품 디자인 개발\",\n        \"목표 2: 사용자 친화적인 인터페이스 구현 및 조이스틱과 버튼의 최적화\",\n        \"목표 3: 비용 효율적인 생산을 통한 가격 경쟁력 확보\",\n        \"목표 4: 고급형과 기본형 제품의 차별화된 기능 제공\"\n    ],\n    \"core_idea\": \"패션과 기술의 융합을 통해 차별화된 전자제품을 개발하여 젊은 세대의 관심을 끌고 시장 경쟁력을 확보한다.\",\n    \"idea_description\": \"전자제품에 패션 요소를 추가하고, 사용자 친화적인 인터페이스와 디자인을 통해 젊은 세대를 타겟으로 한 제품을 개발한다. 특히, 조이스틱과 버튼의 색상 및 배치를 최적화하여 사용성을 높인다.\",\n    \"execution_plan\": [\n        \"1단계: 시장 조사 및 트렌드 분석 (2024.01.01 ~ 2024.02.15)\",\n        \"2단계: 제품 디자인 및 프로토타입 개발 (2024.02.16 ~ 2024.03.31)\",\n        \"3단계: 사용자 테스트 및 피드백 반영 (2024.04.01 ~ 2024.04.30)\",\n        \"4단계: 대량 생산 및 마케팅 준비 (2024.05.01 ~ 2024.05.31)\",\n        \"5단계: 제품 출시 및 초기 시장 반응 분석 (2024.06.01 ~ 2024.06.30)\"\n    ],\n    \"technical_details\": {\n        \"design_elements\": [\n            \"큰 버튼과 색상 조합: 전원 버튼을 제외한 모든 버튼은 파란색으로 설정\",\n            \"조이스틱: 볼륨과 채널 조절 기능 포함\",\n            \"특수 색상의 고무 사용\",\n            \"LCD 디스플레이 포함 (고급형)\",\n            \"스크롤 휠과 통합 푸시 버튼\"\n        ],\n        \"cost_information\": [\n            \"기본형: 12.5유로\",\n            \"고급형: 13유로, LCD 포함\"\n        ],\n        \"material_details\": [\n            \"반은 고무, 반은 플라스틱으로 구성\",\n            \"첨단 칩 사용: 칩온프린트 방식\"\n        ]\n    },\n    \"expected_effects\": [\n        \"기대효과 1: 젊은 세대의 관심을 끌어 매출 증가\",\n        \"기대효과 2: 패션과 기술이 결합된 제품으로 브랜드 이미지 강화\",\n        \"기대효과 3: 비용 효율적인 생산을 통해 가격 경쟁력 확보\"\n    ]\n}\n```",
  "prd_output": "```json\n{\n    \"overview\": \"파싱된 프로젝트는 회의 내용을 기반으로 프로젝트를 관리하고 추적하는 시스템입니다. 이 프로젝트는 회의에서 논의된 사항을 체계적으로 정리하고, 이를 바탕으로 프로젝트를 효율적으로 관리하고자 하는 사용자들을 대상으로 합니다. 주요 가치 제안은 회의 내용을 자동으로 파싱하여 프로젝트 관리에 필요한 정보를 제공함으로써 시간과 노력을 절감하는 것입니다.\",\n    \"core_features\": \"1. 회의 내용 자동 파싱: 회의 녹음 파일을 업로드하면 자동으로 텍스트로 변환하고, 주요 항목을 파싱하여 프로젝트 관리에 필요한 정보를 추출합니다. 2. 프로젝트 생성 및 관리: 파싱된 정보를 바탕으로 프로젝트를 자동 생성하고, 관련된 작업 항목을 관리할 수 있습니다. 3. 실시간 업데이트 및 알림: 프로젝트 진행 상황을 실시간으로 업데이트하고, 관련된 팀원들에게 알림을 제공합니다.\",\n    \"user_experience\": \"사용자는 회의 녹음 파일을 업로드하고, 자동으로 생성된 프로젝트를 확인하며, 필요한 경우 수동으로 수정할 수 있습니다. 주요 페르소나는 프로젝트 매니저와 팀 리더로, 이들은 회의 내용을 기반으로 프로젝트를 관리하고 팀원들과 협업합니다. UI/UX는 직관적이고 사용하기 쉬운 인터페이스를 제공하여 사용자 경험을 극대화합니다.\",\n    \"technical_architecture\": \"시스템은 클라우드 기반으로 구축되며, 음성 인식 API를 사용하여 회의 내용을 텍스트로 변환합니다. 데이터베이스는 프로젝트와 관련된 모든 정보를 저장하며, RESTful API를 통해 프론트엔드와 백엔드 간의 통신을 지원합니다. 인프라는 확장성을 고려하여 설계되었습니다.\",\n    \"development_roadmap\": \"MVP에서는 회의 내용 파싱 및 프로젝트 생성 기능을 우선적으로 개발합니다. 이후 단계에서는 사용자 피드백을 반영하여 기능을 개선하고, 추가적인 협업 도구와의 통합을 고려합니다.\",\n    \"logical_dependency_chain\": \"초기에는 음성 인식 및 파싱 기능을 개발하고, 이후 프로젝트 생성 및 관리 기능을 구현합니다. 마지막으로 실시간 업데이트 및 알림 기능을 추가합니다.\",\n    \"risks_and_mitigations\": \"음성 인식의 정확도가 낮을 경우 프로젝트 생성에 오류가 발생할 수 있습니다. 이를 위해 다양한 음성 인식 API를 테스트하여 최적의 솔루션을 선택합니다. 자원 제약사항으로는 개발 인력과 시간의 제한이 있으며, 이를 해결하기 위해 우선순위를 명확히 하고, 단계별로 개발을 진행합니다.\",\n    \"appendix\": \"추가 정보로는 음성 인식 기술에 대한 연구 자료와 프로젝트 관리 도구와의 비교 분석 자료가 포함됩니다.\"\n}\n```",
  "quality_metrics": {
    "final_score": 6.0,
    "is_production_ready": true,
    "iterations_used": 3,
    "is_high_quality": false
  },
  "metadata": {
    "source_file": "../batch_triplet_results\\result_TS3010d\\05_final_result.json",
    "utterance_count": 226,
    "transcript_length": 6845,
    "speakers": [
      "Speaker_B",
      "Speaker_D",
      "Speaker_C",
      "Speaker_A"
    ],
    "dataset_type": "train",
    "processing_date": "2025-07-31T15:02:54.271339"
  }
}