{
  "id": "train_168",
  "source_dir": "result_Bmr013_processed",
  "notion_output": "```json\n{\n    \"project_name\": \"다중 채널 음성 데이터 전사 및 인식 시스템 최적화 프로젝트\",\n    \"project_purpose\": \"다양한 회의 데이터를 활용하여 음성 인식 시스템의 정확성을 극대화하고, 전사본의 품질을 혁신적으로 개선\",\n    \"project_period\": \"2024.01.01 ~ 2024.06.30\",\n    \"project_manager\": \"Speaker_E\",\n    \"core_objectives\": [\n        \"목표 1: 다양한 회의 데이터를 수집하고, 이를 기반으로 음성 인식 시스템의 훈련 및 테스트 세트를 구축\",\n        \"목표 2: 전사본의 정확성을 높이기 위한 새로운 전사 기법 및 자동화 도구 개발\",\n        \"목표 3: 다중 채널 데이터를 효과적으로 활용하여 음성 인식의 정밀도 및 효율성 향상\"\n    ],\n    \"core_idea\": \"다양한 회의 데이터의 다중 채널 전사 및 인식을 통해 음성 인식 시스템의 성능을 최적화\",\n    \"idea_description\": \"회의 데이터를 다중 채널 형식으로 전사하고, 이를 통해 음성 인식 시스템의 훈련 및 테스트 세트를 구축하여 인식 정확성을 높이는 기술적 접근. 특히, TI-digits와 같은 표준 훈련 세트를 활용하여 실험을 진행하고, 새로운 전사 기법을 개발하여 데이터의 활용도를 극대화\",\n    \"execution_plan\": [\n        \"1단계: 회의 데이터 수집 및 전사 (2024.01.01 ~ 2024.02.28)\",\n        \"2단계: 다중 채널 전사본 구축 및 검증 (2024.03.01 ~ 2024.04.30)\",\n        \"3단계: 음성 인식 시스템 훈련 및 테스트 (2024.05.01 ~ 2024.06.30)\",\n        \"4단계: 새로운 전사 기법 및 자동화 도구 개발 (2024.03.01 ~ 2024.06.30)\"\n    ],\n    \"expected_effects\": [\n        \"기대효과 1: 음성 인식 시스템의 정확도 향상으로 인한 사용자 만족도 증가\",\n        \"기대효과 2: 전사본의 품질 향상으로 인한 데이터 활용도 증가\",\n        \"기대효과 3: 다중 채널 데이터를 활용한 새로운 전사 기법 개발로 인한 기술적 혁신\",\n        \"기대효과 4: 자동화 도구 개발로 인한 전사 과정의 효율성 및 일관성 향상\"\n    ],\n    \"technical_details\": [\n        \"TI-digits를 활용한 표준 훈련 세트 구성 및 실험\",\n        \"전사본의 정확성을 높이기 위한 필터링 및 자동화 도구 개발\",\n        \"다중 채널 데이터의 노이즈 제거 및 정규화 기법 적용\",\n        \"특정 인물의 역할: Speaker_D는 데이터 입력 및 검증, Speaker_F는 테스트 세트 구성 및 실험\"\n    ],\n    \"roles_and_responsibilities\": {\n        \"Speaker_E\": \"프로젝트 총괄 및 기술적 방향 설정\",\n        \"Speaker_D\": \"데이터 입력 및 검증 담당\",\n        \"Speaker_F\": \"테스트 세트 구성 및 실험 담당\",\n        \"Speaker_B\": \"전사 기법 개발 및 자동화 도구 설계\"\n    }\n}\n```",
  "prd_output": "```json\n{\n    \"overview\": \"파싱된 프로젝트는 회의 내용을 기반으로 프로젝트를 생성하는 시스템입니다. 이 프로젝트는 회의 중 논의된 내용을 자동으로 파싱하여 프로젝트 관리에 필요한 정보를 추출하고, 이를 통해 프로젝트를 체계적으로 관리할 수 있도록 돕습니다. 타겟 사용자는 프로젝트 매니저와 팀원들로, 이 시스템을 통해 회의 후속 작업을 효율적으로 관리할 수 있습니다. 가치 제안은 시간 절약과 프로젝트 관리의 효율성 향상입니다.\",\n    \"core_features\": \"1. 회의 내용 자동 파싱: 회의 중 논의된 내용을 실시간으로 파싱하여 프로젝트 관리에 필요한 정보를 추출합니다. 2. 프로젝트 생성 및 관리: 파싱된 정보를 기반으로 자동으로 프로젝트를 생성하고, 관리할 수 있는 인터페이스를 제공합니다. 3. 알림 및 업데이트: 프로젝트 진행 상황에 대한 알림과 업데이트를 제공합니다.\",\n    \"user_experience\": \"사용자는 회의가 끝난 후 자동으로 생성된 프로젝트를 확인하고, 필요한 수정 및 업데이트를 할 수 있습니다. 주요 페르소나는 프로젝트 매니저와 팀원이며, 주요 플로우는 회의 후 프로젝트 생성 및 관리입니다. UI/UX는 직관적이고 사용하기 쉬운 인터페이스를 제공하여 사용자 경험을 최적화합니다.\",\n    \"technical_architecture\": \"시스템은 클라우드 기반으로 구축되며, 데이터 모델은 회의 내용과 프로젝트 정보를 저장할 수 있도록 설계됩니다. API는 외부 회의 도구와의 통합을 지원하며, 인프라 요구사항은 확장성을 고려하여 설계됩니다.\",\n    \"development_roadmap\": \"MVP 요구사항은 회의 내용 파싱 및 기본적인 프로젝트 생성 기능입니다. 향후 개선사항으로는 고급 분석 및 통합 기능이 포함됩니다. 단계별 개발 범위는 초기 파싱 기능 개발, 프로젝트 생성 기능 추가, 고급 기능 확장으로 나뉩니다.\",\n    \"logical_dependency_chain\": \"개발 순서는 회의 내용 파싱 기능을 먼저 구현하고, 이후 프로젝트 생성 기능을 추가합니다. 기초 기능 우선순위는 파싱 기능이며, 점진적 개발 방식을 통해 기능을 확장합니다.\",\n    \"risks_and_mitigations\": \"기술적 도전은 자연어 처리 기술의 정확성입니다. MVP는 기본 파싱 및 프로젝트 생성 기능으로 정의됩니다. 자원 제약사항은 개발 인력 및 시간입니다.\",\n    \"appendix\": \"추가 정보로는 자연어 처리 기술 연구 결과와 관련 기술 사양이 포함됩니다.\"\n}\n```",
  "quality_metrics": {
    "final_score": 6.0,
    "is_production_ready": true,
    "iterations_used": 3,
    "is_high_quality": false
  },
  "metadata": {
    "source_file": "../batch_triplet_results\\result_Bmr013_processed\\05_final_result.json",
    "utterance_count": 797,
    "transcript_length": 27323,
    "speakers": [
      "Speaker_F",
      "Speaker_A",
      "Speaker_G",
      "Speaker_B",
      "Speaker_E",
      "Speaker_D",
      "Speaker_C"
    ],
    "dataset_type": "train",
    "processing_date": "2025-07-31T14:15:57.277807"
  }
}