{
  "id": "train_088",
  "source_dir": "result_EN2004a",
  "notion_output": "```json\n{\n    \"project_name\": \"회의록 검토 및 개선 프로젝트\",\n    \"project_purpose\": \"회의록의 정확성과 일관성을 개선하여 정보 전달의 효율성을 높이는 것\",\n    \"project_period\": \"2024.02.01 ~ 2024.04.30\",\n    \"project_manager\": \"캐롤라인 헤이스팅스\",\n    \"core_objectives\": [\n        \"목표 1: 회의록의 불확실성과 모호성을 제거하여 명확한 기록을 유지\",\n        \"목표 2: 맞춤법 및 구두점 오류를 최소화하여 문서의 품질 향상\",\n        \"목표 3: 회의록 작성 및 검토 프로세스의 효율성 증대\"\n    ],\n    \"core_idea\": \"회의록의 정확성과 품질을 높이기 위한 체계적인 검토 및 개선 프로세스 구축\",\n    \"idea_description\": \"회의록 작성 시 발생할 수 있는 불확실성, 모호성, 맞춤법 및 구두점 오류를 체계적으로 검토하고 수정하는 프로세스를 구축하여, 정보 전달의 명확성과 효율성을 높인다.\",\n    \"execution_plan\": \"1. 회의록 작성 시 불확실한 부분에 대한 명확한 표시 및 검토 (2024.02.01 ~ 2024.02.28)\\n2. 맞춤법 및 구두점 오류 검토 및 수정 (2024.03.01 ~ 2024.03.31)\\n3. 개선된 프로세스에 대한 교육 및 피드백 수집 (2024.04.01 ~ 2024.04.30)\",\n    \"expected_effects\": [\n        \"기대효과 1: 회의록의 정확성과 일관성이 높아져 정보 전달의 효율성이 향상됨\",\n        \"기대효과 2: 맞춤법 및 구두점 오류가 줄어들어 문서의 품질이 향상됨\",\n        \"기대효과 3: 회의록 작성 및 검토 프로세스의 효율성이 증대되어 업무 처리 속도가 빨라짐\"\n    ]\n}\n```",
  "prd_output": "```json\n{\n    \"overview\": \"파싱된 프로젝트는 회의 내용을 기반으로 한 프로젝트로, 회의에서 논의된 핵심 아이디어와 실행 계획을 체계적으로 관리하고 추적할 수 있도록 돕습니다. 이 프로젝트는 회의에서 나온 아이디어를 효과적으로 실행하고자 하는 팀과 조직을 대상으로 하며, 프로젝트 관리의 효율성을 높이는 것을 목표로 합니다.\",\n    \"core_features\": \"1. 회의 내용 파싱: 회의 내용을 자동으로 파싱하여 주요 아이디어와 실행 계획을 추출합니다. 2. 프로젝트 생성: 파싱된 내용을 기반으로 자동으로 프로젝트를 생성하고 관리할 수 있습니다. 3. 목표 추적: 설정된 목표를 추적하고 진행 상황을 시각적으로 표시합니다.\",\n    \"user_experience\": \"사용자는 회의 내용을 업로드하거나 입력하여 프로젝트를 생성할 수 있습니다. 주요 페르소나는 프로젝트 매니저와 팀 리더로, 이들은 직관적인 UI를 통해 회의 내용을 빠르게 파악하고 프로젝트를 관리할 수 있습니다. 주요 플로우는 회의 내용 입력 -> 파싱 -> 프로젝트 생성 -> 목표 설정 및 추적입니다.\",\n    \"technical_architecture\": \"시스템은 클라우드 기반으로 설계되며, 데이터 모델은 회의 내용, 프로젝트, 목표로 구성됩니다. API는 회의 내용 입력 및 파싱, 프로젝트 생성 및 관리 기능을 제공합니다. 인프라는 AWS를 기반으로 하며, 확장성을 고려한 설계를 채택합니다.\",\n    \"development_roadmap\": \"MVP는 회의 내용 파싱 및 프로젝트 생성 기능을 포함합니다. 이후 목표 추적 기능과 UI/UX 개선을 단계적으로 추가할 계획입니다. 각 단계는 사용자 피드백을 반영하여 개선됩니다.\",\n    \"logical_dependency_chain\": \"1. 회의 내용 파싱 기능 개발 2. 프로젝트 생성 기능 개발 3. 목표 추적 기능 개발 4. UI/UX 개선 및 최적화\",\n    \"risks_and_mitigations\": \"기술적 도전은 자연어 처리 기술의 정확도와 성능입니다. MVP는 핵심 기능에 집중하여 빠르게 시장에 출시할 계획이며, 자원 제약사항은 클라우드 비용과 개발 인력입니다. 이를 위해 초기 단계에서는 최소한의 기능에 집중합니다.\",\n    \"appendix\": \"추가 정보로는 회의 내용 파싱을 위한 자연어 처리 기술 연구 결과와 기술 사양이 포함됩니다.\"\n}\n```",
  "quality_metrics": {
    "final_score": 6.0,
    "is_production_ready": true,
    "iterations_used": 1,
    "is_high_quality": false
  },
  "metadata": {
    "source_file": "../batch_triplet_results\\result_EN2004a\\05_final_result.json",
    "utterance_count": 368,
    "transcript_length": 11333,
    "speakers": [
      "Speaker_A",
      "Speaker_B",
      "Speaker_D",
      "Speaker_C"
    ],
    "dataset_type": "train",
    "processing_date": "2025-07-31T12:31:00.572740"
  }
}