{
  "id": "train_182",
  "source_dir": "result_제22대국회 제427회(임시회) 제1차 문화체육관광위원회(전체회의) (2025.07.22.)",
  "notion_output": "```json\n{\n    \"project_name\": \"문화체육관광부장관후보자 인사청문회 계획\",\n    \"project_purpose\": \"문화체육관광부장관후보자에 대한 인사청문회를 통해 후보자의 자질과 능력을 검증하고, 국민에게 투명하고 공정한 청문회를 제공\",\n    \"project_period\": \"2023.07.16 ~ 2023.07.29\",\n    \"project_manager\": \"위원장 김교흥\",\n    \"core_objectives\": [\n        \"목표 1: 후보자의 자질 및 능력 검증\",\n        \"목표 2: 청문회 관련 자료의 철저한 제출 및 검토\",\n        \"목표 3: 국민에게 투명하고 공정한 청문회 제공\"\n    ],\n    \"core_idea\": \"후보자의 자질과 능력을 검증하기 위한 체계적이고 투명한 인사청문회 진행\",\n    \"idea_description\": \"인사청문회는 후보자의 선서, 모두 발언, 위원들의 질의 및 답변, 후보자의 최종 발언 순으로 진행되며, 자료 제출 요구 및 증인·참고인 출석 요구를 통해 후보자의 자질을 철저히 검증\",\n    \"execution_plan\": \"1. 인사청문회 실시계획서 채택 (2023.07.16)\\n2. 자료 제출 요구 및 검토 (2023.07.16 ~ 2023.07.26)\\n3. 서면 및 구두 질의서 제출 (2023.07.23 ~ 2023.07.28)\\n4. 인사청문회 개최 (2023.07.29)\",\n    \"expected_effects\": [\n        \"기대효과 1: 후보자의 자질과 능력에 대한 명확한 검증을 통해 국민의 신뢰 확보\",\n        \"기대효과 2: 자료 제출 및 검토 과정을 통해 청문회의 투명성 및 공정성 강화\",\n        \"기대효과 3: 청문회 진행을 통해 후보자의 정책 역량 및 공직 수행 능력 평가\"\n    ]\n}\n```",
  "prd_output": "```json\n{\n    \"overview\": \"파싱된 프로젝트는 회의 내용을 기반으로 프로젝트를 관리하는 시스템입니다. 이 프로젝트는 회의에서 논의된 내용을 자동으로 파싱하여 프로젝트로 변환함으로써 사용자의 업무 효율성을 높이는 것을 목표로 합니다. 타겟 사용자는 회의를 자주 진행하는 팀과 프로젝트 매니저들입니다. 이 시스템은 자동화된 프로젝트 생성 및 관리 기능을 통해 시간 절약과 효율적인 작업 관리를 제공합니다.\",\n    \"core_features\": \"주요 기능은 다음과 같습니다: 1) 회의 내용 파싱: 회의에서 논의된 내용을 텍스트로 입력하면 이를 자동으로 분석하여 프로젝트의 태스크로 변환합니다. 2) 프로젝트 생성 및 관리: 파싱된 내용을 기반으로 프로젝트를 자동 생성하고 관리할 수 있는 인터페이스를 제공합니다. 3) 협업 도구 통합: 슬랙, 줌 등의 협업 도구와 연동하여 회의 내용을 자동으로 가져올 수 있습니다.\",\n    \"user_experience\": \"사용자 여정은 회의 후 내용을 입력하고, 자동으로 생성된 프로젝트를 검토 및 수정하는 과정으로 구성됩니다. 주요 페르소나는 프로젝트 매니저와 팀 리더입니다. UI/UX는 직관적이고 간결한 디자인을 채택하여 사용자가 쉽게 접근할 수 있도록 설계됩니다.\",\n    \"technical_architecture\": \"시스템은 클라우드 기반으로 설계되며, 주요 구성 요소는 데이터 파싱 모듈, 프로젝트 관리 모듈, 협업 도구 API 통합 모듈입니다. 데이터 모델은 회의 내용, 프로젝트 태스크, 사용자 정보를 포함합니다. 인프라는 AWS를 기반으로 하며, 확장성을 고려하여 설계됩니다.\",\n    \"development_roadmap\": \"MVP 요구사항은 회의 내용 파싱 및 기본 프로젝트 생성 기능입니다. 향후 개선사항으로는 고급 분석 기능 및 추가 협업 도구 통합이 있습니다. 개발은 세 단계로 나누어 진행됩니다: 1단계 - 기본 파싱 및 프로젝트 생성, 2단계 - 협업 도구 통합, 3단계 - 고급 기능 추가.\",\n    \"logical_dependency_chain\": \"개발 순서는 파싱 기능 개발을 우선으로 하며, 이후 프로젝트 관리 기능, 협업 도구 통합 순으로 진행됩니다. 기초 기능이 완성된 후 점진적으로 고급 기능을 추가합니다.\",\n    \"risks_and_mitigations\": \"기술적 도전은 자연어 처리의 정확성 확보입니다. 이를 위해 머신러닝 모델을 지속적으로 개선합니다. MVP 정의는 기본 파싱 및 프로젝트 생성 기능으로 명확히 하며, 자원 제약사항은 클라우드 비용 관리와 개발 인력 확보입니다.\",\n    \"appendix\": \"추가 정보로는 자연어 처리 연구 자료 및 관련 기술 사양이 포함됩니다. 또한, 협업 도구 API 문서와 시스템 설계 다이어그램이 제공됩니다.\"\n}\n```",
  "quality_metrics": {
    "final_score": 6.0,
    "is_production_ready": true,
    "iterations_used": 1,
    "is_high_quality": false
  },
  "metadata": {
    "source_file": "../batch_triplet_results\\result_제22대국회 제427회(임시회) 제1차 문화체육관광위원회(전체회의) (2025.07.22.)\\05_final_result.json",
    "utterance_count": 75,
    "transcript_length": 5873,
    "speakers": [
      "김윤덕 위원",
      "진종오 위원",
      "박정하 위원",
      "박수현 위원",
      "위원장 김교흥",
      "김승수 위원"
    ],
    "dataset_type": "train",
    "processing_date": "2025-07-31T14:32:14.035983"
  }
}