{
  "id": "train_162",
  "source_dir": "result_Bro005_processed",
  "notion_output": "```json\n{\n    \"project_name\": \"다중 대역 및 TRAPS 기반 신경망 최적화 프로젝트\",\n    \"project_purpose\": \"다양한 데이터베이스와 조건에서 신경망의 성능을 최적화하고, 온라인 정규화를 통해 데이터 처리 성능을 향상시키는 것\",\n    \"project_period\": \"2024.01.01 ~ 2024.06.30\",\n    \"project_manager\": \"Speaker_G\",\n    \"core_objectives\": [\n        \"목표 1: 다양한 데이터베이스에서 신경망의 오류율을 10% 이상 감소\",\n        \"목표 2: 온라인 정규화 기법을 활용하여 데이터 처리 속도 20% 향상\",\n        \"목표 3: 다중 대역 및 TRAPS 시스템을 통해 데이터의 정확도 및 일관성 향상\"\n    ],\n    \"core_idea\": \"다중 대역 및 TRAPS 시스템을 활용한 신경망 최적화\",\n    \"idea_description\": \"다중 대역 및 TRAPS 시스템을 통해 다양한 데이터베이스와 조건에서 신경망의 성능을 최적화하고, 온라인 정규화를 통해 데이터 처리의 효율성을 높인다.\",\n    \"execution_plan\": [\n        {\n            \"phase\": \"1단계\",\n            \"description\": \"데이터 수집 및 분석\",\n            \"period\": \"2024.01.01 ~ 2024.02.15\",\n            \"details\": [\n                \"다양한 데이터베이스의 종류와 특성 분석\",\n                \"회의에서 언급된 실험 결과를 바탕으로 데이터 수집\",\n                \"특히 PLP, MSG, KLT, MLP와 관련된 데이터베이스 분석\"\n            ]\n        },\n        {\n            \"phase\": \"2단계\",\n            \"description\": \"신경망 모델 설계 및 개발\",\n            \"period\": \"2024.02.16 ~ 2024.04.15\",\n            \"details\": [\n                \"멀티밴드와 TRAPS 시스템을 활용한 신경망 모델 설계\",\n                \"회의에서 논의된 KLT, MLP 등의 기술적 세부사항 반영\",\n                \"델타 및 델타-델타 특징을 활용한 신경망 모델링\"\n            ]\n        },\n        {\n            \"phase\": \"3단계\",\n            \"description\": \"온라인 정규화 기법 적용 및 테스트\",\n            \"period\": \"2024.04.16 ~ 2024.05.15\",\n            \"details\": [\n                \"온라인 정규화 기법을 신경망 모델에 적용\",\n                \"다양한 조건에서의 성능 테스트 및 결과 분석\",\n                \"특히 LogRASTA-PLP와 관련된 실험 수행\"\n            ]\n        },\n        {\n            \"phase\": \"4단계\",\n            \"description\": \"최종 검토 및 보고서 작성\",\n            \"period\": \"2024.05.16 ~ 2024.06.30\",\n            \"details\": [\n                \"모든 실험 결과 및 성능 개선 사항 검토\",\n                \"최종 보고서 작성 및 프로젝트 결과 발표\",\n                \"회의에서 논의된 결과와 비교하여 성과 평가\"\n            ]\n        }\n    ],\n    \"expected_effects\": [\n        \"기대효과 1: 신경망의 오류율 감소로 인한 데이터 정확도 향상\",\n        \"기대효과 2: 데이터 처리 속도 향상으로 인한 운영 효율성 증가\",\n        \"기대효과 3: 다양한 조건에서의 일관된 성능으로 인한 시스템 신뢰성 강화\"\n    ],\n    \"additional_notes\": [\n        \"회의에서 언급된 다양한 실험 결과와 데이터베이스 관련 정보를 포함하여 기획안을 작성\",\n        \"프로젝트 관리자의 역할과 책임을 명확히 지정\",\n        \"회의록에서 논의된 기술적 세부사항을 기획안에 반영\",\n        \"특히, 델타 및 델타-델타 특징과 관련된 실험 결과를 반영\"\n    ]\n}\n```",
  "prd_output": "```json\n{\n    \"overview\": \"파싱된 프로젝트는 회의 내용을 기반으로 프로젝트를 생성하는 것을 목적으로 합니다. 이 프로젝트는 회의에서 논의된 내용을 체계적으로 정리하고 관리할 수 있는 솔루션을 제공합니다. 타겟 사용자는 기업의 회의 관리자 및 팀 리더로, 회의 후속 작업을 효율적으로 관리하고자 하는 사용자들입니다. 이 프로젝트는 회의 내용을 자동으로 파싱하여 프로젝트로 변환함으로써 시간 절약과 업무 효율성을 높이는 가치를 제공합니다.\",\n    \"core_features\": \"1. 회의 내용 파싱: 회의에서 논의된 내용을 자동으로 인식하고 파싱하여 프로젝트로 변환합니다. 2. 프로젝트 생성: 파싱된 내용을 기반으로 프로젝트를 자동 생성하고, 관련된 작업 항목을 생성합니다. 3. 사용자 정의 가능성: 사용자가 파싱된 내용을 수정하고, 프로젝트 구조를 커스터마이즈할 수 있습니다.\",\n    \"user_experience\": \"사용자는 회의가 끝난 후, 회의록을 업로드하거나 실시간으로 기록된 내용을 입력합니다. 시스템은 이를 분석하여 프로젝트를 생성합니다. 주요 페르소나는 프로젝트 관리자이며, 이들은 직관적인 UI를 통해 빠르게 프로젝트를 검토하고 수정할 수 있습니다. UI/UX는 사용의 용이성과 직관성을 중점으로 설계됩니다.\",\n    \"technical_architecture\": \"시스템은 자연어 처리(NLP) 모듈을 통해 회의 내용을 분석합니다. 데이터 모델은 회의 내용, 프로젝트 구조, 작업 항목으로 구성됩니다. API는 외부 회의록 서비스와의 연동을 지원하며, 클라우드 기반 인프라를 통해 확장성을 제공합니다.\",\n    \"development_roadmap\": \"MVP는 회의 내용 파싱 및 기본 프로젝트 생성 기능을 포함합니다. 이후 사용자 피드백을 반영하여 사용자 정의 기능 및 외부 서비스 연동을 개선할 계획입니다. 단계별로 기능을 확장하며, 초기에는 핵심 기능에 집중합니다.\",\n    \"logical_dependency_chain\": \"1. 자연어 처리 모듈 개발 2. 프로젝트 생성 엔진 구축 3. 사용자 인터페이스 설계 4. 외부 서비스 연동 개발. 각 단계는 이전 단계의 완성을 기반으로 진행되며, 기초 기능이 우선적으로 개발됩니다.\",\n    \"risks_and_mitigations\": \"기술적 도전은 자연어 처리의 정확도와 관련이 있으며, 이를 위해 최신 NLP 기술을 활용합니다. MVP는 핵심 기능에 집중하여 자원 제약을 최소화합니다. 자원 부족 시 외부 전문가와의 협력을 고려합니다.\",\n    \"appendix\": \"추가 정보로는 NLP 기술에 대한 최신 연구 결과와 관련 기술 사양이 포함됩니다. 또한, 사용자 피드백을 기반으로 한 초기 프로토타입 테스트 결과가 제공됩니다.\"\n}\n```",
  "quality_metrics": {
    "final_score": 6.0,
    "is_production_ready": true,
    "iterations_used": 3,
    "is_high_quality": false
  },
  "metadata": {
    "source_file": "../batch_triplet_results\\result_Bro005_processed\\05_final_result.json",
    "utterance_count": 670,
    "transcript_length": 22287,
    "speakers": [
      "Speaker_F",
      "Speaker_A",
      "Speaker_G",
      "Speaker_B",
      "Speaker_E",
      "Speaker_D",
      "Speaker_C"
    ],
    "dataset_type": "train",
    "processing_date": "2025-07-31T14:08:01.070329"
  }
}