{
  "id": "train_146",
  "source_dir": "result_ES2016a",
  "notion_output": "```json\n{\n    \"project_name\": \"트렌디한 다기능 TV 리모컨 개발\",\n    \"project_purpose\": \"패션을 중시하는 전자 회사의 브랜드 이미지에 부합하는 트렌디하고 사용하기 쉬운 TV 리모컨을 개발하여 시장 경쟁력을 강화한다.\",\n    \"project_period\": \"2025.01.01 ~ 2025.03.31\",\n    \"project_manager\": \"Nick Debusk\",\n    \"core_objectives\": [\n        \"목표 1: 사용자 요구 사항을 충족하는 리모컨 기능 설계\",\n        \"목표 2: 최신 트렌드를 반영한 개념적 디자인 개발\",\n        \"목표 3: 글로벌 시장을 겨냥한 보편적이고 혁신적인 제품 디자인\"\n    ],\n    \"core_idea\": \"공 모양의 다기능 리모컨\",\n    \"idea_description\": \"리모컨을 공 모양으로 디자인하여 사용자들이 던지거나 쉽게 찾을 수 있는 재미 요소를 추가하고, 내부에 작은 키보드와 같은 조작 장치를 탑재하여 다양한 기능을 제공한다.\",\n    \"execution_plan\": {\n        \"단계 1: 기능 설계\": \"사용자 요구 사항 명세 및 조사 (2025.01.01 ~ 2025.01.15)\",\n        \"단계 2: 개념 설계\": \"트렌드 분석 및 마케팅 조사 (2025.01.16 ~ 2025.02.15)\",\n        \"단계 3: 상세 설계\": \"제품 평가 및 요구 사항 순위화 (2025.02.16 ~ 2025.03.15)\",\n        \"단계 4: 최종 검토 및 출시 준비\": \"디자인 검토 및 제품 출시 준비 (2025.03.16 ~ 2025.03.31)\"\n    },\n    \"expected_effects\": [\n        \"기대효과 1: 사용자 친화적인 디자인으로 고객 만족도 향상\",\n        \"기대효과 2: 혁신적인 디자인을 통한 브랜드 이미지 제고\",\n        \"기대효과 3: 글로벌 시장에서의 경쟁력 강화 및 매출 증대\"\n    ]\n}\n```",
  "prd_output": "```json\n{\n    \"overview\": \"파싱된 프로젝트는 회의 내용을 기반으로 프로젝트를 생성하고 관리하는 시스템입니다. 이 프로젝트는 회의에서 논의된 사항을 자동으로 파싱하여 프로젝트로 변환함으로써 사용자의 생산성을 높이고, 프로젝트 관리의 효율성을 증대시키는 것을 목표로 합니다. 타겟 사용자는 주로 회의를 자주 진행하는 팀 리더 및 프로젝트 매니저이며, 이들에게 자동화된 프로젝트 생성 및 관리의 가치를 제공합니다.\",\n    \"core_features\": \"1. 회의 내용 파싱: 회의 내용을 자동으로 분석하여 프로젝트의 주요 요소를 추출합니다. 2. 프로젝트 생성: 파싱된 데이터를 기반으로 프로젝트를 자동 생성합니다. 3. 목표 설정: 추출된 데이터를 통해 프로젝트의 핵심 목표를 자동으로 설정합니다. 4. 실행 계획 수립: 파싱된 정보를 바탕으로 실행 계획을 자동으로 제안합니다.\",\n    \"user_experience\": \"사용자는 회의 내용을 시스템에 입력하거나 음성 인식 기능을 통해 자동으로 기록할 수 있습니다. 이후 시스템은 자동으로 내용을 파싱하여 프로젝트를 생성합니다. 주요 사용자 페르소나는 프로젝트 매니저이며, UI/UX는 직관적이고 사용자가 쉽게 접근할 수 있도록 설계됩니다.\",\n    \"technical_architecture\": \"시스템은 자연어 처리(NLP) 기술을 활용하여 회의 내용을 파싱합니다. 데이터 모델은 회의 내용, 프로젝트 목표, 실행 계획 등의 정보를 저장하며, API는 외부 회의 기록 시스템과의 연동을 지원합니다. 인프라는 클라우드 기반으로 확장성을 고려하여 설계됩니다.\",\n    \"development_roadmap\": \"1단계: MVP 개발 - 회의 내용 파싱 및 기본 프로젝트 생성 기능 구현. 2단계: 고급 기능 추가 - 목표 설정 및 실행 계획 자동화. 3단계: 외부 시스템 연동 및 사용자 피드백 반영.\",\n    \"logical_dependency_chain\": \"첫 번째로 회의 내용을 파싱하는 기능이 개발되어야 하며, 그 다음으로 파싱된 데이터를 기반으로 프로젝트를 생성하는 기능이 필요합니다. 이후 목표 설정 및 실행 계획 수립 기능이 점진적으로 추가됩니다.\",\n    \"risks_and_mitigations\": \"기술적 도전은 자연어 처리의 정확도와 관련이 있으며, 이를 위해 최신 NLP 알고리즘을 활용합니다. MVP는 기본적인 파싱 및 프로젝트 생성 기능으로 정의되며, 자원 제약사항은 클라우드 인프라를 통해 완화됩니다.\",\n    \"appendix\": \"추가 정보로는 NLP 기술에 대한 연구 결과 및 관련 기술 사양이 포함됩니다.\"\n}\n```",
  "quality_metrics": {
    "final_score": 6.0,
    "is_production_ready": true,
    "iterations_used": 1,
    "is_high_quality": false
  },
  "metadata": {
    "source_file": "../batch_triplet_results\\result_ES2016a\\05_final_result.json",
    "utterance_count": 133,
    "transcript_length": 4768,
    "speakers": [
      "Speaker_B",
      "Speaker_D",
      "Speaker_C",
      "Speaker_A"
    ],
    "dataset_type": "train",
    "processing_date": "2025-07-31T13:46:08.985922"
  }
}